window_start,Bathroom,Bedroom,DiningRoom,Kitchen,LivingRoom,OutsideDoor,total_events,n_sensors_active,tod_sin,tod_cos,dow,is_inactive
2012-07-18 12:00:00,2.0,7.0,2.0,9.0,7.0,3.0,30.0,6.0,1.2246467991473532e-16,-1.0,2,0
2012-07-18 13:00:00,0.0,0.0,0.0,0.0,0.0,0.0,0.0,0.0,-0.2588190451025208,-0.9659258262890683,2,1
2012-07-18 14:00:00,0.0,0.0,0.0,0.0,0.0,0.0,0.0,0.0,-0.4999999999999997,-0.8660254037844388,2,1
2012-07-18 15:00:00,0.0,0.0,0.0,0.0,0.0,0.0,0.0,0.0,-0.7071067811865471,-0.7071067811865479,2,1
2012-07-18 16:00:00,0.0,0.0,0.0,0.0,0.0,0.0,0.0,0.0,-0.8660254037844385,-0.5000000000000004,2,1
2012-07-18 17:00:00,0.0,0.0,0.0,0.0,0.0,0.0,0.0,0.0,-0.9659258262890683,-0.25881904510252063,2,1
2012-07-18 18:00:00,0.0,0.0,0.0,0.0,0.0,0.0,0.0,0.0,-1.0,-1.8369701987210297e-16,2,1
2012-07-18 19:00:00,0.0,0.0,0.0,0.0,0.0,0.0,0.0,0.0,-0.9659258262890684,0.2588190451025203,2,1
2012-07-18 20:00:00,0.0,0.0,0.0,0.0,0.0,0.0,0.0,0.0,-0.8660254037844386,0.5000000000000001,2,1
2012-07-18 21:00:00,0.0,0.0,0.0,0.0,0.0,0.0,0.0,0.0,-0.7071067811865477,0.7071067811865474,2,1
2012-07-18 22:00:00,0.0,0.0,0.0,0.0,0.0,0.0,0.0,0.0,-0.5000000000000004,0.8660254037844384,2,1
2012-07-18 23:00:00,0.0,0.0,0.0,0.0,0.0,0.0,0.0,0.0,-0.25881904510252157,0.9659258262890681,2,1
2012-07-19 00:00:00,0.0,0.0,0.0,0.0,0.0,0.0,0.0,0.0,0.0,1.0,3,1
2012-07-19 01:00:00,0.0,0.0,0.0,0.0,0.0,0.0,0.0,0.0,0.25881904510252074,0.9659258262890683,3,1
2012-07-19 02:00:00,0.0,0.0,0.0,0.0,0.0,0.0,0.0,0.0,0.49999999999999994,0.8660254037844387,3,1
2012-07-19 03:00:00,0.0,0.0,0.0,0.0,0.0,0.0,0.0,0.0,0.7071067811865476,0.7071067811865476,3,1
2012-07-19 04:00:00,0.0,0.0,0.0,0.0,0.0,0.0,0.0,0.0,0.8660254037844386,0.5000000000000001,3,1
2012-07-19 05:00:00,0.0,0.0,0.0,0.0,0.0,0.0,0.0,0.0,0.9659258262890683,0.25881904510252074,3,1
2012-07-19 06:00:00,0.0,0.0,0.0,0.0,0.0,0.0,0.0,0.0,1.0,6.123233995736766e-17,3,1
2012-07-19 07:00:00,0.0,0.0,0.0,0.0,0.0,0.0,0.0,0.0,0.9659258262890683,-0.25881904510252063,3,1
2012-07-19 08:00:00,0.0,0.0,0.0,0.0,0.0,0.0,0.0,0.0,0.8660254037844387,-0.4999999999999998,3,1
2012-07-19 09:00:00,0.0,0.0,0.0,0.0,0.0,0.0,0.0,0.0,0.7071067811865476,-0.7071067811865475,3,1
2012-07-19 10:00:00,0.0,0.0,0.0,0.0,0.0,0.0,0.0,0.0,0.49999999999999994,-0.8660254037844387,3,1
2012-07-19 11:00:00,0.0,0.0,0.0,0.0,0.0,0.0,0.0,0.0,0.258819045102521,-0.9659258262890682,3,1
2012-07-19 12:00:00,0.0,0.0,0.0,0.0,0.0,0.0,0.0,0.0,1.2246467991473532e-16,-1.0,3,1
2012-07-19 13:00:00,0.0,0.0,0.0,0.0,0.0,0.0,0.0,0.0,-0.2588190451025208,-0.9659258262890683,3,1
2012-07-19 14:00:00,0.0,0.0,0.0,0.0,0.0,0.0,0.0,0.0,-0.4999999999999997,-0.8660254037844388,3,1
2012-07-19 15:00:00,0.0,0.0,0.0,0.0,0.0,0.0,0.0,0.0,-0.7071067811865471,-0.7071067811865479,3,1
2012-07-19 16:00:00,0.0,0.0,0.0,0.0,0.0,0.0,0.0,0.0,-0.8660254037844385,-0.5000000000000004,3,1
2012-07-19 17:00:00,0.0,0.0,0.0,0.0,0.0,0.0,0.0,0.0,-0.9659258262890683,-0.25881904510252063,3,1
2012-07-19 18:00:00,0.0,0.0,0.0,0.0,0.0,0.0,0.0,0.0,-1.0,-1.8369701987210297e-16,3,1
2012-07-19 19:00:00,0.0,0.0,0.0,0.0,0.0,0.0,0.0,0.0,-0.9659258262890684,0.2588190451025203,3,1
2012-07-19 20:00:00,0.0,0.0,0.0,0.0,0.0,0.0,0.0,0.0,-0.8660254037844386,0.5000000000000001,3,1
2012-07-19 21:00:00,0.0,0.0,0.0,0.0,0.0,0.0,0.0,0.0,-0.7071067811865477,0.7071067811865474,3,1
2012-07-19 22:00:00,0.0,0.0,0.0,0.0,0.0,0.0,0.0,0.0,-0.5000000000000004,0.8660254037844384,3,1
2012-07-19 23:00:00,0.0,0.0,0.0,0.0,0.0,0.0,0.0,0.0,-0.25881904510252157,0.9659258262890681,3,1
2012-07-20 00:00:00,0.0,0.0,0.0,0.0,0.0,0.0,0.0,0.0,0.0,1.0,4,1
2012-07-20 01:00:00,0.0,0.0,0.0,0.0,0.0,0.0,0.0,0.0,0.25881904510252074,0.9659258262890683,4,1
2012-07-20 02:00:00,0.0,0.0,0.0,0.0,0.0,0.0,0.0,0.0,0.49999999999999994,0.8660254037844387,4,1
2012-07-20 03:00:00,0.0,0.0,0.0,0.0,0.0,0.0,0.0,0.0,0.7071067811865476,0.7071067811865476,4,1
2012-07-20 04:00:00,0.0,0.0,0.0,0.0,0.0,0.0,0.0,0.0,0.8660254037844386,0.5000000000000001,4,1
2012-07-20 05:00:00,0.0,0.0,0.0,0.0,0.0,0.0,0.0,0.0,0.9659258262890683,0.25881904510252074,4,1
2012-07-20 06:00:00,0.0,0.0,0.0,0.0,0.0,0.0,0.0,0.0,1.0,6.123233995736766e-17,4,1
2012-07-20 07:00:00,0.0,0.0,0.0,0.0,0.0,0.0,0.0,0.0,0.9659258262890683,-0.25881904510252063,4,1
2012-07-20 08:00:00,0.0,0.0,0.0,0.0,0.0,0.0,0.0,0.0,0.8660254037844387,-0.4999999999999998,4,1
2012-07-20 09:00:00,0.0,0.0,0.0,0.0,0.0,0.0,0.0,0.0,0.7071067811865476,-0.7071067811865475,4,1
2012-07-20 10:00:00,1.0,17.0,4.0,9.0,105.0,87.0,223.0,6.0,0.49999999999999994,-0.8660254037844387,4,0
2012-07-20 11:00:00,35.0,160.0,73.0,201.0,976.0,151.0,1596.0,6.0,0.258819045102521,-0.9659258262890682,4,0
2012-07-20 12:00:00,104.0,16.0,0.0,0.0,122.0,24.0,266.0,4.0,1.2246467991473532e-16,-1.0,4,0
2012-07-20 13:00:00,4.0,2.0,0.0,0.0,34.0,12.0,52.0,4.0,-0.2588190451025208,-0.9659258262890683,4,0
2012-07-20 14:00:00,26.0,4.0,0.0,0.0,54.0,8.0,92.0,4.0,-0.4999999999999997,-0.8660254037844388,4,0
2012-07-20 15:00:00,0.0,0.0,16.0,52.0,36.0,0.0,104.0,3.0,-0.7071067811865471,-0.7071067811865479,4,0
2012-07-20 16:00:00,0.0,0.0,0.0,0.0,8.0,0.0,8.0,1.0,-0.8660254037844385,-0.5000000000000004,4,0
2012-07-20 17:00:00,202.0,110.0,0.0,2.0,36.0,4.0,354.0,5.0,-0.9659258262890683,-0.25881904510252063,4,0
2012-07-20 18:00:00,0.0,16.0,0.0,0.0,22.0,12.0,50.0,3.0,-1.0,-1.8369701987210297e-16,4,0
2012-07-20 19:00:00,0.0,0.0,0.0,0.0,52.0,8.0,60.0,2.0,-0.9659258262890684,0.2588190451025203,4,0
2012-07-20 20:00:00,0.0,0.0,0.0,0.0,42.0,2.0,44.0,2.0,-0.8660254037844386,0.5000000000000001,4,0
2012-07-20 21:00:00,34.0,140.0,4.0,46.0,44.0,4.0,272.0,6.0,-0.7071067811865477,0.7071067811865474,4,0
2012-07-20 22:00:00,0.0,0.0,0.0,0.0,4.0,0.0,4.0,1.0,-0.5000000000000004,0.8660254037844384,4,0
2012-07-20 23:00:00,0.0,0.0,0.0,0.0,0.0,0.0,0.0,0.0,-0.25881904510252157,0.9659258262890681,4,1
2012-07-21 00:00:00,26.0,82.0,0.0,0.0,22.0,4.0,134.0,4.0,0.0,1.0,5,0
2012-07-21 01:00:00,0.0,0.0,0.0,0.0,0.0,0.0,0.0,0.0,0.25881904510252074,0.9659258262890683,5,1
2012-07-21 02:00:00,0.0,0.0,0.0,0.0,0.0,0.0,0.0,0.0,0.49999999999999994,0.8660254037844387,5,1
2012-07-21 03:00:00,0.0,0.0,0.0,0.0,0.0,0.0,0.0,0.0,0.7071067811865476,0.7071067811865476,5,1
2012-07-21 04:00:00,0.0,2.0,0.0,0.0,0.0,0.0,2.0,1.0,0.8660254037844386,0.5000000000000001,5,0
2012-07-21 05:00:00,0.0,0.0,0.0,0.0,0.0,0.0,0.0,0.0,0.9659258262890683,0.25881904510252074,5,1
2012-07-21 06:00:00,26.0,86.0,2.0,38.0,90.0,14.0,256.0,6.0,1.0,6.123233995736766e-17,5,0
2012-07-21 07:00:00,56.0,106.0,0.0,0.0,72.0,0.0,234.0,3.0,0.9659258262890683,-0.25881904510252063,5,0
2012-07-21 08:00:00,0.0,0.0,0.0,0.0,0.0,2.0,2.0,1.0,0.8660254037844387,-0.4999999999999998,5,0
2012-07-21 09:00:00,0.0,2.0,0.0,0.0,2.0,0.0,4.0,2.0,0.7071067811865476,-0.7071067811865475,5,0
2012-07-21 10:00:00,30.0,0.0,2.0,212.0,96.0,2.0,342.0,5.0,0.49999999999999994,-0.8660254037844387,5,0
2012-07-21 11:00:00,0.0,2.0,0.0,2.0,206.0,0.0,210.0,3.0,0.258819045102521,-0.9659258262890682,5,0
2012-07-21 12:00:00,264.0,136.0,0.0,0.0,186.0,10.0,596.0,4.0,1.2246467991473532e-16,-1.0,5,0
2012-07-21 13:00:00,0.0,0.0,8.0,94.0,314.0,8.0,424.0,4.0,-0.2588190451025208,-0.9659258262890683,5,0
2012-07-21 14:00:00,0.0,40.0,12.0,120.0,80.0,24.0,276.0,5.0,-0.4999999999999997,-0.8660254037844388,5,0
2012-07-21 15:00:00,0.0,0.0,4.0,50.0,58.0,18.0,130.0,4.0,-0.7071067811865471,-0.7071067811865479,5,0
2012-07-21 16:00:00,24.0,6.0,0.0,0.0,66.0,22.0,118.0,4.0,-0.8660254037844385,-0.5000000000000004,5,0
2012-07-21 17:00:00,2.0,98.0,4.0,16.0,172.0,24.0,316.0,6.0,-0.9659258262890683,-0.25881904510252063,5,0
2012-07-21 18:00:00,0.0,0.0,0.0,0.0,202.0,0.0,202.0,1.0,-1.0,-1.8369701987210297e-16,5,0
2012-07-21 19:00:00,22.0,4.0,44.0,14.0,148.0,2.0,234.0,6.0,-0.9659258262890684,0.2588190451025203,5,0
2012-07-21 20:00:00,0.0,0.0,0.0,0.0,20.0,0.0,20.0,1.0,-0.8660254037844386,0.5000000000000001,5,0
2012-07-21 21:00:00,20.0,8.0,3.0,29.0,62.0,2.0,124.0,6.0,-0.7071067811865477,0.7071067811865474,5,0
2012-07-21 22:00:00,0.0,0.0,1.0,1.0,78.0,0.0,80.0,3.0,-0.5000000000000004,0.8660254037844384,5,0
2012-07-21 23:00:00,114.0,169.0,6.0,52.0,82.0,12.0,435.0,6.0,-0.25881904510252157,0.9659258262890681,5,0
2012-07-22 00:00:00,0.0,45.0,0.0,0.0,0.0,0.0,45.0,1.0,0.0,1.0,6,0
2012-07-22 01:00:00,0.0,4.0,0.0,0.0,0.0,0.0,4.0,1.0,0.25881904510252074,0.9659258262890683,6,0
2012-07-22 02:00:00,0.0,22.0,0.0,0.0,0.0,0.0,22.0,1.0,0.49999999999999994,0.8660254037844387,6,0
2012-07-22 03:00:00,50.0,78.0,0.0,0.0,0.0,0.0,128.0,2.0,0.7071067811865476,0.7071067811865476,6,0
2012-07-22 04:00:00,0.0,6.0,0.0,0.0,0.0,2.0,8.0,2.0,0.8660254037844386,0.5000000000000001,6,0
2012-07-22 05:00:00,0.0,4.0,0.0,0.0,0.0,0.0,4.0,1.0,0.9659258262890683,0.25881904510252074,6,0
2012-07-22 06:00:00,52.0,44.0,6.0,56.0,74.0,20.0,252.0,6.0,1.0,6.123233995736766e-17,6,0
2012-07-22 07:00:00,0.0,0.0,0.0,0.0,56.0,0.0,56.0,1.0,0.9659258262890683,-0.25881904510252063,6,0
2012-07-22 08:00:00,72.0,6.0,8.0,124.0,140.0,6.0,356.0,6.0,0.8660254037844387,-0.4999999999999998,6,0
2012-07-22 09:00:00,0.0,0.0,0.0,0.0,226.0,0.0,226.0,1.0,0.7071067811865476,-0.7071067811865475,6,0
2012-07-22 10:00:00,197.0,266.0,68.0,130.0,130.0,4.0,795.0,6.0,0.49999999999999994,-0.8660254037844387,6,0
2012-07-22 11:00:00,95.0,102.0,0.0,0.0,76.0,6.0,279.0,4.0,0.258819045102521,-0.9659258262890682,6,0
2012-07-22 12:00:00,0.0,0.0,4.0,60.0,156.0,16.0,236.0,4.0,1.2246467991473532e-16,-1.0,6,0
2012-07-22 13:00:00,0.0,0.0,0.0,0.0,32.0,0.0,32.0,1.0,-0.2588190451025208,-0.9659258262890683,6,0
2012-07-22 14:00:00,0.0,0.0,0.0,0.0,76.0,0.0,76.0,1.0,-0.4999999999999997,-0.8660254037844388,6,0
2012-07-22 15:00:00,34.0,2.0,0.0,0.0,76.0,22.0,134.0,4.0,-0.7071067811865471,-0.7071067811865479,6,0
2012-07-22 16:00:00,0.0,0.0,0.0,0.0,0.0,0.0,0.0,0.0,-0.8660254037844385,-0.5000000000000004,6,1
2012-07-22 17:00:00,22.0,76.0,0.0,2.0,22.0,12.0,134.0,5.0,-0.9659258262890683,-0.25881904510252063,6,0
2012-07-22 18:00:00,0.0,0.0,0.0,2.0,0.0,4.0,6.0,2.0,-1.0,-1.8369701987210297e-16,6,0
2012-07-22 19:00:00,0.0,0.0,0.0,0.0,56.0,4.0,60.0,2.0,-0.9659258262890684,0.2588190451025203,6,0
2012-07-22 20:00:00,0.0,0.0,0.0,0.0,22.0,0.0,22.0,1.0,-0.8660254037844386,0.5000000000000001,6,0
2012-07-22 21:00:00,38.0,6.0,8.0,196.0,280.0,4.0,532.0,6.0,-0.7071067811865477,0.7071067811865474,6,0
2012-07-22 22:00:00,0.0,0.0,0.0,0.0,290.0,0.0,290.0,1.0,-0.5000000000000004,0.8660254037844384,6,0
2012-07-22 23:00:00,12.0,166.0,8.0,86.0,234.0,6.0,512.0,6.0,-0.25881904510252157,0.9659258262890681,6,0
2012-07-23 00:00:00,92.0,64.0,0.0,0.0,0.0,0.0,156.0,2.0,0.0,1.0,0,0
2012-07-23 01:00:00,0.0,4.0,0.0,0.0,0.0,0.0,4.0,1.0,0.25881904510252074,0.9659258262890683,0,0
2012-07-23 02:00:00,26.0,122.0,0.0,0.0,0.0,0.0,148.0,2.0,0.49999999999999994,0.8660254037844387,0,0
2012-07-23 03:00:00,0.0,2.0,0.0,0.0,0.0,0.0,2.0,1.0,0.7071067811865476,0.7071067811865476,0,0
2012-07-23 04:00:00,0.0,2.0,0.0,0.0,0.0,0.0,2.0,1.0,0.8660254037844386,0.5000000000000001,0,0
2012-07-23 05:00:00,0.0,0.0,0.0,0.0,0.0,0.0,0.0,0.0,0.9659258262890683,0.25881904510252074,0,1
2012-07-23 06:00:00,0.0,0.0,0.0,0.0,0.0,0.0,0.0,0.0,1.0,6.123233995736766e-17,0,1
2012-07-23 07:00:00,0.0,4.0,0.0,0.0,0.0,0.0,4.0,1.0,0.9659258262890683,-0.25881904510252063,0,0
2012-07-23 08:00:00,42.0,50.0,6.0,40.0,104.0,14.0,256.0,6.0,0.8660254037844387,-0.4999999999999998,0,0
2012-07-23 09:00:00,32.0,4.0,12.0,282.0,112.0,2.0,444.0,6.0,0.7071067811865476,-0.7071067811865475,0,0
2012-07-23 10:00:00,4.0,92.0,8.0,102.0,108.0,2.0,316.0,6.0,0.49999999999999994,-0.8660254037844387,0,0
2012-07-23 11:00:00,226.0,200.0,0.0,0.0,282.0,22.0,730.0,4.0,0.258819045102521,-0.9659258262890682,0,0
2012-07-23 12:00:00,1.0,1.0,2.0,0.0,228.0,10.0,242.0,5.0,1.2246467991473532e-16,-1.0,0,0
2012-07-23 13:00:00,51.0,3.0,4.0,18.0,286.0,2.0,364.0,6.0,-0.2588190451025208,-0.9659258262890683,0,0
2012-07-23 14:00:00,22.0,68.0,0.0,2.0,288.0,14.0,394.0,5.0,-0.4999999999999997,-0.8660254037844388,0,0
2012-07-23 15:00:00,0.0,0.0,0.0,0.0,0.0,0.0,0.0,0.0,-0.7071067811865471,-0.7071067811865479,0,1
2012-07-23 16:00:00,32.0,28.0,18.0,18.0,128.0,16.0,240.0,6.0,-0.8660254037844385,-0.5000000000000004,0,0
2012-07-23 17:00:00,0.0,0.0,0.0,0.0,148.0,0.0,148.0,1.0,-0.9659258262890683,-0.25881904510252063,0,0
2012-07-23 18:00:00,38.0,4.0,24.0,280.0,116.0,8.0,470.0,6.0,-1.0,-1.8369701987210297e-16,0,0
2012-07-23 19:00:00,0.0,0.0,4.0,30.0,40.0,0.0,74.0,3.0,-0.9659258262890684,0.2588190451025203,0,0
2012-07-23 20:00:00,0.0,0.0,0.0,0.0,44.0,0.0,44.0,1.0,-0.8660254037844386,0.5000000000000001,0,0
2012-07-23 21:00:00,0.0,0.0,0.0,0.0,62.0,0.0,62.0,1.0,-0.7071067811865477,0.7071067811865474,0,0
2012-07-23 22:00:00,0.0,0.0,0.0,0.0,26.0,0.0,26.0,1.0,-0.5000000000000004,0.8660254037844384,0,0
2012-07-23 23:00:00,132.0,256.0,6.0,60.0,54.0,16.0,524.0,6.0,-0.25881904510252157,0.9659258262890681,0,0
2012-07-24 00:00:00,0.0,32.0,0.0,0.0,0.0,0.0,32.0,1.0,0.0,1.0,1,0
2012-07-24 01:00:00,0.0,0.0,0.0,0.0,0.0,0.0,0.0,0.0,0.25881904510252074,0.9659258262890683,1,1
2012-07-24 02:00:00,0.0,2.0,0.0,0.0,0.0,0.0,2.0,1.0,0.49999999999999994,0.8660254037844387,1,0
2012-07-24 03:00:00,0.0,0.0,0.0,0.0,0.0,0.0,0.0,0.0,0.7071067811865476,0.7071067811865476,1,1
2012-07-24 04:00:00,66.0,92.0,0.0,0.0,0.0,0.0,158.0,2.0,0.8660254037844386,0.5000000000000001,1,0
2012-07-24 05:00:00,0.0,0.0,0.0,0.0,0.0,0.0,0.0,0.0,0.9659258262890683,0.25881904510252074,1,1
2012-07-24 06:00:00,0.0,8.0,0.0,0.0,0.0,0.0,8.0,1.0,1.0,6.123233995736766e-17,1,0
2012-07-24 07:00:00,42.0,58.0,8.0,56.0,82.0,18.0,264.0,6.0,0.9659258262890683,-0.25881904510252063,1,0
2012-07-24 08:00:00,46.0,4.0,6.0,238.0,112.0,2.0,408.0,6.0,0.8660254037844387,-0.4999999999999998,1,0
2012-07-24 09:00:00,2.0,55.0,2.0,120.0,86.0,0.0,265.0,5.0,0.7071067811865476,-0.7071067811865475,1,0
2012-07-24 10:00:00,294.0,179.0,22.0,30.0,88.0,34.0,647.0,6.0,0.49999999999999994,-0.8660254037844387,1,0
2012-07-24 11:00:00,76.0,2.0,4.0,30.0,76.0,10.0,198.0,6.0,0.258819045102521,-0.9659258262890682,1,0
2012-07-24 12:00:00,0.0,0.0,2.0,12.0,90.0,12.0,116.0,4.0,1.2246467991473532e-16,-1.0,1,0
2012-07-24 13:00:00,0.0,0.0,0.0,0.0,0.0,0.0,0.0,0.0,-0.2588190451025208,-0.9659258262890683,1,1
2012-07-24 14:00:00,34.0,4.0,0.0,0.0,48.0,12.0,98.0,4.0,-0.4999999999999997,-0.8660254037844388,1,0
2012-07-24 15:00:00,62.0,4.0,18.0,72.0,90.0,2.0,248.0,6.0,-0.7071067811865471,-0.7071067811865479,1,0
2012-07-24 16:00:00,0.0,0.0,0.0,0.0,2.0,0.0,2.0,1.0,-0.8660254037844385,-0.5000000000000004,1,0
2012-07-24 17:00:00,40.0,4.0,0.0,0.0,30.0,12.0,86.0,4.0,-0.9659258262890683,-0.25881904510252063,1,0
2012-07-24 18:00:00,0.0,0.0,0.0,0.0,18.0,8.0,26.0,2.0,-1.0,-1.8369701987210297e-16,1,0
2012-07-24 19:00:00,0.0,0.0,0.0,0.0,8.0,0.0,8.0,1.0,-0.9659258262890684,0.2588190451025203,1,0
2012-07-24 20:00:00,0.0,0.0,2.0,66.0,68.0,0.0,136.0,3.0,-0.8660254037844386,0.5000000000000001,1,0
2012-07-24 21:00:00,0.0,0.0,0.0,0.0,0.0,0.0,0.0,0.0,-0.7071067811865477,0.7071067811865474,1,1
2012-07-24 22:00:00,28.0,116.0,4.0,48.0,42.0,2.0,240.0,6.0,-0.5000000000000004,0.8660254037844384,1,0
2012-07-24 23:00:00,0.0,0.0,0.0,0.0,204.0,0.0,204.0,1.0,-0.25881904510252157,0.9659258262890681,1,0
2012-07-25 00:00:00,28.0,42.0,0.0,0.0,204.0,4.0,278.0,4.0,0.0,1.0,2,0
2012-07-25 01:00:00,0.0,8.0,0.0,0.0,0.0,0.0,8.0,1.0,0.25881904510252074,0.9659258262890683,2,0
2012-07-25 02:00:00,0.0,0.0,0.0,2.0,0.0,0.0,2.0,1.0,0.49999999999999994,0.8660254037844387,2,0
2012-07-25 03:00:00,0.0,0.0,0.0,0.0,0.0,0.0,0.0,0.0,0.7071067811865476,0.7071067811865476,2,1
2012-07-25 04:00:00,0.0,0.0,0.0,0.0,0.0,0.0,0.0,0.0,0.8660254037844386,0.5000000000000001,2,1
2012-07-25 05:00:00,0.0,2.0,0.0,0.0,0.0,0.0,2.0,1.0,0.9659258262890683,0.25881904510252074,2,0
2012-07-25 06:00:00,0.0,20.0,0.0,0.0,0.0,0.0,20.0,1.0,1.0,6.123233995736766e-17,2,0
2012-07-25 07:00:00,46.0,24.0,4.0,44.0,151.0,24.0,293.0,6.0,0.9659258262890683,-0.25881904510252063,2,0
2012-07-25 08:00:00,40.0,4.0,2.0,350.0,203.0,4.0,603.0,6.0,0.8660254037844387,-0.4999999999999998,2,0
2012-07-25 09:00:00,0.0,0.0,0.0,2.0,164.0,0.0,166.0,2.0,0.7071067811865476,-0.7071067811865475,2,0
2012-07-25 10:00:00,244.0,224.0,4.0,26.0,126.0,16.0,640.0,6.0,0.49999999999999994,-0.8660254037844387,2,0
2012-07-25 11:00:00,0.0,0.0,0.0,0.0,0.0,0.0,0.0,0.0,0.258819045102521,-0.9659258262890682,2,1
2012-07-25 12:00:00,72.0,8.0,4.0,28.0,66.0,20.0,198.0,6.0,1.2246467991473532e-16,-1.0,2,0
2012-07-25 13:00:00,0.0,0.0,0.0,0.0,0.0,0.0,0.0,0.0,-0.2588190451025208,-0.9659258262890683,2,1
2012-07-25 14:00:00,0.0,0.0,0.0,0.0,0.0,0.0,0.0,0.0,-0.4999999999999997,-0.8660254037844388,2,1
2012-07-25 15:00:00,0.0,0.0,0.0,0.0,189.0,10.0,199.0,2.0,-0.7071067811865471,-0.7071067811865479,2,0
2012-07-25 16:00:00,82.0,52.0,0.0,0.0,95.0,4.0,233.0,4.0,-0.8660254037844385,-0.5000000000000004,2,0
2012-07-25 17:00:00,0.0,2.0,0.0,0.0,46.0,8.0,56.0,3.0,-0.9659258262890683,-0.25881904510252063,2,0
2012-07-25 18:00:00,0.0,0.0,0.0,0.0,16.0,6.0,22.0,2.0,-1.0,-1.8369701987210297e-16,2,0
2012-07-25 19:00:00,0.0,0.0,0.0,0.0,62.0,0.0,62.0,1.0,-0.9659258262890684,0.2588190451025203,2,0
2012-07-25 20:00:00,0.0,0.0,0.0,0.0,0.0,0.0,0.0,0.0,-0.8660254037844386,0.5000000000000001,2,1
2012-07-25 21:00:00,0.0,0.0,0.0,0.0,12.0,0.0,12.0,1.0,-0.7071067811865477,0.7071067811865474,2,0
2012-07-25 22:00:00,68.0,70.0,6.0,62.0,86.0,4.0,296.0,6.0,-0.5000000000000004,0.8660254037844384,2,0
2012-07-25 23:00:00,26.0,64.0,0.0,0.0,118.0,4.0,212.0,4.0,-0.25881904510252157,0.9659258262890681,2,0
2012-07-26 00:00:00,0.0,0.0,0.0,2.0,0.0,0.0,2.0,1.0,0.0,1.0,3,0
2012-07-26 01:00:00,0.0,0.0,0.0,2.0,0.0,0.0,2.0,1.0,0.25881904510252074,0.9659258262890683,3,0
2012-07-26 02:00:00,0.0,0.0,0.0,0.0,0.0,0.0,0.0,0.0,0.49999999999999994,0.8660254037844387,3,1
2012-07-26 03:00:00,0.0,0.0,0.0,0.0,0.0,0.0,0.0,0.0,0.7071067811865476,0.7071067811865476,3,1
2012-07-26 04:00:00,0.0,0.0,0.0,0.0,0.0,0.0,0.0,0.0,0.8660254037844386,0.5000000000000001,3,1
2012-07-26 05:00:00,0.0,0.0,0.0,0.0,0.0,0.0,0.0,0.0,0.9659258262890683,0.25881904510252074,3,1
2012-07-26 06:00:00,0.0,0.0,0.0,0.0,0.0,0.0,0.0,0.0,1.0,6.123233995736766e-17,3,1
2012-07-26 07:00:00,52.0,60.0,6.0,50.0,74.0,20.0,262.0,6.0,0.9659258262890683,-0.25881904510252063,3,0
2012-07-26 08:00:00,38.0,4.0,28.0,134.0,78.0,2.0,284.0,6.0,0.8660254037844387,-0.4999999999999998,3,0
2012-07-26 09:00:00,0.0,0.0,2.0,132.0,132.0,0.0,266.0,3.0,0.7071067811865476,-0.7071067811865475,3,0
2012-07-26 10:00:00,34.0,98.0,0.0,0.0,206.0,2.0,340.0,4.0,0.49999999999999994,-0.8660254037844387,3,0
2012-07-26 11:00:00,244.0,166.0,0.0,0.0,158.0,2.0,570.0,4.0,0.258819045102521,-0.9659258262890682,3,0
2012-07-26 12:00:00,18.0,62.0,0.0,0.0,152.0,10.0,242.0,4.0,1.2246467991473532e-16,-1.0,3,0
2012-07-26 13:00:00,6.0,2.0,0.0,0.0,12.0,18.0,38.0,4.0,-0.2588190451025208,-0.9659258262890683,3,0
2012-07-26 14:00:00,0.0,0.0,0.0,0.0,2.0,0.0,2.0,1.0,-0.4999999999999997,-0.8660254037844388,3,0
2012-07-26 15:00:00,0.0,0.0,0.0,2.0,0.0,0.0,2.0,1.0,-0.7071067811865471,-0.7071067811865479,3,0
2012-07-26 16:00:00,36.0,24.0,6.0,38.0,132.0,14.0,250.0,6.0,-0.8660254037844385,-0.5000000000000004,3,0
2012-07-26 17:00:00,0.0,0.0,0.0,0.0,146.0,10.0,156.0,2.0,-0.9659258262890683,-0.25881904510252063,3,0
2012-07-26 18:00:00,0.0,0.0,0.0,2.0,0.0,0.0,2.0,1.0,-1.0,-1.8369701987210297e-16,3,0
2012-07-26 19:00:00,0.0,0.0,0.0,22.0,90.0,8.0,120.0,3.0,-0.9659258262890684,0.2588190451025203,3,0
2012-07-26 20:00:00,34.0,2.0,0.0,0.0,30.0,6.0,72.0,4.0,-0.8660254037844386,0.5000000000000001,3,0
2012-07-26 21:00:00,0.0,0.0,0.0,0.0,10.0,0.0,10.0,1.0,-0.7071067811865477,0.7071067811865474,3,0
2012-07-26 22:00:00,0.0,0.0,0.0,0.0,4.0,0.0,4.0,1.0,-0.5000000000000004,0.8660254037844384,3,0
2012-07-26 23:00:00,0.0,0.0,0.0,0.0,6.0,0.0,6.0,1.0,-0.25881904510252157,0.9659258262890681,3,0
2012-07-27 00:00:00,52.0,174.0,6.0,30.0,50.0,8.0,320.0,6.0,0.0,1.0,4,0
2012-07-27 01:00:00,0.0,0.0,0.0,0.0,0.0,0.0,0.0,0.0,0.25881904510252074,0.9659258262890683,4,1
2012-07-27 02:00:00,0.0,0.0,0.0,0.0,0.0,0.0,0.0,0.0,0.49999999999999994,0.8660254037844387,4,1
2012-07-27 03:00:00,0.0,4.0,0.0,0.0,0.0,0.0,4.0,1.0,0.7071067811865476,0.7071067811865476,4,0
2012-07-27 04:00:00,0.0,0.0,0.0,2.0,0.0,0.0,2.0,1.0,0.8660254037844386,0.5000000000000001,4,0
2012-07-27 05:00:00,0.0,0.0,0.0,0.0,0.0,0.0,0.0,0.0,0.9659258262890683,0.25881904510252074,4,1
2012-07-27 06:00:00,0.0,0.0,0.0,0.0,0.0,2.0,2.0,1.0,1.0,6.123233995736766e-17,4,0
2012-07-27 07:00:00,44.0,54.0,2.0,52.0,86.0,18.0,256.0,6.0,0.9659258262890683,-0.25881904510252063,4,0
2012-07-27 08:00:00,0.0,0.0,2.0,202.0,92.0,0.0,296.0,3.0,0.8660254037844387,-0.4999999999999998,4,0
2012-07-27 09:00:00,282.0,180.0,6.0,20.0,62.0,14.0,564.0,6.0,0.7071067811865476,-0.7071067811865475,4,0
2012-07-27 10:00:00,0.0,0.0,0.0,0.0,0.0,0.0,0.0,0.0,0.49999999999999994,-0.8660254037844387,4,1
2012-07-27 11:00:00,38.0,10.0,4.0,98.0,115.0,30.0,295.0,6.0,0.258819045102521,-0.9659258262890682,4,0
2012-07-27 12:00:00,0.0,0.0,0.0,0.0,321.0,8.0,329.0,2.0,1.2246467991473532e-16,-1.0,4,0
2012-07-27 13:00:00,38.0,4.0,0.0,0.0,160.0,32.0,234.0,4.0,-0.2588190451025208,-0.9659258262890683,4,0
2012-07-27 14:00:00,0.0,0.0,0.0,0.0,62.0,0.0,62.0,1.0,-0.4999999999999997,-0.8660254037844388,4,0
2012-07-27 15:00:00,48.0,14.0,4.0,20.0,84.0,18.0,188.0,6.0,-0.7071067811865471,-0.7071067811865479,4,0
2012-07-27 16:00:00,0.0,0.0,54.0,52.0,40.0,0.0,146.0,3.0,-0.8660254037844385,-0.5000000000000004,4,0
2012-07-27 17:00:00,0.0,0.0,6.0,18.0,28.0,0.0,52.0,3.0,-0.9659258262890683,-0.25881904510252063,4,0
2012-07-27 18:00:00,28.0,6.0,0.0,0.0,52.0,4.0,90.0,4.0,-1.0,-1.8369701987210297e-16,4,0
2012-07-27 19:00:00,36.0,2.0,26.0,361.0,100.0,4.0,529.0,6.0,-0.9659258262890684,0.2588190451025203,4,0
2012-07-27 20:00:00,0.0,0.0,2.0,181.0,200.0,0.0,383.0,3.0,-0.8660254037844386,0.5000000000000001,4,0
2012-07-27 21:00:00,0.0,0.0,0.0,2.0,76.0,0.0,78.0,2.0,-0.7071067811865477,0.7071067811865474,4,0
2012-07-27 22:00:00,0.0,0.0,0.0,0.0,10.0,0.0,10.0,1.0,-0.5000000000000004,0.8660254037844384,4,0
2012-07-27 23:00:00,0.0,0.0,0.0,2.0,16.0,0.0,18.0,2.0,-0.25881904510252157,0.9659258262890681,4,0
2012-07-28 00:00:00,98.0,200.0,10.0,156.0,82.0,8.0,554.0,6.0,0.0,1.0,5,0
2012-07-28 01:00:00,0.0,22.0,0.0,0.0,0.0,0.0,22.0,1.0,0.25881904510252074,0.9659258262890683,5,0
2012-07-28 02:00:00,0.0,4.0,0.0,0.0,0.0,0.0,4.0,1.0,0.49999999999999994,0.8660254037844387,5,0
2012-07-28 03:00:00,0.0,6.0,0.0,0.0,0.0,0.0,6.0,1.0,0.7071067811865476,0.7071067811865476,5,0
2012-07-28 04:00:00,0.0,8.0,0.0,0.0,0.0,0.0,8.0,1.0,0.8660254037844386,0.5000000000000001,5,0
2012-07-28 05:00:00,20.0,50.0,0.0,0.0,0.0,0.0,70.0,2.0,0.9659258262890683,0.25881904510252074,5,0
2012-07-28 06:00:00,12.0,30.0,2.0,54.0,70.0,18.0,186.0,6.0,1.0,6.123233995736766e-17,5,0
2012-07-28 07:00:00,0.0,0.0,2.0,298.0,118.0,0.0,418.0,3.0,0.9659258262890683,-0.25881904510252063,5,0
2012-07-28 08:00:00,26.0,84.0,2.0,34.0,168.0,2.0,316.0,6.0,0.8660254037844387,-0.4999999999999998,5,0
2012-07-28 09:00:00,0.0,0.0,0.0,0.0,274.0,0.0,274.0,1.0,0.7071067811865476,-0.7071067811865475,5,0
2012-07-28 10:00:00,0.0,0.0,2.0,0.0,271.0,0.0,273.0,2.0,0.49999999999999994,-0.8660254037844387,5,0
2012-07-28 11:00:00,270.0,270.0,4.0,46.0,61.0,4.0,655.0,6.0,0.258819045102521,-0.9659258262890682,5,0
2012-07-28 12:00:00,44.0,4.0,0.0,0.0,138.0,44.0,230.0,4.0,1.2246467991473532e-16,-1.0,5,0
2012-07-28 13:00:00,0.0,0.0,0.0,0.0,160.0,8.0,168.0,2.0,-0.2588190451025208,-0.9659258262890683,5,0
2012-07-28 14:00:00,0.0,543.0,0.0,0.0,56.0,10.0,609.0,3.0,-0.4999999999999997,-0.8660254037844388,5,0
2012-07-28 15:00:00,12.0,1127.0,0.0,0.0,68.0,32.0,1239.0,4.0,-0.7071067811865471,-0.7071067811865479,5,0
2012-07-28 16:00:00,28.0,506.0,0.0,0.0,50.0,6.0,590.0,4.0,-0.8660254037844385,-0.5000000000000004,5,0
2012-07-28 17:00:00,0.0,0.0,0.0,0.0,60.0,12.0,72.0,2.0,-0.9659258262890683,-0.25881904510252063,5,0
2012-07-28 18:00:00,0.0,0.0,6.0,12.0,34.0,10.0,62.0,4.0,-1.0,-1.8369701987210297e-16,5,0
2012-07-28 19:00:00,0.0,0.0,0.0,0.0,4.0,0.0,4.0,1.0,-0.9659258262890684,0.2588190451025203,5,0
2012-07-28 20:00:00,0.0,1066.0,0.0,0.0,56.0,4.0,1126.0,3.0,-0.8660254037844386,0.5000000000000001,5,0
2012-07-28 21:00:00,18.0,772.0,0.0,2.0,62.0,8.0,862.0,5.0,-0.7071067811865477,0.7071067811865474,5,0
2012-07-28 22:00:00,40.0,42.0,10.0,48.0,64.0,4.0,208.0,6.0,-0.5000000000000004,0.8660254037844384,5,0
2012-07-28 23:00:00,0.0,0.0,2.0,0.0,270.0,0.0,272.0,2.0,-0.25881904510252157,0.9659258262890681,5,0
2012-07-29 00:00:00,58.0,428.0,0.0,2.0,20.0,4.0,512.0,5.0,0.0,1.0,6,0
2012-07-29 01:00:00,0.0,2.0,0.0,0.0,0.0,0.0,2.0,1.0,0.25881904510252074,0.9659258262890683,6,0
2012-07-29 02:00:00,0.0,2.0,0.0,0.0,0.0,0.0,2.0,1.0,0.49999999999999994,0.8660254037844387,6,0
2012-07-29 03:00:00,0.0,2.0,0.0,2.0,0.0,0.0,4.0,2.0,0.7071067811865476,0.7071067811865476,6,0
2012-07-29 04:00:00,0.0,0.0,0.0,0.0,0.0,0.0,0.0,0.0,0.8660254037844386,0.5000000000000001,6,1
2012-07-29 05:00:00,0.0,0.0,0.0,0.0,0.0,0.0,0.0,0.0,0.9659258262890683,0.25881904510252074,6,1
2012-07-29 06:00:00,46.0,52.0,2.0,76.0,38.0,18.0,232.0,6.0,1.0,6.123233995736766e-17,6,0
2012-07-29 07:00:00,0.0,0.0,0.0,4.0,72.0,0.0,76.0,2.0,0.9659258262890683,-0.25881904510252063,6,0
2012-07-29 08:00:00,132.0,192.0,2.0,102.0,116.0,4.0,548.0,6.0,0.8660254037844387,-0.4999999999999998,6,0
2012-07-29 09:00:00,166.0,136.0,0.0,0.0,8.0,14.0,324.0,4.0,0.7071067811865476,-0.7071067811865475,6,0
2012-07-29 10:00:00,80.0,2.0,0.0,0.0,30.0,14.0,126.0,4.0,0.49999999999999994,-0.8660254037844387,6,0
2012-07-29 11:00:00,32.0,20.0,0.0,0.0,50.0,22.0,124.0,4.0,0.258819045102521,-0.9659258262890682,6,0
2012-07-29 12:00:00,6.0,4.0,4.0,60.0,108.0,22.0,204.0,6.0,1.2246467991473532e-16,-1.0,6,0
2012-07-29 13:00:00,0.0,0.0,4.0,64.0,36.0,4.0,108.0,4.0,-0.2588190451025208,-0.9659258262890683,6,0
2012-07-29 14:00:00,44.0,4.0,8.0,84.0,74.0,18.0,232.0,6.0,-0.4999999999999997,-0.8660254037844388,6,0
2012-07-29 15:00:00,0.0,0.0,2.0,25.0,32.0,0.0,59.0,3.0,-0.7071067811865471,-0.7071067811865479,6,0
2012-07-29 16:00:00,14.0,14.0,4.0,25.0,84.0,16.0,157.0,6.0,-0.8660254037844385,-0.5000000000000004,6,0
2012-07-29 17:00:00,44.0,2.0,0.0,0.0,38.0,12.0,96.0,4.0,-0.9659258262890683,-0.25881904510252063,6,0
2012-07-29 18:00:00,0.0,0.0,0.0,0.0,30.0,12.0,42.0,2.0,-1.0,-1.8369701987210297e-16,6,0
2012-07-29 19:00:00,0.0,0.0,0.0,2.0,10.0,0.0,12.0,2.0,-0.9659258262890684,0.2588190451025203,6,0
2012-07-29 20:00:00,0.0,0.0,0.0,2.0,28.0,0.0,30.0,2.0,-0.8660254037844386,0.5000000000000001,6,0
2012-07-29 21:00:00,42.0,1486.0,2.0,16.0,38.0,4.0,1588.0,6.0,-0.7071067811865477,0.7071067811865474,6,0
2012-07-29 22:00:00,0.0,0.0,0.0,0.0,187.0,0.0,187.0,1.0,-0.5000000000000004,0.8660254037844384,6,0
2012-07-29 23:00:00,92.0,292.0,4.0,68.0,159.0,12.0,627.0,6.0,-0.25881904510252157,0.9659258262890681,6,0
2012-07-30 00:00:00,0.0,12.0,0.0,0.0,0.0,0.0,12.0,1.0,0.0,1.0,0,0
2012-07-30 01:00:00,0.0,2.0,0.0,0.0,0.0,0.0,2.0,1.0,0.25881904510252074,0.9659258262890683,0,0
2012-07-30 02:00:00,52.0,92.0,0.0,0.0,0.0,0.0,144.0,2.0,0.49999999999999994,0.8660254037844387,0,0
2012-07-30 03:00:00,0.0,2.0,0.0,0.0,0.0,0.0,2.0,1.0,0.7071067811865476,0.7071067811865476,0,0
2012-07-30 04:00:00,0.0,4.0,0.0,0.0,0.0,0.0,4.0,1.0,0.8660254037844386,0.5000000000000001,0,0
2012-07-30 05:00:00,0.0,4.0,0.0,0.0,0.0,0.0,4.0,1.0,0.9659258262890683,0.25881904510252074,0,0
2012-07-30 06:00:00,0.0,14.0,0.0,0.0,0.0,0.0,14.0,1.0,1.0,6.123233995736766e-17,0,0
2012-07-30 07:00:00,40.0,42.0,6.0,52.0,42.0,22.0,204.0,6.0,0.9659258262890683,-0.25881904510252063,0,0
2012-07-30 08:00:00,0.0,0.0,0.0,0.0,30.0,0.0,30.0,1.0,0.8660254037844387,-0.4999999999999998,0,0
2012-07-30 09:00:00,0.0,0.0,6.0,226.0,90.0,0.0,322.0,3.0,0.7071067811865476,-0.7071067811865475,0,0
2012-07-30 10:00:00,0.0,0.0,0.0,0.0,84.0,0.0,84.0,1.0,0.49999999999999994,-0.8660254037844387,0,0
2012-07-30 11:00:00,292.0,320.0,2.0,72.0,106.0,2.0,794.0,6.0,0.258819045102521,-0.9659258262890682,0,0
2012-07-30 12:00:00,0.0,0.0,0.0,0.0,6.0,0.0,6.0,1.0,1.2246467991473532e-16,-1.0,0,0
2012-07-30 13:00:00,28.0,30.0,0.0,2.0,28.0,18.0,106.0,5.0,-0.2588190451025208,-0.9659258262890683,0,0
2012-07-30 14:00:00,0.0,0.0,0.0,0.0,0.0,2.0,2.0,1.0,-0.4999999999999997,-0.8660254037844388,0,0
2012-07-30 15:00:00,0.0,0.0,0.0,0.0,0.0,0.0,0.0,0.0,-0.7071067811865471,-0.7071067811865479,0,1
2012-07-30 16:00:00,0.0,0.0,4.0,36.0,36.0,6.0,82.0,4.0,-0.8660254037844385,-0.5000000000000004,0,0
2012-07-30 17:00:00,24.0,94.0,0.0,0.0,30.0,10.0,158.0,4.0,-0.9659258262890683,-0.25881904510252063,0,0
2012-07-30 18:00:00,0.0,0.0,0.0,0.0,24.0,10.0,34.0,2.0,-1.0,-1.8369701987210297e-16,0,0
2012-07-30 19:00:00,0.0,0.0,4.0,18.0,20.0,0.0,42.0,3.0,-0.9659258262890684,0.2588190451025203,0,0
2012-07-30 20:00:00,24.0,4.0,0.0,0.0,46.0,2.0,76.0,4.0,-0.8660254037844386,0.5000000000000001,0,0
2012-07-30 21:00:00,0.0,0.0,0.0,0.0,14.0,0.0,14.0,1.0,-0.7071067811865477,0.7071067811865474,0,0
2012-07-30 22:00:00,0.0,0.0,0.0,0.0,38.0,0.0,38.0,1.0,-0.5000000000000004,0.8660254037844384,0,0
2012-07-30 23:00:00,4.0,4.0,8.0,104.0,206.0,2.0,328.0,6.0,-0.25881904510252157,0.9659258262890681,0,0
2012-07-31 00:00:00,0.0,0.0,0.0,0.0,204.0,0.0,204.0,1.0,0.0,1.0,1,0
2012-07-31 01:00:00,26.0,222.0,0.0,2.0,26.0,10.0,286.0,5.0,0.25881904510252074,0.9659258262890683,1,0
2012-07-31 02:00:00,0.0,0.0,0.0,0.0,0.0,0.0,0.0,0.0,0.49999999999999994,0.8660254037844387,1,1
2012-07-31 03:00:00,0.0,0.0,0.0,0.0,0.0,0.0,0.0,0.0,0.7071067811865476,0.7071067811865476,1,1
2012-07-31 04:00:00,0.0,6.0,0.0,0.0,0.0,0.0,6.0,1.0,0.8660254037844386,0.5000000000000001,1,0
2012-07-31 05:00:00,0.0,0.0,0.0,0.0,2.0,0.0,2.0,1.0,0.9659258262890683,0.25881904510252074,1,0
2012-07-31 06:00:00,0.0,2.0,0.0,0.0,0.0,0.0,2.0,1.0,1.0,6.123233995736766e-17,1,0
2012-07-31 07:00:00,0.0,2.0,0.0,0.0,0.0,0.0,2.0,1.0,0.9659258262890683,-0.25881904510252063,1,0
2012-07-31 08:00:00,30.0,40.0,4.0,42.0,62.0,24.0,202.0,6.0,0.8660254037844387,-0.4999999999999998,1,0
2012-07-31 09:00:00,42.0,4.0,0.0,248.0,78.0,6.0,378.0,5.0,0.7071067811865476,-0.7071067811865475,1,0
2012-07-31 10:00:00,42.0,4.0,6.0,10.0,140.0,4.0,206.0,6.0,0.49999999999999994,-0.8660254037844387,1,0
2012-07-31 11:00:00,0.0,0.0,0.0,0.0,96.0,0.0,96.0,1.0,0.258819045102521,-0.9659258262890682,1,0
2012-07-31 12:00:00,254.0,248.0,0.0,0.0,108.0,14.0,624.0,4.0,1.2246467991473532e-16,-1.0,1,0
2012-07-31 13:00:00,0.0,0.0,4.0,8.0,120.0,14.0,146.0,4.0,-0.2588190451025208,-0.9659258262890683,1,0
2012-07-31 14:00:00,0.0,0.0,0.0,0.0,0.0,0.0,0.0,0.0,-0.4999999999999997,-0.8660254037844388,1,1
2012-07-31 15:00:00,40.0,4.0,4.0,52.0,22.0,4.0,126.0,6.0,-0.7071067811865471,-0.7071067811865479,1,0
2012-07-31 16:00:00,0.0,0.0,2.0,24.0,8.0,0.0,34.0,3.0,-0.8660254037844385,-0.5000000000000004,1,0
2012-07-31 17:00:00,0.0,0.0,0.0,0.0,36.0,10.0,46.0,2.0,-0.9659258262890683,-0.25881904510252063,1,0
2012-07-31 18:00:00,20.0,4.0,0.0,0.0,22.0,16.0,62.0,4.0,-1.0,-1.8369701987210297e-16,1,0
2012-07-31 19:00:00,0.0,0.0,0.0,0.0,24.0,0.0,24.0,1.0,-0.9659258262890684,0.2588190451025203,1,0
2012-07-31 20:00:00,0.0,0.0,50.0,60.0,72.0,0.0,182.0,3.0,-0.8660254037844386,0.5000000000000001,1,0
2012-07-31 21:00:00,0.0,0.0,0.0,0.0,12.0,0.0,12.0,1.0,-0.7071067811865477,0.7071067811865474,1,0
2012-07-31 22:00:00,0.0,0.0,4.0,52.0,102.0,0.0,158.0,3.0,-0.5000000000000004,0.8660254037844384,1,0
2012-07-31 23:00:00,0.0,0.0,0.0,0.0,248.0,0.0,248.0,1.0,-0.25881904510252157,0.9659258262890681,1,0
2012-08-01 00:00:00,0.0,0.0,0.0,0.0,362.0,0.0,362.0,1.0,0.0,1.0,2,0
2012-08-01 01:00:00,90.0,204.0,0.0,0.0,28.0,14.0,336.0,4.0,0.25881904510252074,0.9659258262890683,2,0
2012-08-01 02:00:00,0.0,0.0,0.0,0.0,0.0,0.0,0.0,0.0,0.49999999999999994,0.8660254037844387,2,1
2012-08-01 03:00:00,0.0,2.0,0.0,0.0,0.0,0.0,2.0,1.0,0.7071067811865476,0.7071067811865476,2,0
2012-08-01 04:00:00,0.0,0.0,0.0,0.0,0.0,0.0,0.0,0.0,0.8660254037844386,0.5000000000000001,2,1
2012-08-01 05:00:00,0.0,4.0,0.0,0.0,0.0,0.0,4.0,1.0,0.9659258262890683,0.25881904510252074,2,0
2012-08-01 06:00:00,54.0,66.0,4.0,52.0,56.0,16.0,248.0,6.0,1.0,6.123233995736766e-17,2,0
2012-08-01 07:00:00,0.0,0.0,0.0,98.0,90.0,0.0,188.0,2.0,0.9659258262890683,-0.25881904510252063,2,0
2012-08-01 08:00:00,40.0,2.0,4.0,32.0,188.0,2.0,268.0,6.0,0.8660254037844387,-0.4999999999999998,2,0
2012-08-01 09:00:00,0.0,0.0,0.0,0.0,226.0,0.0,226.0,1.0,0.7071067811865476,-0.7071067811865475,2,0
2012-08-01 10:00:00,260.0,250.0,0.0,0.0,84.0,6.0,600.0,4.0,0.49999999999999994,-0.8660254037844387,2,0
2012-08-01 11:00:00,42.0,28.0,4.0,42.0,116.0,6.0,238.0,6.0,0.258819045102521,-0.9659258262890682,2,0
2012-08-01 12:00:00,8.0,4.0,20.0,76.0,172.0,26.0,306.0,6.0,1.2246467991473532e-16,-1.0,2,0
2012-08-01 13:00:00,0.0,0.0,0.0,0.0,0.0,0.0,0.0,0.0,-0.2588190451025208,-0.9659258262890683,2,1
2012-08-01 14:00:00,34.0,4.0,0.0,0.0,58.0,18.0,114.0,4.0,-0.4999999999999997,-0.8660254037844388,2,0
2012-08-01 15:00:00,0.0,0.0,0.0,2.0,24.0,6.0,32.0,3.0,-0.7071067811865471,-0.7071067811865479,2,0
2012-08-01 16:00:00,46.0,4.0,6.0,16.0,74.0,4.0,150.0,6.0,-0.8660254037844385,-0.5000000000000004,2,0
2012-08-01 17:00:00,0.0,0.0,4.0,0.0,32.0,8.0,44.0,3.0,-0.9659258262890683,-0.25881904510252063,2,0
2012-08-01 18:00:00,0.0,26.0,4.0,34.0,150.0,52.0,266.0,5.0,-1.0,-1.8369701987210297e-16,2,0
2012-08-01 19:00:00,44.0,6.0,6.0,44.0,102.0,14.0,216.0,6.0,-0.9659258262890684,0.2588190451025203,2,0
2012-08-01 20:00:00,0.0,0.0,0.0,0.0,40.0,18.0,58.0,2.0,-0.8660254037844386,0.5000000000000001,2,0
2012-08-01 21:00:00,0.0,2.0,4.0,154.0,194.0,20.0,374.0,5.0,-0.7071067811865477,0.7071067811865474,2,0
2012-08-01 22:00:00,0.0,0.0,0.0,0.0,182.0,0.0,182.0,1.0,-0.5000000000000004,0.8660254037844384,2,0
2012-08-01 23:00:00,0.0,0.0,0.0,0.0,8.0,0.0,8.0,1.0,-0.25881904510252157,0.9659258262890681,2,0
2012-08-02 00:00:00,0.0,0.0,0.0,0.0,0.0,0.0,0.0,0.0,0.0,1.0,3,1
2012-08-02 01:00:00,20.0,150.0,6.0,10.0,50.0,8.0,244.0,6.0,0.25881904510252074,0.9659258262890683,3,0
2012-08-02 02:00:00,0.0,0.0,0.0,0.0,0.0,0.0,0.0,0.0,0.49999999999999994,0.8660254037844387,3,1
2012-08-02 03:00:00,0.0,2.0,0.0,0.0,0.0,0.0,2.0,1.0,0.7071067811865476,0.7071067811865476,3,0
2012-08-02 04:00:00,0.0,0.0,0.0,0.0,0.0,0.0,0.0,0.0,0.8660254037844386,0.5000000000000001,3,1
2012-08-02 05:00:00,0.0,0.0,0.0,0.0,0.0,0.0,0.0,0.0,0.9659258262890683,0.25881904510252074,3,1
2012-08-02 06:00:00,0.0,4.0,0.0,0.0,0.0,0.0,4.0,1.0,1.0,6.123233995736766e-17,3,0
2012-08-02 07:00:00,40.0,52.0,2.0,76.0,66.0,20.0,256.0,6.0,0.9659258262890683,-0.25881904510252063,3,0
2012-08-02 08:00:00,9.0,28.0,0.0,0.0,84.0,2.0,123.0,4.0,0.8660254037844387,-0.4999999999999998,3,0
2012-08-02 09:00:00,179.0,158.0,4.0,92.0,26.0,12.0,471.0,6.0,0.7071067811865476,-0.7071067811865475,3,0
2012-08-02 10:00:00,44.0,0.0,0.0,0.0,88.0,12.0,144.0,3.0,0.49999999999999994,-0.8660254037844387,3,0
2012-08-02 11:00:00,0.0,0.0,0.0,0.0,0.0,2.0,2.0,1.0,0.258819045102521,-0.9659258262890682,3,0
2012-08-02 12:00:00,46.0,0.0,0.0,0.0,34.0,14.0,94.0,3.0,1.2246467991473532e-16,-1.0,3,0
2012-08-02 13:00:00,10.0,0.0,0.0,0.0,40.0,20.0,70.0,3.0,-0.2588190451025208,-0.9659258262890683,3,0
2012-08-02 14:00:00,0.0,0.0,0.0,0.0,28.0,0.0,28.0,1.0,-0.4999999999999997,-0.8660254037844388,3,0
2012-08-02 15:00:00,24.0,0.0,4.0,50.0,76.0,22.0,176.0,5.0,-0.7071067811865471,-0.7071067811865479,3,0
2012-08-02 16:00:00,0.0,0.0,0.0,0.0,24.0,0.0,24.0,1.0,-0.8660254037844385,-0.5000000000000004,3,0
2012-08-02 17:00:00,0.0,0.0,4.0,8.0,132.0,20.0,164.0,4.0,-0.9659258262890683,-0.25881904510252063,3,0
2012-08-02 18:00:00,26.0,0.0,4.0,50.0,132.0,4.0,216.0,5.0,-1.0,-1.8369701987210297e-16,3,0
2012-08-02 19:00:00,138.0,8.0,0.0,0.0,64.0,4.0,214.0,4.0,-0.9659258262890684,0.2588190451025203,3,0
2012-08-02 20:00:00,0.0,0.0,0.0,0.0,8.0,0.0,8.0,1.0,-0.8660254037844386,0.5000000000000001,3,0
2012-08-02 21:00:00,0.0,0.0,0.0,0.0,8.0,2.0,10.0,2.0,-0.7071067811865477,0.7071067811865474,3,0
2012-08-02 22:00:00,0.0,0.0,0.0,0.0,6.0,0.0,6.0,1.0,-0.5000000000000004,0.8660254037844384,3,0
2012-08-02 23:00:00,0.0,0.0,0.0,2.0,16.0,0.0,18.0,2.0,-0.25881904510252157,0.9659258262890681,3,0
2012-08-03 00:00:00,34.0,6.0,4.0,92.0,309.0,6.0,451.0,6.0,0.0,1.0,4,0
2012-08-03 01:00:00,96.0,232.0,6.0,48.0,29.0,4.0,415.0,6.0,0.25881904510252074,0.9659258262890683,4,0
2012-08-03 02:00:00,0.0,16.0,0.0,0.0,0.0,0.0,16.0,1.0,0.49999999999999994,0.8660254037844387,4,0
2012-08-03 03:00:00,0.0,0.0,0.0,0.0,0.0,0.0,0.0,0.0,0.7071067811865476,0.7071067811865476,4,1
2012-08-03 04:00:00,0.0,12.0,0.0,0.0,0.0,0.0,12.0,1.0,0.8660254037844386,0.5000000000000001,4,0
2012-08-03 05:00:00,0.0,2.0,0.0,0.0,0.0,0.0,2.0,1.0,0.9659258262890683,0.25881904510252074,4,0
2012-08-03 06:00:00,0.0,2.0,0.0,0.0,0.0,0.0,2.0,1.0,1.0,6.123233995736766e-17,4,0
2012-08-03 07:00:00,0.0,10.0,0.0,0.0,0.0,0.0,10.0,1.0,0.9659258262890683,-0.25881904510252063,4,0
2012-08-03 08:00:00,50.0,56.0,4.0,50.0,62.0,20.0,242.0,6.0,0.8660254037844387,-0.4999999999999998,4,0
2012-08-03 09:00:00,0.0,0.0,2.0,14.0,110.0,0.0,126.0,3.0,0.7071067811865476,-0.7071067811865475,4,0
2012-08-03 10:00:00,0.0,0.0,2.0,144.0,168.0,0.0,314.0,3.0,0.49999999999999994,-0.8660254037844387,4,0
2012-08-03 11:00:00,0.0,0.0,0.0,0.0,250.0,0.0,250.0,1.0,0.258819045102521,-0.9659258262890682,4,0
2012-08-03 12:00:00,222.0,57.0,4.0,42.0,206.0,2.0,533.0,6.0,1.2246467991473532e-16,-1.0,4,0
2012-08-03 13:00:00,22.0,53.0,4.0,10.0,34.0,26.0,149.0,6.0,-0.2588190451025208,-0.9659258262890683,4,0
2012-08-03 14:00:00,0.0,0.0,0.0,0.0,4.0,0.0,4.0,1.0,-0.4999999999999997,-0.8660254037844388,4,0
2012-08-03 15:00:00,0.0,0.0,0.0,0.0,0.0,0.0,0.0,0.0,-0.7071067811865471,-0.7071067811865479,4,1
2012-08-03 16:00:00,38.0,4.0,6.0,94.0,88.0,26.0,256.0,6.0,-0.8660254037844385,-0.5000000000000004,4,0
2012-08-03 17:00:00,0.0,0.0,0.0,2.0,72.0,0.0,74.0,2.0,-0.9659258262890683,-0.25881904510252063,4,0
2012-08-03 18:00:00,0.0,0.0,6.0,158.0,34.0,0.0,198.0,3.0,-1.0,-1.8369701987210297e-16,4,0
2012-08-03 19:00:00,0.0,0.0,14.0,234.0,94.0,0.0,342.0,3.0,-0.9659258262890684,0.2588190451025203,4,0
2012-08-03 20:00:00,0.0,0.0,4.0,66.0,58.0,0.0,128.0,3.0,-0.8660254037844386,0.5000000000000001,4,0
2012-08-03 21:00:00,0.0,0.0,0.0,0.0,8.0,0.0,8.0,1.0,-0.7071067811865477,0.7071067811865474,4,0
2012-08-03 22:00:00,0.0,0.0,0.0,0.0,2.0,0.0,2.0,1.0,-0.5000000000000004,0.8660254037844384,4,0
2012-08-03 23:00:00,0.0,0.0,0.0,0.0,8.0,0.0,8.0,1.0,-0.25881904510252157,0.9659258262890681,4,0
2012-08-04 00:00:00,146.0,200.0,30.0,48.0,126.0,14.0,564.0,6.0,0.0,1.0,5,0
2012-08-04 01:00:00,0.0,16.0,0.0,0.0,0.0,0.0,16.0,1.0,0.25881904510252074,0.9659258262890683,5,0
2012-08-04 02:00:00,0.0,8.0,0.0,0.0,0.0,0.0,8.0,1.0,0.49999999999999994,0.8660254037844387,5,0
2012-08-04 03:00:00,0.0,4.0,0.0,0.0,0.0,0.0,4.0,1.0,0.7071067811865476,0.7071067811865476,5,0
2012-08-04 04:00:00,0.0,0.0,0.0,2.0,0.0,0.0,2.0,1.0,0.8660254037844386,0.5000000000000001,5,0
2012-08-04 05:00:00,0.0,2.0,0.0,0.0,0.0,0.0,2.0,1.0,0.9659258262890683,0.25881904510252074,5,0
2012-08-04 06:00:00,0.0,2.0,0.0,0.0,0.0,0.0,2.0,1.0,1.0,6.123233995736766e-17,5,0
2012-08-04 07:00:00,40.0,54.0,4.0,40.0,56.0,22.0,216.0,6.0,0.9659258262890683,-0.25881904510252063,5,0
2012-08-04 08:00:00,0.0,0.0,4.0,142.0,54.0,0.0,200.0,3.0,0.8660254037844387,-0.4999999999999998,5,0
2012-08-04 09:00:00,0.0,0.0,0.0,0.0,118.0,0.0,118.0,1.0,0.7071067811865476,-0.7071067811865475,5,0
2012-08-04 10:00:00,0.0,0.0,0.0,2.0,156.0,0.0,158.0,2.0,0.49999999999999994,-0.8660254037844387,5,0
2012-08-04 11:00:00,316.0,212.0,4.0,20.0,90.0,2.0,644.0,6.0,0.258819045102521,-0.9659258262890682,5,0
2012-08-04 12:00:00,0.0,0.0,0.0,0.0,122.0,12.0,134.0,2.0,1.2246467991473532e-16,-1.0,5,0
2012-08-04 13:00:00,26.0,0.0,4.0,108.0,60.0,8.0,206.0,5.0,-0.2588190451025208,-0.9659258262890683,5,0
2012-08-04 14:00:00,0.0,0.0,0.0,0.0,16.0,0.0,16.0,1.0,-0.4999999999999997,-0.8660254037844388,5,0
2012-08-04 15:00:00,0.0,0.0,0.0,0.0,4.0,0.0,4.0,1.0,-0.7071067811865471,-0.7071067811865479,5,0
2012-08-04 16:00:00,60.0,4.0,4.0,16.0,66.0,4.0,154.0,6.0,-0.8660254037844385,-0.5000000000000004,5,0
2012-08-04 17:00:00,0.0,0.0,0.0,0.0,32.0,10.0,42.0,2.0,-0.9659258262890683,-0.25881904510252063,5,0
2012-08-04 18:00:00,0.0,0.0,0.0,0.0,20.0,12.0,32.0,2.0,-1.0,-1.8369701987210297e-16,5,0
2012-08-04 19:00:00,0.0,0.0,0.0,0.0,14.0,0.0,14.0,1.0,-0.9659258262890684,0.2588190451025203,5,0
2012-08-04 20:00:00,36.0,2.0,4.0,154.0,64.0,8.0,268.0,6.0,-0.8660254037844386,0.5000000000000001,5,0
2012-08-04 21:00:00,0.0,0.0,0.0,0.0,14.0,0.0,14.0,1.0,-0.7071067811865477,0.7071067811865474,5,0
2012-08-04 22:00:00,0.0,0.0,0.0,0.0,36.0,0.0,36.0,1.0,-0.5000000000000004,0.8660254037844384,5,0
2012-08-04 23:00:00,0.0,0.0,0.0,0.0,16.0,0.0,16.0,1.0,-0.25881904510252157,0.9659258262890681,5,0
2012-08-05 00:00:00,66.0,72.0,18.0,32.0,156.0,18.0,362.0,6.0,0.0,1.0,6,0
2012-08-05 01:00:00,54.0,108.0,0.0,0.0,18.0,6.0,186.0,4.0,0.25881904510252074,0.9659258262890683,6,0
2012-08-05 02:00:00,0.0,0.0,0.0,0.0,0.0,0.0,0.0,0.0,0.49999999999999994,0.8660254037844387,6,1
2012-08-05 03:00:00,0.0,4.0,0.0,0.0,0.0,0.0,4.0,1.0,0.7071067811865476,0.7071067811865476,6,0
2012-08-05 04:00:00,0.0,2.0,0.0,0.0,0.0,0.0,2.0,1.0,0.8660254037844386,0.5000000000000001,6,0
2012-08-05 05:00:00,0.0,2.0,0.0,0.0,0.0,0.0,2.0,1.0,0.9659258262890683,0.25881904510252074,6,0
2012-08-05 06:00:00,0.0,0.0,0.0,0.0,0.0,0.0,0.0,0.0,1.0,6.123233995736766e-17,6,1
2012-08-05 07:00:00,0.0,0.0,0.0,0.0,0.0,0.0,0.0,0.0,0.9659258262890683,-0.25881904510252063,6,1
2012-08-05 08:00:00,50.0,66.0,4.0,72.0,74.0,16.0,282.0,6.0,0.8660254037844387,-0.4999999999999998,6,0
2012-08-05 09:00:00,60.0,0.0,4.0,50.0,86.0,2.0,202.0,5.0,0.7071067811865476,-0.7071067811865475,6,0
2012-08-05 10:00:00,36.0,0.0,4.0,72.0,152.0,2.0,266.0,5.0,0.49999999999999994,-0.8660254037844387,6,0
2012-08-05 11:00:00,250.0,158.0,0.0,0.0,130.0,6.0,544.0,4.0,0.258819045102521,-0.9659258262890682,6,0
2012-08-05 12:00:00,0.0,0.0,0.0,0.0,28.0,12.0,40.0,2.0,1.2246467991473532e-16,-1.0,6,0
2012-08-05 13:00:00,12.0,0.0,0.0,0.0,28.0,14.0,54.0,3.0,-0.2588190451025208,-0.9659258262890683,6,0
2012-08-05 14:00:00,0.0,12.0,4.0,38.0,102.0,4.0,160.0,5.0,-0.4999999999999997,-0.8660254037844388,6,0
2012-08-05 15:00:00,36.0,4.0,32.0,4.0,72.0,4.0,152.0,6.0,-0.7071067811865471,-0.7071067811865479,6,0
2012-08-05 16:00:00,0.0,0.0,0.0,0.0,10.0,0.0,10.0,1.0,-0.8660254037844385,-0.5000000000000004,6,0
2012-08-05 17:00:00,0.0,0.0,0.0,0.0,32.0,10.0,42.0,2.0,-0.9659258262890683,-0.25881904510252063,6,0
2012-08-05 18:00:00,36.0,0.0,0.0,0.0,36.0,12.0,84.0,3.0,-1.0,-1.8369701987210297e-16,6,0
2012-08-05 19:00:00,0.0,0.0,0.0,0.0,0.0,0.0,0.0,0.0,-0.9659258262890684,0.2588190451025203,6,1
2012-08-05 20:00:00,0.0,0.0,0.0,0.0,0.0,0.0,0.0,0.0,-0.8660254037844386,0.5000000000000001,6,1
2012-08-05 21:00:00,0.0,0.0,0.0,0.0,18.0,0.0,18.0,1.0,-0.7071067811865477,0.7071067811865474,6,0
2012-08-05 22:00:00,0.0,0.0,2.0,76.0,90.0,0.0,168.0,3.0,-0.5000000000000004,0.8660254037844384,6,0
2012-08-05 23:00:00,0.0,0.0,0.0,0.0,74.0,0.0,74.0,1.0,-0.25881904510252157,0.9659258262890681,6,0
2012-08-06 00:00:00,102.0,168.0,8.0,6.0,106.0,14.0,404.0,6.0,0.0,1.0,0,0
2012-08-06 01:00:00,0.0,34.0,0.0,0.0,0.0,0.0,34.0,1.0,0.25881904510252074,0.9659258262890683,0,0
2012-08-06 02:00:00,0.0,0.0,0.0,0.0,0.0,0.0,0.0,0.0,0.49999999999999994,0.8660254037844387,0,1
2012-08-06 03:00:00,0.0,2.0,0.0,0.0,0.0,0.0,2.0,1.0,0.7071067811865476,0.7071067811865476,0,0
2012-08-06 04:00:00,0.0,2.0,0.0,0.0,0.0,0.0,2.0,1.0,0.8660254037844386,0.5000000000000001,0,0
2012-08-06 05:00:00,23.0,56.0,0.0,0.0,0.0,2.0,81.0,3.0,0.9659258262890683,0.25881904510252074,0,0
2012-08-06 06:00:00,9.0,0.0,2.0,50.0,60.0,20.0,141.0,5.0,1.0,6.123233995736766e-17,0,0
2012-08-06 07:00:00,0.0,0.0,0.0,0.0,2.0,0.0,2.0,1.0,0.9659258262890683,-0.25881904510252063,0,0
2012-08-06 08:00:00,48.0,2.0,8.0,120.0,110.0,6.0,294.0,6.0,0.8660254037844387,-0.4999999999999998,0,0
2012-08-06 09:00:00,216.0,104.0,0.0,0.0,104.0,2.0,426.0,4.0,0.7071067811865476,-0.7071067811865475,0,0
2012-08-06 10:00:00,60.0,68.0,4.0,0.0,22.0,12.0,166.0,5.0,0.49999999999999994,-0.8660254037844387,0,0
2012-08-06 11:00:00,40.0,20.0,0.0,0.0,14.0,12.0,86.0,4.0,0.258819045102521,-0.9659258262890682,0,0
2012-08-06 12:00:00,0.0,0.0,0.0,2.0,136.0,8.0,146.0,3.0,1.2246467991473532e-16,-1.0,0,0
2012-08-06 13:00:00,0.0,0.0,0.0,0.0,22.0,10.0,32.0,2.0,-0.2588190451025208,-0.9659258262890683,0,0
2012-08-06 14:00:00,0.0,0.0,0.0,0.0,0.0,0.0,0.0,0.0,-0.4999999999999997,-0.8660254037844388,0,1
2012-08-06 15:00:00,0.0,0.0,0.0,12.0,32.0,0.0,44.0,2.0,-0.7071067811865471,-0.7071067811865479,0,0
2012-08-06 16:00:00,0.0,0.0,0.0,116.0,8.0,0.0,124.0,2.0,-0.8660254037844385,-0.5000000000000004,0,0
2012-08-06 17:00:00,0.0,0.0,0.0,0.0,2.0,0.0,2.0,1.0,-0.9659258262890683,-0.25881904510252063,0,0
2012-08-06 18:00:00,36.0,20.0,0.0,0.0,78.0,22.0,156.0,4.0,-1.0,-1.8369701987210297e-16,0,0
2012-08-06 19:00:00,0.0,0.0,4.0,120.0,92.0,0.0,216.0,3.0,-0.9659258262890684,0.2588190451025203,0,0
2012-08-06 20:00:00,0.0,0.0,2.0,81.0,16.0,0.0,99.0,3.0,-0.8660254037844386,0.5000000000000001,0,0
2012-08-06 21:00:00,0.0,0.0,14.0,307.0,126.0,0.0,447.0,3.0,-0.7071067811865477,0.7071067811865474,0,0
2012-08-06 22:00:00,0.0,0.0,0.0,0.0,94.0,0.0,94.0,1.0,-0.5000000000000004,0.8660254037844384,0,0
2012-08-06 23:00:00,2.0,0.0,0.0,0.0,64.0,0.0,66.0,2.0,-0.25881904510252157,0.9659258262890681,0,0
2012-08-07 00:00:00,84.0,228.0,2.0,28.0,96.0,8.0,446.0,6.0,0.0,1.0,1,0
2012-08-07 01:00:00,0.0,14.0,0.0,2.0,0.0,0.0,16.0,2.0,0.25881904510252074,0.9659258262890683,1,0
2012-08-07 02:00:00,0.0,14.0,0.0,0.0,0.0,0.0,14.0,1.0,0.49999999999999994,0.8660254037844387,1,0
2012-08-07 03:00:00,0.0,4.0,0.0,0.0,0.0,0.0,4.0,1.0,0.7071067811865476,0.7071067811865476,1,0
2012-08-07 04:00:00,0.0,2.0,0.0,0.0,0.0,0.0,2.0,1.0,0.8660254037844386,0.5000000000000001,1,0
2012-08-07 05:00:00,0.0,4.0,0.0,0.0,0.0,0.0,4.0,1.0,0.9659258262890683,0.25881904510252074,1,0
2012-08-07 06:00:00,0.0,2.0,0.0,0.0,0.0,0.0,2.0,1.0,1.0,6.123233995736766e-17,1,0
2012-08-07 07:00:00,34.0,42.0,2.0,50.0,44.0,16.0,188.0,6.0,0.9659258262890683,-0.25881904510252063,1,0
2012-08-07 08:00:00,52.0,4.0,4.0,70.0,78.0,4.0,212.0,6.0,0.8660254037844387,-0.4999999999999998,1,0
2012-08-07 09:00:00,0.0,2.0,4.0,42.0,146.0,0.0,194.0,4.0,0.7071067811865476,-0.7071067811865475,1,0
2012-08-07 10:00:00,256.0,244.0,6.0,24.0,120.0,0.0,650.0,5.0,0.49999999999999994,-0.8660254037844387,1,0
2012-08-07 11:00:00,82.0,26.0,2.0,16.0,76.0,2.0,204.0,6.0,0.258819045102521,-0.9659258262890682,1,0
2012-08-07 12:00:00,0.0,0.0,4.0,48.0,186.0,24.0,262.0,4.0,1.2246467991473532e-16,-1.0,1,0
2012-08-07 13:00:00,0.0,0.0,4.0,32.0,258.0,16.0,310.0,4.0,-0.2588190451025208,-0.9659258262890683,1,0
2012-08-07 14:00:00,0.0,0.0,0.0,0.0,14.0,8.0,22.0,2.0,-0.4999999999999997,-0.8660254037844388,1,0
2012-08-07 15:00:00,0.0,0.0,0.0,0.0,0.0,0.0,0.0,0.0,-0.7071067811865471,-0.7071067811865479,1,1
2012-08-07 16:00:00,0.0,0.0,0.0,0.0,0.0,0.0,0.0,0.0,-0.8660254037844385,-0.5000000000000004,1,1
2012-08-07 17:00:00,36.0,2.0,0.0,0.0,24.0,10.0,72.0,4.0,-0.9659258262890683,-0.25881904510252063,1,0
2012-08-07 18:00:00,0.0,0.0,0.0,0.0,16.0,8.0,24.0,2.0,-1.0,-1.8369701987210297e-16,1,0
2012-08-07 19:00:00,0.0,0.0,0.0,0.0,10.0,0.0,10.0,1.0,-0.9659258262890684,0.2588190451025203,1,0
2012-08-07 20:00:00,0.0,0.0,4.0,84.0,52.0,0.0,140.0,3.0,-0.8660254037844386,0.5000000000000001,1,0
2012-08-07 21:00:00,0.0,0.0,0.0,2.0,8.0,0.0,10.0,2.0,-0.7071067811865477,0.7071067811865474,1,0
2012-08-07 22:00:00,0.0,0.0,0.0,2.0,24.0,0.0,26.0,2.0,-0.5000000000000004,0.8660254037844384,1,0
2012-08-07 23:00:00,0.0,48.0,0.0,0.0,22.0,6.0,76.0,3.0,-0.25881904510252157,0.9659258262890681,1,0
2012-08-08 00:00:00,74.0,216.0,0.0,0.0,22.0,6.0,318.0,4.0,0.0,1.0,2,0
2012-08-08 01:00:00,0.0,0.0,0.0,0.0,0.0,0.0,0.0,0.0,0.25881904510252074,0.9659258262890683,2,1
2012-08-08 02:00:00,0.0,12.0,0.0,0.0,0.0,0.0,12.0,1.0,0.49999999999999994,0.8660254037844387,2,0
2012-08-08 03:00:00,0.0,0.0,0.0,0.0,0.0,0.0,0.0,0.0,0.7071067811865476,0.7071067811865476,2,1
2012-08-08 04:00:00,0.0,2.0,0.0,0.0,0.0,0.0,2.0,1.0,0.8660254037844386,0.5000000000000001,2,0
2012-08-08 05:00:00,42.0,40.0,0.0,0.0,20.0,14.0,116.0,4.0,0.9659258262890683,0.25881904510252074,2,0
2012-08-08 06:00:00,0.0,0.0,2.0,48.0,76.0,0.0,126.0,3.0,1.0,6.123233995736766e-17,2,0
2012-08-08 07:00:00,40.0,2.0,8.0,220.0,82.0,2.0,354.0,6.0,0.9659258262890683,-0.25881904510252063,2,0
2012-08-08 08:00:00,0.0,0.0,0.0,16.0,250.0,0.0,266.0,2.0,0.8660254037844387,-0.4999999999999998,2,0
2012-08-08 09:00:00,20.0,40.0,2.0,46.0,110.0,0.0,218.0,5.0,0.7071067811865476,-0.7071067811865475,2,0
2012-08-08 10:00:00,264.0,264.0,22.0,84.0,14.0,2.0,650.0,6.0,0.49999999999999994,-0.8660254037844387,2,0
2012-08-08 11:00:00,42.0,16.0,0.0,2.0,54.0,16.0,130.0,5.0,0.258819045102521,-0.9659258262890682,2,0
2012-08-08 12:00:00,30.0,4.0,10.0,62.0,100.0,14.0,220.0,6.0,1.2246467991473532e-16,-1.0,2,0
2012-08-08 13:00:00,0.0,0.0,0.0,0.0,0.0,0.0,0.0,0.0,-0.2588190451025208,-0.9659258262890683,2,1
2012-08-08 14:00:00,0.0,0.0,0.0,0.0,0.0,0.0,0.0,0.0,-0.4999999999999997,-0.8660254037844388,2,1
2012-08-08 15:00:00,16.0,38.0,4.0,16.0,40.0,10.0,124.0,6.0,-0.7071067811865471,-0.7071067811865479,2,0
2012-08-08 16:00:00,0.0,0.0,0.0,0.0,8.0,0.0,8.0,1.0,-0.8660254037844385,-0.5000000000000004,2,0
2012-08-08 17:00:00,0.0,0.0,0.0,0.0,0.0,0.0,0.0,0.0,-0.9659258262890683,-0.25881904510252063,2,1
2012-08-08 18:00:00,32.0,2.0,12.0,144.0,90.0,4.0,284.0,6.0,-1.0,-1.8369701987210297e-16,2,0
2012-08-08 19:00:00,0.0,0.0,0.0,0.0,2.0,0.0,2.0,1.0,-0.9659258262890684,0.2588190451025203,2,0
2012-08-08 20:00:00,0.0,0.0,2.0,280.0,42.0,0.0,324.0,3.0,-0.8660254037844386,0.5000000000000001,2,0
2012-08-08 21:00:00,0.0,0.0,0.0,0.0,2.0,0.0,2.0,1.0,-0.7071067811865477,0.7071067811865474,2,0
2012-08-08 22:00:00,0.0,0.0,0.0,0.0,0.0,0.0,0.0,0.0,-0.5000000000000004,0.8660254037844384,2,1
2012-08-08 23:00:00,0.0,0.0,0.0,0.0,0.0,0.0,0.0,0.0,-0.25881904510252157,0.9659258262890681,2,1
2012-08-09 00:00:00,0.0,0.0,0.0,0.0,6.0,0.0,6.0,1.0,0.0,1.0,3,0
2012-08-09 01:00:00,32.0,138.0,2.0,0.0,48.0,6.0,226.0,5.0,0.25881904510252074,0.9659258262890683,3,0
2012-08-09 02:00:00,0.0,2.0,0.0,0.0,0.0,0.0,2.0,1.0,0.49999999999999994,0.8660254037844387,3,0
2012-08-09 03:00:00,0.0,0.0,0.0,0.0,0.0,0.0,0.0,0.0,0.7071067811865476,0.7071067811865476,3,1
2012-08-09 04:00:00,0.0,22.0,0.0,0.0,0.0,0.0,22.0,1.0,0.8660254037844386,0.5000000000000001,3,0
2012-08-09 05:00:00,0.0,0.0,0.0,0.0,0.0,0.0,0.0,0.0,0.9659258262890683,0.25881904510252074,3,1
2012-08-09 06:00:00,0.0,0.0,0.0,0.0,0.0,0.0,0.0,0.0,1.0,6.123233995736766e-17,3,1
2012-08-09 07:00:00,32.0,48.0,2.0,50.0,32.0,20.0,184.0,6.0,0.9659258262890683,-0.25881904510252063,3,0
2012-08-09 08:00:00,0.0,0.0,0.0,0.0,72.0,0.0,72.0,1.0,0.8660254037844387,-0.4999999999999998,3,0
2012-08-09 09:00:00,44.0,2.0,6.0,346.0,140.0,2.0,540.0,6.0,0.7071067811865476,-0.7071067811865475,3,0
2012-08-09 10:00:00,36.0,2.0,0.0,0.0,202.0,4.0,244.0,4.0,0.49999999999999994,-0.8660254037844387,3,0
2012-08-09 11:00:00,0.0,0.0,0.0,0.0,243.0,0.0,243.0,1.0,0.258819045102521,-0.9659258262890682,3,0
2012-08-09 12:00:00,133.0,52.0,6.0,78.0,143.0,2.0,414.0,6.0,1.2246467991473532e-16,-1.0,3,0
2012-08-09 13:00:00,143.0,34.0,4.0,74.0,70.0,20.0,345.0,6.0,-0.2588190451025208,-0.9659258262890683,3,0
2012-08-09 14:00:00,60.0,48.0,0.0,0.0,246.0,18.0,372.0,4.0,-0.4999999999999997,-0.8660254037844388,3,0
2012-08-09 15:00:00,0.0,0.0,0.0,0.0,34.0,8.0,42.0,2.0,-0.7071067811865471,-0.7071067811865479,3,0
2012-08-09 16:00:00,0.0,0.0,0.0,0.0,58.0,16.0,74.0,2.0,-0.8660254037844385,-0.5000000000000004,3,0
2012-08-09 17:00:00,0.0,14.0,0.0,0.0,28.0,12.0,54.0,3.0,-0.9659258262890683,-0.25881904510252063,3,0
2012-08-09 18:00:00,32.0,0.0,0.0,0.0,40.0,14.0,86.0,3.0,-1.0,-1.8369701987210297e-16,3,0
2012-08-09 19:00:00,0.0,0.0,0.0,2.0,16.0,0.0,18.0,2.0,-0.9659258262890684,0.2588190451025203,3,0
2012-08-09 20:00:00,0.0,0.0,0.0,0.0,10.0,0.0,10.0,1.0,-0.8660254037844386,0.5000000000000001,3,0
2012-08-09 21:00:00,0.0,0.0,0.0,0.0,20.0,0.0,20.0,1.0,-0.7071067811865477,0.7071067811865474,3,0
2012-08-09 22:00:00,0.0,0.0,0.0,0.0,20.0,0.0,20.0,1.0,-0.5000000000000004,0.8660254037844384,3,0
2012-08-09 23:00:00,42.0,20.0,4.0,98.0,162.0,4.0,330.0,6.0,-0.25881904510252157,0.9659258262890681,3,0
2012-08-10 00:00:00,16.0,102.0,4.0,10.0,28.0,12.0,172.0,6.0,0.0,1.0,4,0
2012-08-10 01:00:00,0.0,12.0,0.0,0.0,0.0,0.0,12.0,1.0,0.25881904510252074,0.9659258262890683,4,0
2012-08-10 02:00:00,12.0,48.0,0.0,0.0,0.0,2.0,62.0,3.0,0.49999999999999994,0.8660254037844387,4,0
2012-08-10 03:00:00,40.0,24.0,0.0,0.0,0.0,0.0,64.0,2.0,0.7071067811865476,0.7071067811865476,4,0
2012-08-10 04:00:00,0.0,2.0,0.0,2.0,0.0,0.0,4.0,2.0,0.8660254037844386,0.5000000000000001,4,0
2012-08-10 05:00:00,0.0,4.0,0.0,0.0,0.0,0.0,4.0,1.0,0.9659258262890683,0.25881904510252074,4,0
2012-08-10 06:00:00,0.0,0.0,0.0,0.0,0.0,0.0,0.0,0.0,1.0,6.123233995736766e-17,4,1
2012-08-10 07:00:00,34.0,62.0,4.0,56.0,72.0,20.0,248.0,6.0,0.9659258262890683,-0.25881904510252063,4,0
2012-08-10 08:00:00,18.0,4.0,6.0,190.0,100.0,4.0,322.0,6.0,0.8660254037844387,-0.4999999999999998,4,0
2012-08-10 09:00:00,214.0,124.0,4.0,20.0,52.0,14.0,428.0,6.0,0.7071067811865476,-0.7071067811865475,4,0
2012-08-10 10:00:00,0.0,0.0,0.0,0.0,0.0,0.0,0.0,0.0,0.49999999999999994,-0.8660254037844387,4,1
2012-08-10 11:00:00,0.0,0.0,0.0,0.0,18.0,12.0,30.0,2.0,0.258819045102521,-0.9659258262890682,4,0
2012-08-10 12:00:00,46.0,12.0,14.0,48.0,48.0,4.0,172.0,6.0,1.2246467991473532e-16,-1.0,4,0
2012-08-10 13:00:00,0.0,0.0,6.0,114.0,38.0,16.0,174.0,4.0,-0.2588190451025208,-0.9659258262890683,4,0
2012-08-10 14:00:00,0.0,0.0,0.0,0.0,10.0,0.0,10.0,1.0,-0.4999999999999997,-0.8660254037844388,4,0
2012-08-10 15:00:00,0.0,0.0,0.0,0.0,0.0,0.0,0.0,0.0,-0.7071067811865471,-0.7071067811865479,4,1
2012-08-10 16:00:00,58.0,2.0,10.0,46.0,88.0,18.0,222.0,6.0,-0.8660254037844385,-0.5000000000000004,4,0
2012-08-10 17:00:00,0.0,10.0,42.0,194.0,134.0,10.0,390.0,5.0,-0.9659258262890683,-0.25881904510252063,4,0
2012-08-10 18:00:00,0.0,0.0,0.0,0.0,216.0,4.0,220.0,2.0,-1.0,-1.8369701987210297e-16,4,0
2012-08-10 19:00:00,0.0,0.0,8.0,216.0,134.0,4.0,362.0,4.0,-0.9659258262890684,0.2588190451025203,4,0
2012-08-10 20:00:00,0.0,38.0,2.0,76.0,52.0,2.0,170.0,5.0,-0.8660254037844386,0.5000000000000001,4,0
2012-08-10 21:00:00,0.0,0.0,0.0,0.0,20.0,0.0,20.0,1.0,-0.7071067811865477,0.7071067811865474,4,0
2012-08-10 22:00:00,0.0,0.0,0.0,0.0,0.0,0.0,0.0,0.0,-0.5000000000000004,0.8660254037844384,4,1
2012-08-10 23:00:00,0.0,0.0,0.0,0.0,2.0,0.0,2.0,1.0,-0.25881904510252157,0.9659258262890681,4,0
2012-08-11 00:00:00,69.0,116.0,6.0,56.0,48.0,6.0,301.0,6.0,0.0,1.0,5,0
2012-08-11 01:00:00,31.0,48.0,0.0,0.0,0.0,0.0,79.0,2.0,0.25881904510252074,0.9659258262890683,5,0
2012-08-11 02:00:00,0.0,0.0,0.0,0.0,0.0,0.0,0.0,0.0,0.49999999999999994,0.8660254037844387,5,1
2012-08-11 03:00:00,0.0,6.0,0.0,2.0,0.0,0.0,8.0,2.0,0.7071067811865476,0.7071067811865476,5,0
2012-08-11 04:00:00,0.0,2.0,0.0,0.0,0.0,0.0,2.0,1.0,0.8660254037844386,0.5000000000000001,5,0
2012-08-11 05:00:00,0.0,2.0,0.0,0.0,0.0,0.0,2.0,1.0,0.9659258262890683,0.25881904510252074,5,0
2012-08-11 06:00:00,0.0,6.0,0.0,0.0,0.0,0.0,6.0,1.0,1.0,6.123233995736766e-17,5,0
2012-08-11 07:00:00,56.0,42.0,2.0,56.0,58.0,16.0,230.0,6.0,0.9659258262890683,-0.25881904510252063,5,0
2012-08-11 08:00:00,0.0,0.0,8.0,378.0,114.0,0.0,500.0,3.0,0.8660254037844387,-0.4999999999999998,5,0
2012-08-11 09:00:00,20.0,2.0,0.0,0.0,206.0,2.0,230.0,4.0,0.7071067811865476,-0.7071067811865475,5,0
2012-08-11 10:00:00,14.0,2.0,10.0,90.0,98.0,0.0,214.0,5.0,0.49999999999999994,-0.8660254037844387,5,0
2012-08-11 11:00:00,0.0,0.0,0.0,0.0,140.0,0.0,140.0,1.0,0.258819045102521,-0.9659258262890682,5,0
2012-08-11 12:00:00,48.0,212.0,0.0,2.0,86.0,2.0,350.0,5.0,1.2246467991473532e-16,-1.0,5,0
2012-08-11 13:00:00,184.0,52.0,0.0,0.0,26.0,12.0,274.0,4.0,-0.2588190451025208,-0.9659258262890683,5,0
2012-08-11 14:00:00,0.0,0.0,4.0,32.0,54.0,8.0,98.0,4.0,-0.4999999999999997,-0.8660254037844388,5,0
2012-08-11 15:00:00,0.0,0.0,0.0,0.0,2.0,0.0,2.0,1.0,-0.7071067811865471,-0.7071067811865479,5,0
2012-08-11 16:00:00,42.0,2.0,2.0,98.0,90.0,2.0,236.0,6.0,-0.8660254037844385,-0.5000000000000004,5,0
2012-08-11 17:00:00,0.0,0.0,0.0,2.0,86.0,10.0,98.0,3.0,-0.9659258262890683,-0.25881904510252063,5,0
2012-08-11 18:00:00,0.0,0.0,14.0,64.0,22.0,14.0,114.0,4.0,-1.0,-1.8369701987210297e-16,5,0
2012-08-11 19:00:00,4.0,52.0,0.0,0.0,72.0,22.0,150.0,4.0,-0.9659258262890684,0.2588190451025203,5,0
2012-08-11 20:00:00,0.0,0.0,0.0,0.0,14.0,0.0,14.0,1.0,-0.8660254037844386,0.5000000000000001,5,0
2012-08-11 21:00:00,0.0,0.0,0.0,0.0,2.0,0.0,2.0,1.0,-0.7071067811865477,0.7071067811865474,5,0
2012-08-11 22:00:00,0.0,0.0,0.0,0.0,6.0,0.0,6.0,1.0,-0.5000000000000004,0.8660254037844384,5,0
2012-08-11 23:00:00,34.0,84.0,2.0,86.0,68.0,12.0,286.0,6.0,-0.25881904510252157,0.9659258262890681,5,0
2012-08-12 00:00:00,14.0,66.0,0.0,0.0,138.0,4.0,222.0,4.0,0.0,1.0,6,0
2012-08-12 01:00:00,0.0,10.0,0.0,0.0,0.0,0.0,10.0,1.0,0.25881904510252074,0.9659258262890683,6,0
2012-08-12 02:00:00,0.0,0.0,0.0,0.0,0.0,0.0,0.0,0.0,0.49999999999999994,0.8660254037844387,6,1
2012-08-12 03:00:00,24.0,62.0,0.0,0.0,0.0,0.0,86.0,2.0,0.7071067811865476,0.7071067811865476,6,0
2012-08-12 04:00:00,0.0,4.0,0.0,0.0,0.0,0.0,4.0,1.0,0.8660254037844386,0.5000000000000001,6,0
2012-08-12 05:00:00,0.0,8.0,0.0,0.0,0.0,0.0,8.0,1.0,0.9659258262890683,0.25881904510252074,6,0
2012-08-12 06:00:00,0.0,8.0,0.0,0.0,0.0,0.0,8.0,1.0,1.0,6.123233995736766e-17,6,0
2012-08-12 07:00:00,7.0,38.0,0.0,0.0,0.0,0.0,45.0,2.0,0.9659258262890683,-0.25881904510252063,6,0
2012-08-12 08:00:00,37.0,34.0,4.0,72.0,86.0,24.0,257.0,6.0,0.8660254037844387,-0.4999999999999998,6,0
2012-08-12 09:00:00,56.0,2.0,8.0,240.0,104.0,2.0,412.0,6.0,0.7071067811865476,-0.7071067811865475,6,0
2012-08-12 10:00:00,0.0,0.0,0.0,0.0,100.0,0.0,100.0,1.0,0.49999999999999994,-0.8660254037844387,6,0
2012-08-12 11:00:00,212.0,152.0,2.0,80.0,94.0,4.0,544.0,6.0,0.258819045102521,-0.9659258262890682,6,0
2012-08-12 12:00:00,0.0,0.0,0.0,0.0,50.0,18.0,68.0,2.0,1.2246467991473532e-16,-1.0,6,0
2012-08-12 13:00:00,18.0,2.0,4.0,80.0,50.0,24.0,178.0,6.0,-0.2588190451025208,-0.9659258262890683,6,0
2012-08-12 14:00:00,12.0,0.0,0.0,0.0,58.0,2.0,72.0,3.0,-0.4999999999999997,-0.8660254037844388,6,0
2012-08-12 15:00:00,30.0,2.0,0.0,0.0,74.0,24.0,130.0,4.0,-0.7071067811865471,-0.7071067811865479,6,0
2012-08-12 16:00:00,0.0,0.0,0.0,0.0,32.0,0.0,32.0,1.0,-0.8660254037844385,-0.5000000000000004,6,0
2012-08-12 17:00:00,0.0,0.0,4.0,220.0,70.0,0.0,294.0,3.0,-0.9659258262890683,-0.25881904510252063,6,0
2012-08-12 18:00:00,0.0,0.0,0.0,2.0,14.0,0.0,16.0,2.0,-1.0,-1.8369701987210297e-16,6,0
2012-08-12 19:00:00,0.0,0.0,0.0,0.0,22.0,0.0,22.0,1.0,-0.9659258262890684,0.2588190451025203,6,0
2012-08-12 20:00:00,0.0,0.0,0.0,0.0,26.0,0.0,26.0,1.0,-0.8660254037844386,0.5000000000000001,6,0
2012-08-12 21:00:00,0.0,0.0,0.0,0.0,4.0,0.0,4.0,1.0,-0.7071067811865477,0.7071067811865474,6,0
2012-08-12 22:00:00,0.0,0.0,0.0,0.0,14.0,0.0,14.0,1.0,-0.5000000000000004,0.8660254037844384,6,0
2012-08-12 23:00:00,46.0,34.0,4.0,80.0,86.0,4.0,254.0,6.0,-0.25881904510252157,0.9659258262890681,6,0
2012-08-13 00:00:00,0.0,0.0,0.0,0.0,104.0,0.0,104.0,1.0,0.0,1.0,0,0
2012-08-13 01:00:00,20.0,76.0,0.0,0.0,74.0,12.0,182.0,4.0,0.25881904510252074,0.9659258262890683,0,0
2012-08-13 02:00:00,0.0,0.0,0.0,0.0,0.0,0.0,0.0,0.0,0.49999999999999994,0.8660254037844387,0,1
2012-08-13 03:00:00,0.0,4.0,0.0,0.0,0.0,0.0,4.0,1.0,0.7071067811865476,0.7071067811865476,0,0
2012-08-13 04:00:00,0.0,0.0,0.0,0.0,0.0,0.0,0.0,0.0,0.8660254037844386,0.5000000000000001,0,1
2012-08-13 05:00:00,0.0,0.0,0.0,0.0,0.0,0.0,0.0,0.0,0.9659258262890683,0.25881904510252074,0,1
2012-08-13 06:00:00,0.0,0.0,0.0,0.0,0.0,0.0,0.0,0.0,1.0,6.123233995736766e-17,0,1
2012-08-13 07:00:00,0.0,0.0,0.0,0.0,0.0,2.0,2.0,1.0,0.9659258262890683,-0.25881904510252063,0,0
2012-08-13 08:00:00,36.0,44.0,0.0,32.0,54.0,10.0,176.0,5.0,0.8660254037844387,-0.4999999999999998,0,0
2012-08-13 09:00:00,26.0,0.0,2.0,208.0,96.0,2.0,334.0,5.0,0.7071067811865476,-0.7071067811865475,0,0
2012-08-13 10:00:00,18.0,18.0,0.0,100.0,138.0,2.0,276.0,5.0,0.49999999999999994,-0.8660254037844387,0,0
2012-08-13 11:00:00,34.0,60.0,0.0,2.0,34.0,0.0,130.0,4.0,0.258819045102521,-0.9659258262890682,0,0
2012-08-13 12:00:00,240.0,44.0,0.0,0.0,134.0,0.0,418.0,3.0,1.2246467991473532e-16,-1.0,0,0
2012-08-13 13:00:00,28.0,18.0,4.0,42.0,112.0,28.0,232.0,6.0,-0.2588190451025208,-0.9659258262890683,0,0
2012-08-13 14:00:00,6.0,0.0,0.0,0.0,18.0,10.0,34.0,3.0,-0.4999999999999997,-0.8660254037844388,0,0
2012-08-13 15:00:00,0.0,0.0,0.0,0.0,14.0,0.0,14.0,1.0,-0.7071067811865471,-0.7071067811865479,0,0
2012-08-13 16:00:00,26.0,4.0,0.0,0.0,36.0,22.0,88.0,4.0,-0.8660254037844385,-0.5000000000000004,0,0
2012-08-13 17:00:00,0.0,0.0,0.0,0.0,64.0,16.0,80.0,2.0,-0.9659258262890683,-0.25881904510252063,0,0
2012-08-13 18:00:00,0.0,0.0,2.0,68.0,54.0,0.0,124.0,3.0,-1.0,-1.8369701987210297e-16,0,0
2012-08-13 19:00:00,0.0,0.0,0.0,0.0,8.0,0.0,8.0,1.0,-0.9659258262890684,0.2588190451025203,0,0
2012-08-13 20:00:00,0.0,0.0,0.0,0.0,26.0,0.0,26.0,1.0,-0.8660254037844386,0.5000000000000001,0,0
2012-08-13 21:00:00,40.0,2.0,8.0,200.0,70.0,2.0,322.0,6.0,-0.7071067811865477,0.7071067811865474,0,0
2012-08-13 22:00:00,0.0,0.0,0.0,0.0,52.0,0.0,52.0,1.0,-0.5000000000000004,0.8660254037844384,0,0
2012-08-13 23:00:00,0.0,0.0,0.0,0.0,0.0,0.0,0.0,0.0,-0.25881904510252157,0.9659258262890681,0,1
2012-08-14 00:00:00,0.0,0.0,0.0,0.0,6.0,0.0,6.0,1.0,0.0,1.0,1,0
2012-08-14 01:00:00,0.0,0.0,0.0,0.0,0.0,0.0,0.0,0.0,0.25881904510252074,0.9659258262890683,1,1
2012-08-14 02:00:00,24.0,152.0,0.0,0.0,18.0,2.0,196.0,4.0,0.49999999999999994,0.8660254037844387,1,0
2012-08-14 03:00:00,0.0,2.0,0.0,0.0,0.0,0.0,2.0,1.0,0.7071067811865476,0.7071067811865476,1,0
2012-08-14 04:00:00,0.0,14.0,0.0,0.0,0.0,0.0,14.0,1.0,0.8660254037844386,0.5000000000000001,1,0
2012-08-14 05:00:00,0.0,2.0,0.0,0.0,0.0,0.0,2.0,1.0,0.9659258262890683,0.25881904510252074,1,0
2012-08-14 06:00:00,0.0,8.0,0.0,0.0,0.0,0.0,8.0,1.0,1.0,6.123233995736766e-17,1,0
2012-08-14 07:00:00,0.0,4.0,0.0,0.0,0.0,0.0,4.0,1.0,0.9659258262890683,-0.25881904510252063,1,0
2012-08-14 08:00:00,40.0,52.0,2.0,66.0,50.0,14.0,224.0,6.0,0.8660254037844387,-0.4999999999999998,1,0
2012-08-14 09:00:00,36.0,2.0,24.0,260.0,132.0,2.0,456.0,6.0,0.7071067811865476,-0.7071067811865475,1,0
2012-08-14 10:00:00,194.0,142.0,2.0,18.0,64.0,0.0,420.0,5.0,0.49999999999999994,-0.8660254037844387,1,0
2012-08-14 11:00:00,36.0,4.0,0.0,2.0,16.0,8.0,66.0,5.0,0.258819045102521,-0.9659258262890682,1,0
2012-08-14 12:00:00,0.0,0.0,0.0,0.0,0.0,0.0,0.0,0.0,1.2246467991473532e-16,-1.0,1,1
2012-08-14 13:00:00,40.0,0.0,6.0,0.0,126.0,24.0,196.0,4.0,-0.2588190451025208,-0.9659258262890683,1,0
2012-08-14 14:00:00,0.0,0.0,0.0,0.0,0.0,0.0,0.0,0.0,-0.4999999999999997,-0.8660254037844388,1,1
2012-08-14 15:00:00,0.0,2.0,0.0,0.0,52.0,6.0,60.0,3.0,-0.7071067811865471,-0.7071067811865479,1,0
2012-08-14 16:00:00,0.0,0.0,28.0,4.0,42.0,0.0,74.0,3.0,-0.8660254037844385,-0.5000000000000004,1,0
2012-08-14 17:00:00,24.0,0.0,2.0,2.0,70.0,10.0,108.0,5.0,-0.9659258262890683,-0.25881904510252063,1,0
2012-08-14 18:00:00,0.0,0.0,0.0,0.0,14.0,10.0,24.0,2.0,-1.0,-1.8369701987210297e-16,1,0
2012-08-14 19:00:00,0.0,20.0,6.0,28.0,124.0,4.0,182.0,5.0,-0.9659258262890684,0.2588190451025203,1,0
2012-08-14 20:00:00,0.0,0.0,0.0,2.0,2.0,0.0,4.0,2.0,-0.8660254037844386,0.5000000000000001,1,0
2012-08-14 21:00:00,0.0,0.0,0.0,0.0,0.0,0.0,0.0,0.0,-0.7071067811865477,0.7071067811865474,1,1
2012-08-14 22:00:00,0.0,0.0,0.0,0.0,4.0,0.0,4.0,1.0,-0.5000000000000004,0.8660254037844384,1,0
2012-08-14 23:00:00,24.0,14.0,14.0,122.0,66.0,2.0,242.0,6.0,-0.25881904510252157,0.9659258262890681,1,0
2012-08-15 00:00:00,0.0,0.0,0.0,0.0,0.0,0.0,0.0,0.0,0.0,1.0,2,1
2012-08-15 01:00:00,18.0,130.0,0.0,0.0,14.0,0.0,162.0,3.0,0.25881904510252074,0.9659258262890683,2,0
2012-08-15 02:00:00,0.0,2.0,0.0,0.0,0.0,0.0,2.0,1.0,0.49999999999999994,0.8660254037844387,2,0
2012-08-15 03:00:00,0.0,8.0,0.0,0.0,0.0,0.0,8.0,1.0,0.7071067811865476,0.7071067811865476,2,0
2012-08-15 04:00:00,0.0,0.0,0.0,0.0,0.0,0.0,0.0,0.0,0.8660254037844386,0.5000000000000001,2,1
2012-08-15 05:00:00,0.0,0.0,0.0,0.0,0.0,0.0,0.0,0.0,0.9659258262890683,0.25881904510252074,2,1
2012-08-15 06:00:00,0.0,0.0,0.0,0.0,0.0,0.0,0.0,0.0,1.0,6.123233995736766e-17,2,1
2012-08-15 07:00:00,30.0,36.0,4.0,34.0,26.0,12.0,142.0,6.0,0.9659258262890683,-0.25881904510252063,2,0
2012-08-15 08:00:00,0.0,0.0,2.0,212.0,40.0,0.0,254.0,3.0,0.8660254037844387,-0.4999999999999998,2,0
2012-08-15 09:00:00,40.0,1062.0,0.0,2.0,64.0,0.0,1168.0,4.0,0.7071067811865476,-0.7071067811865475,2,0
2012-08-15 10:00:00,78.0,924.0,0.0,2.0,20.0,6.0,1030.0,5.0,0.49999999999999994,-0.8660254037844387,2,0
2012-08-15 11:00:00,140.0,52.0,0.0,0.0,12.0,0.0,204.0,3.0,0.258819045102521,-0.9659258262890682,2,0
2012-08-15 12:00:00,28.0,0.0,0.0,0.0,46.0,36.0,110.0,3.0,1.2246467991473532e-16,-1.0,2,0
2012-08-15 13:00:00,0.0,0.0,0.0,0.0,0.0,0.0,0.0,0.0,-0.2588190451025208,-0.9659258262890683,2,1
2012-08-15 14:00:00,94.0,2.0,0.0,0.0,54.0,16.0,166.0,4.0,-0.4999999999999997,-0.8660254037844388,2,0
2012-08-15 15:00:00,0.0,0.0,0.0,0.0,0.0,0.0,0.0,0.0,-0.7071067811865471,-0.7071067811865479,2,1
2012-08-15 16:00:00,30.0,0.0,0.0,0.0,18.0,8.0,56.0,3.0,-0.8660254037844385,-0.5000000000000004,2,0
2012-08-15 17:00:00,0.0,0.0,2.0,36.0,72.0,20.0,130.0,4.0,-0.9659258262890683,-0.25881904510252063,2,0
2012-08-15 18:00:00,0.0,0.0,0.0,0.0,6.0,0.0,6.0,1.0,-1.0,-1.8369701987210297e-16,2,0
2012-08-15 19:00:00,0.0,0.0,0.0,0.0,4.0,0.0,4.0,1.0,-0.9659258262890684,0.2588190451025203,2,0
2012-08-15 20:00:00,34.0,16.0,4.0,42.0,44.0,6.0,146.0,6.0,-0.8660254037844386,0.5000000000000001,2,0
2012-08-15 21:00:00,0.0,0.0,0.0,0.0,8.0,0.0,8.0,1.0,-0.7071067811865477,0.7071067811865474,2,0
2012-08-15 22:00:00,28.0,138.0,0.0,0.0,44.0,14.0,224.0,4.0,-0.5000000000000004,0.8660254037844384,2,0
2012-08-15 23:00:00,2.0,0.0,0.0,0.0,0.0,0.0,2.0,1.0,-0.25881904510252157,0.9659258262890681,2,0
2012-08-16 00:00:00,0.0,18.0,0.0,0.0,0.0,0.0,18.0,1.0,0.0,1.0,3,0
2012-08-16 01:00:00,0.0,4.0,0.0,0.0,0.0,0.0,4.0,1.0,0.25881904510252074,0.9659258262890683,3,0
2012-08-16 02:00:00,0.0,6.0,0.0,0.0,0.0,0.0,6.0,1.0,0.49999999999999994,0.8660254037844387,3,0
2012-08-16 03:00:00,0.0,0.0,0.0,0.0,0.0,0.0,0.0,0.0,0.7071067811865476,0.7071067811865476,3,1
2012-08-16 04:00:00,0.0,10.0,0.0,0.0,0.0,0.0,10.0,1.0,0.8660254037844386,0.5000000000000001,3,0
2012-08-16 05:00:00,36.0,68.0,0.0,0.0,0.0,0.0,104.0,2.0,0.9659258262890683,0.25881904510252074,3,0
2012-08-16 06:00:00,0.0,0.0,0.0,0.0,0.0,0.0,0.0,0.0,1.0,6.123233995736766e-17,3,1
2012-08-16 07:00:00,0.0,0.0,0.0,0.0,0.0,0.0,0.0,0.0,0.9659258262890683,-0.25881904510252063,3,1
2012-08-16 08:00:00,30.0,74.0,4.0,42.0,34.0,12.0,196.0,6.0,0.8660254037844387,-0.4999999999999998,3,0
2012-08-16 09:00:00,16.0,0.0,2.0,160.0,92.0,0.0,270.0,4.0,0.7071067811865476,-0.7071067811865475,3,0
2012-08-16 10:00:00,0.0,0.0,0.0,2.0,211.0,0.0,213.0,2.0,0.49999999999999994,-0.8660254037844387,3,0
2012-08-16 11:00:00,30.0,483.0,2.0,18.0,187.0,2.0,722.0,6.0,0.258819045102521,-0.9659258262890682,3,0
2012-08-16 12:00:00,194.0,585.0,0.0,0.0,10.0,14.0,803.0,4.0,1.2246467991473532e-16,-1.0,3,0
2012-08-16 13:00:00,0.0,0.0,0.0,0.0,16.0,8.0,24.0,2.0,-0.2588190451025208,-0.9659258262890683,3,0
2012-08-16 14:00:00,0.0,0.0,16.0,22.0,92.0,16.0,146.0,4.0,-0.4999999999999997,-0.8660254037844388,3,0
2012-08-16 15:00:00,0.0,0.0,0.0,2.0,226.0,0.0,228.0,2.0,-0.7071067811865471,-0.7071067811865479,3,0
2012-08-16 16:00:00,16.0,2.0,8.0,60.0,94.0,4.0,184.0,6.0,-0.8660254037844385,-0.5000000000000004,3,0
2012-08-16 17:00:00,28.0,2.0,2.0,56.0,68.0,22.0,178.0,6.0,-0.9659258262890683,-0.25881904510252063,3,0
2012-08-16 18:00:00,0.0,0.0,0.0,0.0,114.0,0.0,114.0,1.0,-1.0,-1.8369701987210297e-16,3,0
2012-08-16 19:00:00,28.0,4.0,0.0,106.0,196.0,0.0,334.0,4.0,-0.9659258262890684,0.2588190451025203,3,0
2012-08-16 20:00:00,0.0,0.0,0.0,30.0,40.0,2.0,72.0,3.0,-0.8660254037844386,0.5000000000000001,3,0
2012-08-16 21:00:00,0.0,0.0,0.0,0.0,12.0,0.0,12.0,1.0,-0.7071067811865477,0.7071067811865474,3,0
2012-08-16 22:00:00,0.0,0.0,0.0,0.0,4.0,0.0,4.0,1.0,-0.5000000000000004,0.8660254037844384,3,0
2012-08-16 23:00:00,148.0,144.0,0.0,0.0,14.0,0.0,306.0,3.0,-0.25881904510252157,0.9659258262890681,3,0
2012-08-17 00:00:00,0.0,0.0,0.0,0.0,0.0,0.0,0.0,0.0,0.0,1.0,4,1
2012-08-17 01:00:00,0.0,12.0,0.0,2.0,0.0,0.0,14.0,2.0,0.25881904510252074,0.9659258262890683,4,0
2012-08-17 02:00:00,0.0,18.0,0.0,0.0,0.0,0.0,18.0,1.0,0.49999999999999994,0.8660254037844387,4,0
2012-08-17 03:00:00,0.0,0.0,0.0,0.0,0.0,0.0,0.0,0.0,0.7071067811865476,0.7071067811865476,4,1
2012-08-17 04:00:00,0.0,2.0,0.0,0.0,0.0,0.0,2.0,1.0,0.8660254037844386,0.5000000000000001,4,0
2012-08-17 05:00:00,0.0,2.0,0.0,0.0,0.0,0.0,2.0,1.0,0.9659258262890683,0.25881904510252074,4,0
2012-08-17 06:00:00,0.0,0.0,0.0,0.0,0.0,0.0,0.0,0.0,1.0,6.123233995736766e-17,4,1
2012-08-17 07:00:00,34.0,54.0,2.0,36.0,56.0,12.0,194.0,6.0,0.9659258262890683,-0.25881904510252063,4,0
2012-08-17 08:00:00,0.0,0.0,0.0,0.0,36.0,0.0,36.0,1.0,0.8660254037844387,-0.4999999999999998,4,0
2012-08-17 09:00:00,38.0,2.0,2.0,152.0,98.0,2.0,294.0,6.0,0.7071067811865476,-0.7071067811865475,4,0
2012-08-17 10:00:00,0.0,0.0,0.0,0.0,112.0,0.0,112.0,1.0,0.49999999999999994,-0.8660254037844387,4,0
2012-08-17 11:00:00,52.0,58.0,2.0,30.0,156.0,2.0,300.0,6.0,0.258819045102521,-0.9659258262890682,4,0
2012-08-17 12:00:00,168.0,30.0,0.0,0.0,84.0,16.0,298.0,4.0,1.2246467991473532e-16,-1.0,4,0
2012-08-17 13:00:00,36.0,40.0,0.0,28.0,40.0,22.0,166.0,5.0,-0.2588190451025208,-0.9659258262890683,4,0
2012-08-17 14:00:00,4.0,0.0,4.0,70.0,58.0,20.0,156.0,5.0,-0.4999999999999997,-0.8660254037844388,4,0
2012-08-17 15:00:00,20.0,40.0,0.0,2.0,110.0,22.0,194.0,5.0,-0.7071067811865471,-0.7071067811865479,4,0
2012-08-17 16:00:00,0.0,0.0,0.0,0.0,32.0,0.0,32.0,1.0,-0.8660254037844385,-0.5000000000000004,4,0
2012-08-17 17:00:00,20.0,68.0,0.0,0.0,52.0,28.0,168.0,4.0,-0.9659258262890683,-0.25881904510252063,4,0
2012-08-17 18:00:00,0.0,0.0,0.0,0.0,0.0,0.0,0.0,0.0,-1.0,-1.8369701987210297e-16,4,1
2012-08-17 19:00:00,34.0,0.0,0.0,0.0,16.0,10.0,60.0,3.0,-0.9659258262890684,0.2588190451025203,4,0
2012-08-17 20:00:00,0.0,0.0,0.0,0.0,4.0,0.0,4.0,1.0,-0.8660254037844386,0.5000000000000001,4,0
2012-08-17 21:00:00,0.0,0.0,0.0,0.0,2.0,0.0,2.0,1.0,-0.7071067811865477,0.7071067811865474,4,0
2012-08-17 22:00:00,0.0,0.0,0.0,0.0,0.0,0.0,0.0,0.0,-0.5000000000000004,0.8660254037844384,4,1
2012-08-17 23:00:00,34.0,128.0,2.0,52.0,40.0,4.0,260.0,6.0,-0.25881904510252157,0.9659258262890681,4,0
2012-08-18 00:00:00,36.0,138.0,0.0,0.0,16.0,4.0,194.0,4.0,0.0,1.0,5,0
2012-08-18 01:00:00,0.0,2.0,0.0,0.0,0.0,0.0,2.0,1.0,0.25881904510252074,0.9659258262890683,5,0
2012-08-18 02:00:00,0.0,0.0,0.0,0.0,0.0,0.0,0.0,0.0,0.49999999999999994,0.8660254037844387,5,1
2012-08-18 03:00:00,0.0,6.0,0.0,0.0,0.0,0.0,6.0,1.0,0.7071067811865476,0.7071067811865476,5,0
2012-08-18 04:00:00,0.0,0.0,0.0,0.0,0.0,0.0,0.0,0.0,0.8660254037844386,0.5000000000000001,5,1
2012-08-18 05:00:00,0.0,4.0,0.0,2.0,0.0,0.0,6.0,2.0,0.9659258262890683,0.25881904510252074,5,0
2012-08-18 06:00:00,34.0,32.0,4.0,34.0,44.0,12.0,160.0,6.0,1.0,6.123233995736766e-17,5,0
2012-08-18 07:00:00,42.0,206.0,0.0,0.0,48.0,4.0,300.0,4.0,0.9659258262890683,-0.25881904510252063,5,0
2012-08-18 08:00:00,126.0,36.0,6.0,148.0,32.0,4.0,352.0,6.0,0.8660254037844387,-0.4999999999999998,5,0
2012-08-18 09:00:00,96.0,46.0,0.0,0.0,18.0,12.0,172.0,4.0,0.7071067811865476,-0.7071067811865475,5,0
2012-08-18 10:00:00,0.0,0.0,0.0,14.0,32.0,12.0,58.0,3.0,0.49999999999999994,-0.8660254037844387,5,0
2012-08-18 11:00:00,60.0,6.0,0.0,0.0,46.0,10.0,122.0,4.0,0.258819045102521,-0.9659258262890682,5,0
2012-08-18 12:00:00,0.0,0.0,0.0,0.0,0.0,0.0,0.0,0.0,1.2246467991473532e-16,-1.0,5,1
2012-08-18 13:00:00,0.0,0.0,0.0,0.0,0.0,0.0,0.0,0.0,-0.2588190451025208,-0.9659258262890683,5,1
2012-08-18 14:00:00,32.0,0.0,4.0,64.0,56.0,20.0,176.0,5.0,-0.4999999999999997,-0.8660254037844388,5,0
2012-08-18 15:00:00,0.0,0.0,16.0,78.0,66.0,18.0,178.0,4.0,-0.7071067811865471,-0.7071067811865479,5,0
2012-08-18 16:00:00,0.0,0.0,0.0,0.0,52.0,0.0,52.0,1.0,-0.8660254037844385,-0.5000000000000004,5,0
2012-08-18 17:00:00,0.0,0.0,0.0,0.0,82.0,8.0,90.0,2.0,-0.9659258262890683,-0.25881904510252063,5,0
2012-08-18 18:00:00,24.0,0.0,0.0,0.0,26.0,4.0,54.0,3.0,-1.0,-1.8369701987210297e-16,5,0
2012-08-18 19:00:00,0.0,0.0,0.0,0.0,0.0,0.0,0.0,0.0,-0.9659258262890684,0.2588190451025203,5,1
2012-08-18 20:00:00,0.0,0.0,0.0,0.0,4.0,0.0,4.0,1.0,-0.8660254037844386,0.5000000000000001,5,0
2012-08-18 21:00:00,38.0,4.0,2.0,160.0,66.0,0.0,270.0,5.0,-0.7071067811865477,0.7071067811865474,5,0
2012-08-18 22:00:00,0.0,0.0,0.0,0.0,72.0,0.0,72.0,1.0,-0.5000000000000004,0.8660254037844384,5,0
2012-08-18 23:00:00,22.0,50.0,0.0,40.0,104.0,12.0,228.0,5.0,-0.25881904510252157,0.9659258262890681,5,0
2012-08-19 00:00:00,32.0,68.0,0.0,0.0,0.0,0.0,100.0,2.0,0.0,1.0,6,0
2012-08-19 01:00:00,0.0,2.0,0.0,0.0,0.0,0.0,2.0,1.0,0.25881904510252074,0.9659258262890683,6,0
2012-08-19 02:00:00,0.0,20.0,0.0,0.0,0.0,0.0,20.0,1.0,0.49999999999999994,0.8660254037844387,6,0
2012-08-19 03:00:00,0.0,6.0,0.0,0.0,0.0,0.0,6.0,1.0,0.7071067811865476,0.7071067811865476,6,0
2012-08-19 04:00:00,0.0,2.0,0.0,0.0,0.0,0.0,2.0,1.0,0.8660254037844386,0.5000000000000001,6,0
2012-08-19 05:00:00,0.0,0.0,0.0,0.0,0.0,0.0,0.0,0.0,0.9659258262890683,0.25881904510252074,6,1
2012-08-19 06:00:00,0.0,8.0,0.0,0.0,0.0,0.0,8.0,1.0,1.0,6.123233995736766e-17,6,0
2012-08-19 07:00:00,38.0,40.0,4.0,62.0,54.0,16.0,214.0,6.0,0.9659258262890683,-0.25881904510252063,6,0
2012-08-19 08:00:00,96.0,2.0,4.0,64.0,84.0,2.0,252.0,6.0,0.8660254037844387,-0.4999999999999998,6,0
2012-08-19 09:00:00,76.0,0.0,6.0,98.0,170.0,0.0,350.0,4.0,0.7071067811865476,-0.7071067811865475,6,0
2012-08-19 10:00:00,0.0,0.0,0.0,0.0,202.0,0.0,202.0,1.0,0.49999999999999994,-0.8660254037844387,6,0
2012-08-19 11:00:00,52.0,2.0,6.0,132.0,122.0,2.0,316.0,6.0,0.258819045102521,-0.9659258262890682,6,0
2012-08-19 12:00:00,252.0,320.0,0.0,0.0,94.0,6.0,672.0,4.0,1.2246467991473532e-16,-1.0,6,0
2012-08-19 13:00:00,0.0,0.0,6.0,206.0,120.0,0.0,332.0,3.0,-0.2588190451025208,-0.9659258262890683,6,0
2012-08-19 14:00:00,0.0,0.0,4.0,66.0,76.0,0.0,146.0,3.0,-0.4999999999999997,-0.8660254037844388,6,0
2012-08-19 15:00:00,2.0,0.0,0.0,0.0,12.0,0.0,14.0,2.0,-0.7071067811865471,-0.7071067811865479,6,0
2012-08-19 16:00:00,24.0,2.0,0.0,0.0,94.0,10.0,130.0,4.0,-0.8660254037844385,-0.5000000000000004,6,0
2012-08-19 17:00:00,0.0,0.0,0.0,0.0,0.0,0.0,0.0,0.0,-0.9659258262890683,-0.25881904510252063,6,1
2012-08-19 18:00:00,22.0,0.0,2.0,16.0,24.0,16.0,80.0,5.0,-1.0,-1.8369701987210297e-16,6,0
2012-08-19 19:00:00,0.0,0.0,0.0,0.0,116.0,0.0,116.0,1.0,-0.9659258262890684,0.2588190451025203,6,0
2012-08-19 20:00:00,0.0,0.0,0.0,0.0,206.0,0.0,206.0,1.0,-0.8660254037844386,0.5000000000000001,6,0
2012-08-19 21:00:00,24.0,78.0,2.0,96.0,124.0,0.0,324.0,5.0,-0.7071067811865477,0.7071067811865474,6,0
2012-08-19 22:00:00,0.0,0.0,0.0,0.0,4.0,0.0,4.0,1.0,-0.5000000000000004,0.8660254037844384,6,0
2012-08-19 23:00:00,0.0,0.0,0.0,0.0,4.0,0.0,4.0,1.0,-0.25881904510252157,0.9659258262890681,6,0
2012-08-20 00:00:00,50.0,72.0,0.0,0.0,20.0,4.0,146.0,4.0,0.0,1.0,0,0
2012-08-20 01:00:00,0.0,16.0,0.0,0.0,0.0,0.0,16.0,1.0,0.25881904510252074,0.9659258262890683,0,0
2012-08-20 02:00:00,0.0,16.0,0.0,0.0,0.0,0.0,16.0,1.0,0.49999999999999994,0.8660254037844387,0,0
2012-08-20 03:00:00,0.0,4.0,0.0,0.0,0.0,0.0,4.0,1.0,0.7071067811865476,0.7071067811865476,0,0
2012-08-20 04:00:00,0.0,8.0,0.0,2.0,0.0,0.0,10.0,2.0,0.8660254037844386,0.5000000000000001,0,0
2012-08-20 05:00:00,0.0,4.0,0.0,0.0,0.0,0.0,4.0,1.0,0.9659258262890683,0.25881904510252074,0,0
2012-08-20 06:00:00,38.0,56.0,2.0,42.0,26.0,16.0,180.0,6.0,1.0,6.123233995736766e-17,0,0
2012-08-20 07:00:00,0.0,0.0,0.0,0.0,38.0,0.0,38.0,1.0,0.9659258262890683,-0.25881904510252063,0,0
2012-08-20 08:00:00,28.0,26.0,6.0,136.0,140.0,4.0,340.0,6.0,0.8660254037844387,-0.4999999999999998,0,0
2012-08-20 09:00:00,42.0,118.0,0.0,0.0,170.0,0.0,330.0,3.0,0.7071067811865476,-0.7071067811865475,0,0
2012-08-20 10:00:00,0.0,2.0,0.0,0.0,210.0,0.0,212.0,2.0,0.49999999999999994,-0.8660254037844387,0,0
2012-08-20 11:00:00,210.0,102.0,0.0,0.0,76.0,10.0,398.0,4.0,0.258819045102521,-0.9659258262890682,0,0
2012-08-20 12:00:00,0.0,0.0,0.0,0.0,0.0,0.0,0.0,0.0,1.2246467991473532e-16,-1.0,0,1
2012-08-20 13:00:00,0.0,0.0,0.0,0.0,0.0,0.0,0.0,0.0,-0.2588190451025208,-0.9659258262890683,0,1
2012-08-20 14:00:00,22.0,32.0,2.0,98.0,16.0,10.0,180.0,6.0,-0.4999999999999997,-0.8660254037844388,0,0
2012-08-20 15:00:00,0.0,0.0,0.0,0.0,0.0,0.0,0.0,0.0,-0.7071067811865471,-0.7071067811865479,0,1
2012-08-20 16:00:00,26.0,2.0,0.0,74.0,50.0,16.0,168.0,5.0,-0.8660254037844385,-0.5000000000000004,0,0
2012-08-20 17:00:00,0.0,0.0,0.0,0.0,36.0,18.0,54.0,2.0,-0.9659258262890683,-0.25881904510252063,0,0
2012-08-20 18:00:00,0.0,0.0,0.0,0.0,26.0,14.0,40.0,2.0,-1.0,-1.8369701987210297e-16,0,0
2012-08-20 19:00:00,0.0,0.0,0.0,0.0,4.0,0.0,4.0,1.0,-0.9659258262890684,0.2588190451025203,0,0
2012-08-20 20:00:00,26.0,14.0,2.0,14.0,44.0,4.0,104.0,6.0,-0.8660254037844386,0.5000000000000001,0,0
2012-08-20 21:00:00,0.0,0.0,0.0,0.0,22.0,0.0,22.0,1.0,-0.7071067811865477,0.7071067811865474,0,0
2012-08-20 22:00:00,0.0,0.0,0.0,0.0,138.0,0.0,138.0,1.0,-0.5000000000000004,0.8660254037844384,0,0
2012-08-20 23:00:00,30.0,68.0,4.0,116.0,164.0,8.0,390.0,6.0,-0.25881904510252157,0.9659258262890681,0,0
2012-08-21 00:00:00,92.0,118.0,0.0,0.0,0.0,0.0,210.0,2.0,0.0,1.0,1,0
2012-08-21 01:00:00,0.0,0.0,0.0,0.0,0.0,0.0,0.0,0.0,0.25881904510252074,0.9659258262890683,1,1
2012-08-21 02:00:00,0.0,88.0,0.0,0.0,0.0,0.0,88.0,1.0,0.49999999999999994,0.8660254037844387,1,0
2012-08-21 03:00:00,0.0,20.0,0.0,0.0,0.0,0.0,20.0,1.0,0.7071067811865476,0.7071067811865476,1,0
2012-08-21 04:00:00,26.0,94.0,0.0,0.0,0.0,0.0,120.0,2.0,0.8660254037844386,0.5000000000000001,1,0
2012-08-21 05:00:00,0.0,2.0,0.0,0.0,0.0,0.0,2.0,1.0,0.9659258262890683,0.25881904510252074,1,0
2012-08-21 06:00:00,0.0,0.0,0.0,0.0,0.0,0.0,0.0,0.0,1.0,6.123233995736766e-17,1,1
2012-08-21 07:00:00,36.0,36.0,6.0,50.0,56.0,16.0,200.0,6.0,0.9659258262890683,-0.25881904510252063,1,0
2012-08-21 08:00:00,26.0,4.0,2.0,208.0,120.0,4.0,364.0,6.0,0.8660254037844387,-0.4999999999999998,1,0
2012-08-21 09:00:00,240.0,138.0,0.0,0.0,48.0,14.0,440.0,4.0,0.7071067811865476,-0.7071067811865475,1,0
2012-08-21 10:00:00,0.0,0.0,0.0,0.0,0.0,0.0,0.0,0.0,0.49999999999999994,-0.8660254037844387,1,1
2012-08-21 11:00:00,38.0,0.0,0.0,0.0,36.0,10.0,84.0,3.0,0.258819045102521,-0.9659258262890682,1,0
2012-08-21 12:00:00,0.0,0.0,14.0,72.0,12.0,0.0,98.0,3.0,1.2246467991473532e-16,-1.0,1,0
2012-08-21 13:00:00,38.0,22.0,10.0,210.0,72.0,0.0,352.0,5.0,-0.2588190451025208,-0.9659258262890683,1,0
2012-08-21 14:00:00,0.0,2.0,0.0,0.0,132.0,8.0,142.0,3.0,-0.4999999999999997,-0.8660254037844388,1,0
2012-08-21 15:00:00,28.0,28.0,6.0,10.0,38.0,10.0,120.0,6.0,-0.7071067811865471,-0.7071067811865479,1,0
2012-08-21 16:00:00,0.0,0.0,0.0,0.0,20.0,0.0,20.0,1.0,-0.8660254037844385,-0.5000000000000004,1,0
2012-08-21 17:00:00,0.0,0.0,0.0,0.0,0.0,0.0,0.0,0.0,-0.9659258262890683,-0.25881904510252063,1,1
2012-08-21 18:00:00,38.0,4.0,0.0,0.0,40.0,20.0,102.0,4.0,-1.0,-1.8369701987210297e-16,1,0
2012-08-21 19:00:00,0.0,0.0,0.0,0.0,8.0,0.0,8.0,1.0,-0.9659258262890684,0.2588190451025203,1,0
2012-08-21 20:00:00,0.0,0.0,0.0,0.0,4.0,0.0,4.0,1.0,-0.8660254037844386,0.5000000000000001,1,0
2012-08-21 21:00:00,24.0,96.0,4.0,60.0,42.0,2.0,228.0,6.0,-0.7071067811865477,0.7071067811865474,1,0
2012-08-21 22:00:00,0.0,0.0,0.0,4.0,48.0,0.0,52.0,2.0,-0.5000000000000004,0.8660254037844384,1,0
2012-08-21 23:00:00,0.0,0.0,2.0,76.0,24.0,0.0,102.0,3.0,-0.25881904510252157,0.9659258262890681,1,0
2012-08-22 00:00:00,20.0,2.0,52.0,22.0,120.0,2.0,218.0,6.0,0.0,1.0,2,0
2012-08-22 01:00:00,0.0,0.0,0.0,0.0,62.0,0.0,62.0,1.0,0.25881904510252074,0.9659258262890683,2,0
2012-08-22 02:00:00,0.0,0.0,0.0,0.0,0.0,0.0,0.0,0.0,0.49999999999999994,0.8660254037844387,2,1
2012-08-22 03:00:00,22.0,44.0,0.0,2.0,14.0,4.0,86.0,5.0,0.7071067811865476,0.7071067811865476,2,0
2012-08-22 04:00:00,0.0,14.0,0.0,0.0,0.0,0.0,14.0,1.0,0.8660254037844386,0.5000000000000001,2,0
2012-08-22 05:00:00,0.0,2.0,0.0,0.0,0.0,0.0,2.0,1.0,0.9659258262890683,0.25881904510252074,2,0
2012-08-22 06:00:00,0.0,2.0,0.0,0.0,0.0,0.0,2.0,1.0,1.0,6.123233995736766e-17,2,0
2012-08-22 07:00:00,40.0,36.0,4.0,46.0,64.0,22.0,212.0,6.0,0.9659258262890683,-0.25881904510252063,2,0
2012-08-22 08:00:00,44.0,2.0,6.0,224.0,80.0,2.0,358.0,6.0,0.8660254037844387,-0.4999999999999998,2,0
2012-08-22 09:00:00,0.0,0.0,0.0,6.0,80.0,0.0,86.0,2.0,0.7071067811865476,-0.7071067811865475,2,0
2012-08-22 10:00:00,30.0,104.0,14.0,50.0,114.0,2.0,314.0,6.0,0.49999999999999994,-0.8660254037844387,2,0
2012-08-22 11:00:00,240.0,106.0,0.0,0.0,174.0,14.0,534.0,4.0,0.258819045102521,-0.9659258262890682,2,0
2012-08-22 12:00:00,40.0,4.0,0.0,0.0,44.0,14.0,102.0,4.0,1.2246467991473532e-16,-1.0,2,0
2012-08-22 13:00:00,0.0,0.0,4.0,8.0,26.0,10.0,48.0,4.0,-0.2588190451025208,-0.9659258262890683,2,0
2012-08-22 14:00:00,0.0,0.0,0.0,0.0,110.0,0.0,110.0,1.0,-0.4999999999999997,-0.8660254037844388,2,0
2012-08-22 15:00:00,38.0,2.0,0.0,0.0,82.0,4.0,126.0,4.0,-0.7071067811865471,-0.7071067811865479,2,0
2012-08-22 16:00:00,0.0,0.0,0.0,0.0,134.0,0.0,134.0,1.0,-0.8660254037844385,-0.5000000000000004,2,0
2012-08-22 17:00:00,0.0,0.0,0.0,0.0,26.0,8.0,34.0,2.0,-0.9659258262890683,-0.25881904510252063,2,0
2012-08-22 18:00:00,24.0,4.0,12.0,70.0,88.0,28.0,226.0,6.0,-1.0,-1.8369701987210297e-16,2,0
2012-08-22 19:00:00,0.0,0.0,0.0,0.0,2.0,0.0,2.0,1.0,-0.9659258262890684,0.2588190451025203,2,0
2012-08-22 20:00:00,0.0,2.0,0.0,0.0,0.0,0.0,2.0,1.0,-0.8660254037844386,0.5000000000000001,2,0
2012-08-22 21:00:00,28.0,78.0,0.0,0.0,26.0,4.0,136.0,4.0,-0.7071067811865477,0.7071067811865474,2,0
2012-08-22 22:00:00,0.0,0.0,0.0,0.0,80.0,0.0,80.0,1.0,-0.5000000000000004,0.8660254037844384,2,0
2012-08-22 23:00:00,78.0,89.0,0.0,110.0,86.0,6.0,369.0,5.0,-0.25881904510252157,0.9659258262890681,2,0
2012-08-23 00:00:00,0.0,5.0,0.0,0.0,0.0,0.0,5.0,1.0,0.0,1.0,3,0
2012-08-23 01:00:00,0.0,8.0,0.0,0.0,0.0,0.0,8.0,1.0,0.25881904510252074,0.9659258262890683,3,0
2012-08-23 02:00:00,0.0,2.0,0.0,0.0,0.0,0.0,2.0,1.0,0.49999999999999994,0.8660254037844387,3,0
2012-08-23 03:00:00,0.0,26.0,0.0,0.0,0.0,0.0,26.0,1.0,0.7071067811865476,0.7071067811865476,3,0
2012-08-23 04:00:00,0.0,6.0,0.0,0.0,0.0,0.0,6.0,1.0,0.8660254037844386,0.5000000000000001,3,0
2012-08-23 05:00:00,0.0,10.0,0.0,0.0,0.0,0.0,10.0,1.0,0.9659258262890683,0.25881904510252074,3,0
2012-08-23 06:00:00,0.0,8.0,0.0,2.0,0.0,0.0,10.0,2.0,1.0,6.123233995736766e-17,3,0
2012-08-23 07:00:00,46.0,28.0,2.0,56.0,60.0,18.0,210.0,6.0,0.9659258262890683,-0.25881904510252063,3,0
2012-08-23 08:00:00,20.0,22.0,4.0,208.0,104.0,2.0,360.0,6.0,0.8660254037844387,-0.4999999999999998,3,0
2012-08-23 09:00:00,0.0,0.0,0.0,0.0,68.0,0.0,68.0,1.0,0.7071067811865476,-0.7071067811865475,3,0
2012-08-23 10:00:00,0.0,0.0,0.0,0.0,208.0,0.0,208.0,1.0,0.49999999999999994,-0.8660254037844387,3,0
2012-08-23 11:00:00,24.0,2.0,78.0,272.0,204.0,4.0,584.0,6.0,0.258819045102521,-0.9659258262890682,3,0
2012-08-23 12:00:00,276.0,124.0,0.0,0.0,94.0,14.0,508.0,4.0,1.2246467991473532e-16,-1.0,3,0
2012-08-23 13:00:00,0.0,0.0,0.0,0.0,32.0,12.0,44.0,2.0,-0.2588190451025208,-0.9659258262890683,3,0
2012-08-23 14:00:00,0.0,0.0,0.0,0.0,48.0,0.0,48.0,1.0,-0.4999999999999997,-0.8660254037844388,3,0
2012-08-23 15:00:00,22.0,2.0,0.0,0.0,30.0,2.0,56.0,4.0,-0.7071067811865471,-0.7071067811865479,3,0
2012-08-23 16:00:00,36.0,2.0,0.0,0.0,40.0,0.0,78.0,3.0,-0.8660254037844385,-0.5000000000000004,3,0
2012-08-23 17:00:00,0.0,30.0,6.0,140.0,88.0,20.0,284.0,5.0,-0.9659258262890683,-0.25881904510252063,3,0
2012-08-23 18:00:00,0.0,0.0,0.0,0.0,56.0,2.0,58.0,2.0,-1.0,-1.8369701987210297e-16,3,0
2012-08-23 19:00:00,30.0,60.0,0.0,2.0,80.0,26.0,198.0,5.0,-0.9659258262890684,0.2588190451025203,3,0
2012-08-23 20:00:00,0.0,0.0,2.0,42.0,84.0,12.0,140.0,4.0,-0.8660254037844386,0.5000000000000001,3,0
2012-08-23 21:00:00,28.0,6.0,0.0,0.0,186.0,26.0,246.0,4.0,-0.7071067811865477,0.7071067811865474,3,0
2012-08-23 22:00:00,0.0,0.0,2.0,0.0,296.0,0.0,298.0,2.0,-0.5000000000000004,0.8660254037844384,3,0
2012-08-23 23:00:00,110.0,210.0,6.0,114.0,208.0,4.0,652.0,6.0,-0.25881904510252157,0.9659258262890681,3,0
2012-08-24 00:00:00,0.0,14.0,0.0,0.0,0.0,0.0,14.0,1.0,0.0,1.0,4,0
2012-08-24 01:00:00,0.0,0.0,0.0,0.0,0.0,0.0,0.0,0.0,0.25881904510252074,0.9659258262890683,4,1
2012-08-24 02:00:00,0.0,10.0,0.0,2.0,2.0,0.0,14.0,3.0,0.49999999999999994,0.8660254037844387,4,0
2012-08-24 03:00:00,50.0,112.0,0.0,0.0,0.0,0.0,162.0,2.0,0.7071067811865476,0.7071067811865476,4,0
2012-08-24 04:00:00,24.0,46.0,0.0,0.0,216.0,22.0,308.0,4.0,0.8660254037844386,0.5000000000000001,4,0
2012-08-24 05:00:00,30.0,102.0,4.0,64.0,68.0,2.0,270.0,6.0,0.9659258262890683,0.25881904510252074,4,0
2012-08-24 06:00:00,8.0,186.0,0.0,0.0,84.0,0.0,278.0,3.0,1.0,6.123233995736766e-17,4,0
2012-08-24 07:00:00,0.0,0.0,0.0,0.0,0.0,0.0,0.0,0.0,0.9659258262890683,-0.25881904510252063,4,1
2012-08-24 08:00:00,98.0,16.0,2.0,198.0,70.0,0.0,384.0,5.0,0.8660254037844387,-0.4999999999999998,4,0
2012-08-24 09:00:00,0.0,0.0,0.0,0.0,142.0,0.0,142.0,1.0,0.7071067811865476,-0.7071067811865475,4,0
2012-08-24 10:00:00,0.0,0.0,0.0,0.0,194.0,0.0,194.0,1.0,0.49999999999999994,-0.8660254037844387,4,0
2012-08-24 11:00:00,149.0,62.0,2.0,22.0,184.0,0.0,419.0,5.0,0.258819045102521,-0.9659258262890682,4,0
2012-08-24 12:00:00,123.0,48.0,0.0,0.0,42.0,16.0,229.0,4.0,1.2246467991473532e-16,-1.0,4,0
2012-08-24 13:00:00,0.0,0.0,0.0,0.0,0.0,0.0,0.0,0.0,-0.2588190451025208,-0.9659258262890683,4,1
2012-08-24 14:00:00,38.0,10.0,0.0,0.0,44.0,10.0,102.0,4.0,-0.4999999999999997,-0.8660254037844388,4,0
2012-08-24 15:00:00,64.0,6.0,10.0,164.0,100.0,46.0,390.0,6.0,-0.7071067811865471,-0.7071067811865479,4,0
2012-08-24 16:00:00,34.0,2.0,2.0,22.0,78.0,36.0,174.0,6.0,-0.8660254037844385,-0.5000000000000004,4,0
2012-08-24 17:00:00,0.0,0.0,0.0,0.0,92.0,30.0,122.0,2.0,-0.9659258262890683,-0.25881904510252063,4,0
2012-08-24 18:00:00,0.0,0.0,6.0,110.0,44.0,0.0,160.0,3.0,-1.0,-1.8369701987210297e-16,4,0
2012-08-24 19:00:00,94.0,18.0,0.0,2.0,56.0,2.0,172.0,5.0,-0.9659258262890684,0.2588190451025203,4,0
2012-08-24 20:00:00,0.0,0.0,0.0,0.0,24.0,0.0,24.0,1.0,-0.8660254037844386,0.5000000000000001,4,0
2012-08-24 21:00:00,96.0,360.0,0.0,0.0,50.0,4.0,510.0,4.0,-0.7071067811865477,0.7071067811865474,4,0
2012-08-24 22:00:00,0.0,0.0,0.0,0.0,2.0,0.0,2.0,1.0,-0.5000000000000004,0.8660254037844384,4,0
2012-08-24 23:00:00,20.0,4.0,6.0,96.0,42.0,2.0,170.0,6.0,-0.25881904510252157,0.9659258262890681,4,0
2012-08-25 00:00:00,32.0,40.0,0.0,0.0,24.0,2.0,98.0,4.0,0.0,1.0,5,0
2012-08-25 01:00:00,0.0,0.0,0.0,0.0,0.0,0.0,0.0,0.0,0.25881904510252074,0.9659258262890683,5,1
2012-08-25 02:00:00,0.0,0.0,0.0,0.0,0.0,0.0,0.0,0.0,0.49999999999999994,0.8660254037844387,5,1
2012-08-25 03:00:00,0.0,0.0,0.0,0.0,0.0,0.0,0.0,0.0,0.7071067811865476,0.7071067811865476,5,1
2012-08-25 04:00:00,0.0,8.0,0.0,0.0,0.0,0.0,8.0,1.0,0.8660254037844386,0.5000000000000001,5,0
2012-08-25 05:00:00,40.0,136.0,0.0,0.0,0.0,0.0,176.0,2.0,0.9659258262890683,0.25881904510252074,5,0
2012-08-25 06:00:00,0.0,28.0,4.0,70.0,118.0,22.0,242.0,5.0,1.0,6.123233995736766e-17,5,0
2012-08-25 07:00:00,44.0,6.0,4.0,258.0,98.0,0.0,410.0,5.0,0.9659258262890683,-0.25881904510252063,5,0
2012-08-25 08:00:00,0.0,0.0,0.0,0.0,0.0,0.0,0.0,0.0,0.8660254037844387,-0.4999999999999998,5,1
2012-08-25 09:00:00,0.0,0.0,0.0,0.0,0.0,2.0,2.0,1.0,0.7071067811865476,-0.7071067811865475,5,0
2012-08-25 10:00:00,34.0,2.0,0.0,0.0,38.0,2.0,76.0,4.0,0.49999999999999994,-0.8660254037844387,5,0
2012-08-25 11:00:00,0.0,0.0,0.0,0.0,0.0,0.0,0.0,0.0,0.258819045102521,-0.9659258262890682,5,1
2012-08-25 12:00:00,102.0,58.0,0.0,0.0,20.0,0.0,180.0,3.0,1.2246467991473532e-16,-1.0,5,0
2012-08-25 13:00:00,156.0,60.0,4.0,56.0,60.0,18.0,354.0,6.0,-0.2588190451025208,-0.9659258262890683,5,0
2012-08-25 14:00:00,44.0,4.0,0.0,4.0,24.0,8.0,84.0,5.0,-0.4999999999999997,-0.8660254037844388,5,0
2012-08-25 15:00:00,54.0,0.0,0.0,0.0,48.0,6.0,108.0,3.0,-0.7071067811865471,-0.7071067811865479,5,0
2012-08-25 16:00:00,0.0,0.0,0.0,0.0,4.0,0.0,4.0,1.0,-0.8660254037844385,-0.5000000000000004,5,0
2012-08-25 17:00:00,34.0,6.0,4.0,82.0,74.0,20.0,220.0,6.0,-0.9659258262890683,-0.25881904510252063,5,0
2012-08-25 18:00:00,0.0,0.0,8.0,126.0,198.0,0.0,332.0,3.0,-1.0,-1.8369701987210297e-16,5,0
2012-08-25 19:00:00,0.0,0.0,0.0,0.0,238.0,0.0,238.0,1.0,-0.9659258262890684,0.2588190451025203,5,0
2012-08-25 20:00:00,0.0,0.0,42.0,368.0,46.0,0.0,456.0,3.0,-0.8660254037844386,0.5000000000000001,5,0
2012-08-25 21:00:00,29.0,4.0,0.0,0.0,14.0,2.0,49.0,4.0,-0.7071067811865477,0.7071067811865474,5,0
2012-08-25 22:00:00,1.0,86.0,0.0,0.0,134.0,4.0,225.0,4.0,-0.5000000000000004,0.8660254037844384,5,0
2012-08-25 23:00:00,64.0,104.0,0.0,0.0,142.0,2.0,312.0,4.0,-0.25881904510252157,0.9659258262890681,5,0
2012-08-26 00:00:00,0.0,0.0,0.0,0.0,0.0,0.0,0.0,0.0,0.0,1.0,6,1
2012-08-26 01:00:00,0.0,2.0,0.0,0.0,0.0,0.0,2.0,1.0,0.25881904510252074,0.9659258262890683,6,0
2012-08-26 02:00:00,0.0,0.0,0.0,0.0,0.0,0.0,0.0,0.0,0.49999999999999994,0.8660254037844387,6,1
2012-08-26 03:00:00,40.0,118.0,0.0,0.0,0.0,0.0,158.0,2.0,0.7071067811865476,0.7071067811865476,6,0
2012-08-26 04:00:00,0.0,0.0,0.0,0.0,0.0,0.0,0.0,0.0,0.8660254037844386,0.5000000000000001,6,1
2012-08-26 05:00:00,0.0,4.0,0.0,0.0,0.0,0.0,4.0,1.0,0.9659258262890683,0.25881904510252074,6,0
2012-08-26 06:00:00,0.0,4.0,0.0,0.0,0.0,0.0,4.0,1.0,1.0,6.123233995736766e-17,6,0
2012-08-26 07:00:00,36.0,30.0,4.0,58.0,50.0,18.0,196.0,6.0,0.9659258262890683,-0.25881904510252063,6,0
2012-08-26 08:00:00,0.0,0.0,0.0,0.0,40.0,0.0,40.0,1.0,0.8660254037844387,-0.4999999999999998,6,0
2012-08-26 09:00:00,216.0,92.0,0.0,0.0,86.0,10.0,404.0,4.0,0.7071067811865476,-0.7071067811865475,6,0
2012-08-26 10:00:00,50.0,4.0,4.0,58.0,42.0,16.0,174.0,6.0,0.49999999999999994,-0.8660254037844387,6,0
2012-08-26 11:00:00,54.0,0.0,0.0,0.0,32.0,0.0,86.0,2.0,0.258819045102521,-0.9659258262890682,6,0
2012-08-26 12:00:00,102.0,4.0,6.0,40.0,42.0,2.0,196.0,6.0,1.2246467991473532e-16,-1.0,6,0
2012-08-26 13:00:00,0.0,0.0,0.0,0.0,4.0,0.0,4.0,1.0,-0.2588190451025208,-0.9659258262890683,6,0
2012-08-26 14:00:00,46.0,4.0,6.0,156.0,110.0,4.0,326.0,6.0,-0.4999999999999997,-0.8660254037844388,6,0
2012-08-26 15:00:00,0.0,0.0,2.0,50.0,140.0,0.0,192.0,3.0,-0.7071067811865471,-0.7071067811865479,6,0
2012-08-26 16:00:00,16.0,2.0,0.0,0.0,84.0,14.0,116.0,4.0,-0.8660254037844385,-0.5000000000000004,6,0
2012-08-26 17:00:00,24.0,2.0,0.0,0.0,34.0,12.0,72.0,4.0,-0.9659258262890683,-0.25881904510252063,6,0
2012-08-26 18:00:00,0.0,0.0,0.0,0.0,16.0,6.0,22.0,2.0,-1.0,-1.8369701987210297e-16,6,0
2012-08-26 19:00:00,80.0,44.0,0.0,0.0,32.0,2.0,158.0,4.0,-0.9659258262890684,0.2588190451025203,6,0
2012-08-26 20:00:00,42.0,14.0,2.0,36.0,30.0,2.0,126.0,6.0,-0.8660254037844386,0.5000000000000001,6,0
2012-08-26 21:00:00,0.0,0.0,0.0,0.0,2.0,0.0,2.0,1.0,-0.7071067811865477,0.7071067811865474,6,0
2012-08-26 22:00:00,30.0,4.0,2.0,72.0,64.0,6.0,178.0,6.0,-0.5000000000000004,0.8660254037844384,6,0
2012-08-26 23:00:00,0.0,0.0,0.0,0.0,70.0,0.0,70.0,1.0,-0.25881904510252157,0.9659258262890681,6,0
2012-08-27 00:00:00,42.0,116.0,8.0,20.0,22.0,4.0,212.0,6.0,0.0,1.0,0,0
2012-08-27 01:00:00,0.0,6.0,0.0,0.0,0.0,0.0,6.0,1.0,0.25881904510252074,0.9659258262890683,0,0
2012-08-27 02:00:00,0.0,14.0,0.0,0.0,0.0,0.0,14.0,1.0,0.49999999999999994,0.8660254037844387,0,0
2012-08-27 03:00:00,0.0,4.0,0.0,0.0,0.0,0.0,4.0,1.0,0.7071067811865476,0.7071067811865476,0,0
2012-08-27 04:00:00,40.0,82.0,0.0,0.0,0.0,0.0,122.0,2.0,0.8660254037844386,0.5000000000000001,0,0
2012-08-27 05:00:00,0.0,2.0,0.0,0.0,0.0,0.0,2.0,1.0,0.9659258262890683,0.25881904510252074,0,0
2012-08-27 06:00:00,0.0,0.0,0.0,0.0,0.0,0.0,0.0,0.0,1.0,6.123233995736766e-17,0,1
2012-08-27 07:00:00,50.0,100.0,6.0,28.0,50.0,18.0,252.0,6.0,0.9659258262890683,-0.25881904510252063,0,0
2012-08-27 08:00:00,30.0,2.0,56.0,240.0,86.0,4.0,418.0,6.0,0.8660254037844387,-0.4999999999999998,0,0
2012-08-27 09:00:00,0.0,0.0,0.0,2.0,112.0,0.0,114.0,2.0,0.7071067811865476,-0.7071067811865475,0,0
2012-08-27 10:00:00,234.0,150.0,0.0,0.0,102.0,2.0,488.0,4.0,0.49999999999999994,-0.8660254037844387,0,0
2012-08-27 11:00:00,162.0,96.0,6.0,46.0,74.0,12.0,396.0,6.0,0.258819045102521,-0.9659258262890682,0,0
2012-08-27 12:00:00,0.0,0.0,0.0,0.0,0.0,0.0,0.0,0.0,1.2246467991473532e-16,-1.0,0,1
2012-08-27 13:00:00,0.0,0.0,2.0,52.0,18.0,10.0,82.0,4.0,-0.2588190451025208,-0.9659258262890683,0,0
2012-08-27 14:00:00,0.0,0.0,0.0,0.0,4.0,0.0,4.0,1.0,-0.4999999999999997,-0.8660254037844388,0,0
2012-08-27 15:00:00,0.0,0.0,0.0,0.0,0.0,0.0,0.0,0.0,-0.7071067811865471,-0.7071067811865479,0,1
2012-08-27 16:00:00,38.0,2.0,0.0,0.0,24.0,6.0,70.0,4.0,-0.8660254037844385,-0.5000000000000004,0,0
2012-08-27 17:00:00,0.0,0.0,6.0,128.0,67.0,20.0,221.0,4.0,-0.9659258262890683,-0.25881904510252063,0,0
2012-08-27 18:00:00,0.0,0.0,0.0,0.0,57.0,0.0,57.0,1.0,-1.0,-1.8369701987210297e-16,0,0
2012-08-27 19:00:00,24.0,4.0,2.0,46.0,125.0,4.0,205.0,6.0,-0.9659258262890684,0.2588190451025203,0,0
2012-08-27 20:00:00,0.0,0.0,0.0,0.0,77.0,0.0,77.0,1.0,-0.8660254037844386,0.5000000000000001,0,0
2012-08-27 21:00:00,146.0,106.0,0.0,0.0,40.0,0.0,292.0,3.0,-0.7071067811865477,0.7071067811865474,0,0
2012-08-27 22:00:00,0.0,0.0,0.0,2.0,6.0,0.0,8.0,2.0,-0.5000000000000004,0.8660254037844384,0,0
2012-08-27 23:00:00,0.0,0.0,0.0,0.0,6.0,0.0,6.0,1.0,-0.25881904510252157,0.9659258262890681,0,0
2012-08-28 00:00:00,24.0,44.0,0.0,2.0,22.0,4.0,96.0,5.0,0.0,1.0,1,0
2012-08-28 01:00:00,0.0,2.0,0.0,0.0,0.0,0.0,2.0,1.0,0.25881904510252074,0.9659258262890683,1,0
2012-08-28 02:00:00,0.0,0.0,0.0,0.0,0.0,0.0,0.0,0.0,0.49999999999999994,0.8660254037844387,1,1
2012-08-28 03:00:00,32.0,108.0,0.0,0.0,0.0,0.0,140.0,2.0,0.7071067811865476,0.7071067811865476,1,0
2012-08-28 04:00:00,0.0,2.0,0.0,0.0,0.0,0.0,2.0,1.0,0.8660254037844386,0.5000000000000001,1,0
2012-08-28 05:00:00,0.0,14.0,0.0,0.0,0.0,0.0,14.0,1.0,0.9659258262890683,0.25881904510252074,1,0
2012-08-28 06:00:00,0.0,2.0,0.0,0.0,0.0,0.0,2.0,1.0,1.0,6.123233995736766e-17,1,0
2012-08-28 07:00:00,44.0,96.0,2.0,62.0,42.0,16.0,262.0,6.0,0.9659258262890683,-0.25881904510252063,1,0
2012-08-28 08:00:00,14.0,0.0,6.0,224.0,68.0,0.0,312.0,4.0,0.8660254037844387,-0.4999999999999998,1,0
2012-08-28 09:00:00,12.0,2.0,2.0,28.0,200.0,2.0,246.0,6.0,0.7071067811865476,-0.7071067811865475,1,0
2012-08-28 10:00:00,256.0,110.0,0.0,0.0,58.0,24.0,448.0,4.0,0.49999999999999994,-0.8660254037844387,1,0
2012-08-28 11:00:00,34.0,2.0,0.0,0.0,24.0,6.0,66.0,4.0,0.258819045102521,-0.9659258262890682,1,0
2012-08-28 12:00:00,82.0,8.0,10.0,42.0,92.0,24.0,258.0,6.0,1.2246467991473532e-16,-1.0,1,0
2012-08-28 13:00:00,0.0,0.0,0.0,0.0,0.0,0.0,0.0,0.0,-0.2588190451025208,-0.9659258262890683,1,1
2012-08-28 14:00:00,0.0,0.0,0.0,0.0,0.0,0.0,0.0,0.0,-0.4999999999999997,-0.8660254037844388,1,1
2012-08-28 15:00:00,32.0,22.0,6.0,2.0,46.0,18.0,126.0,6.0,-0.7071067811865471,-0.7071067811865479,1,0
2012-08-28 16:00:00,30.0,0.0,2.0,50.0,60.0,10.0,152.0,5.0,-0.8660254037844385,-0.5000000000000004,1,0
2012-08-28 17:00:00,0.0,0.0,4.0,20.0,152.0,12.0,188.0,4.0,-0.9659258262890683,-0.25881904510252063,1,0
2012-08-28 18:00:00,0.0,2.0,4.0,52.0,160.0,0.0,218.0,4.0,-1.0,-1.8369701987210297e-16,1,0
2012-08-28 19:00:00,0.0,0.0,0.0,0.0,188.0,0.0,188.0,1.0,-0.9659258262890684,0.2588190451025203,1,0
2012-08-28 20:00:00,0.0,0.0,0.0,0.0,198.0,0.0,198.0,1.0,-0.8660254037844386,0.5000000000000001,1,0
2012-08-28 21:00:00,58.0,86.0,6.0,96.0,78.0,6.0,330.0,6.0,-0.7071067811865477,0.7071067811865474,1,0
2012-08-28 22:00:00,80.0,94.0,0.0,36.0,52.0,6.0,268.0,5.0,-0.5000000000000004,0.8660254037844384,1,0
2012-08-28 23:00:00,0.0,0.0,0.0,0.0,0.0,0.0,0.0,0.0,-0.25881904510252157,0.9659258262890681,1,1
2012-08-29 00:00:00,0.0,10.0,0.0,0.0,0.0,0.0,10.0,1.0,0.0,1.0,2,0
2012-08-29 01:00:00,0.0,22.0,0.0,0.0,0.0,0.0,22.0,1.0,0.25881904510252074,0.9659258262890683,2,0
2012-08-29 02:00:00,0.0,20.0,0.0,2.0,0.0,0.0,22.0,2.0,0.49999999999999994,0.8660254037844387,2,0
2012-08-29 03:00:00,0.0,2.0,0.0,0.0,0.0,0.0,2.0,1.0,0.7071067811865476,0.7071067811865476,2,0
2012-08-29 04:00:00,0.0,10.0,0.0,0.0,0.0,0.0,10.0,1.0,0.8660254037844386,0.5000000000000001,2,0
2012-08-29 05:00:00,18.0,50.0,0.0,0.0,0.0,0.0,68.0,2.0,0.9659258262890683,0.25881904510252074,2,0
2012-08-29 06:00:00,32.0,82.0,0.0,0.0,0.0,0.0,114.0,2.0,1.0,6.123233995736766e-17,2,0
2012-08-29 07:00:00,0.0,4.0,0.0,0.0,0.0,0.0,4.0,1.0,0.9659258262890683,-0.25881904510252063,2,0
2012-08-29 08:00:00,0.0,0.0,0.0,0.0,2.0,0.0,2.0,1.0,0.8660254037844387,-0.4999999999999998,2,0
2012-08-29 09:00:00,46.0,54.0,0.0,0.0,0.0,6.0,106.0,3.0,0.7071067811865476,-0.7071067811865475,2,0
2012-08-29 10:00:00,0.0,0.0,4.0,52.0,78.0,10.0,144.0,4.0,0.49999999999999994,-0.8660254037844387,2,0
2012-08-29 11:00:00,0.0,0.0,4.0,236.0,124.0,0.0,364.0,3.0,0.258819045102521,-0.9659258262890682,2,0
2012-08-29 12:00:00,304.0,84.0,2.0,20.0,68.0,10.0,488.0,6.0,1.2246467991473532e-16,-1.0,2,0
2012-08-29 13:00:00,0.0,0.0,0.0,0.0,0.0,0.0,0.0,0.0,-0.2588190451025208,-0.9659258262890683,2,1
2012-08-29 14:00:00,18.0,0.0,0.0,0.0,16.0,12.0,46.0,3.0,-0.4999999999999997,-0.8660254037844388,2,0
2012-08-29 15:00:00,0.0,0.0,0.0,0.0,2.0,0.0,2.0,1.0,-0.7071067811865471,-0.7071067811865479,2,0
2012-08-29 16:00:00,0.0,0.0,0.0,0.0,2.0,0.0,2.0,1.0,-0.8660254037844385,-0.5000000000000004,2,0
2012-08-29 17:00:00,22.0,36.0,4.0,40.0,90.0,16.0,208.0,6.0,-0.9659258262890683,-0.25881904510252063,2,0
2012-08-29 18:00:00,0.0,0.0,6.0,24.0,109.0,0.0,139.0,3.0,-1.0,-1.8369701987210297e-16,2,0
2012-08-29 19:00:00,0.0,0.0,0.0,0.0,21.0,0.0,21.0,1.0,-0.9659258262890684,0.2588190451025203,2,0
2012-08-29 20:00:00,2.0,0.0,0.0,0.0,18.0,0.0,20.0,2.0,-0.8660254037844386,0.5000000000000001,2,0
2012-08-29 21:00:00,122.0,98.0,2.0,44.0,76.0,12.0,354.0,6.0,-0.7071067811865477,0.7071067811865474,2,0
2012-08-29 22:00:00,0.0,0.0,0.0,0.0,0.0,0.0,0.0,0.0,-0.5000000000000004,0.8660254037844384,2,1
2012-08-29 23:00:00,0.0,0.0,0.0,0.0,2.0,0.0,2.0,1.0,-0.25881904510252157,0.9659258262890681,2,0
2012-08-30 00:00:00,0.0,0.0,0.0,0.0,0.0,0.0,0.0,0.0,0.0,1.0,3,1
2012-08-30 01:00:00,36.0,50.0,0.0,0.0,26.0,2.0,114.0,4.0,0.25881904510252074,0.9659258262890683,3,0
2012-08-30 02:00:00,0.0,4.0,0.0,0.0,0.0,0.0,4.0,1.0,0.49999999999999994,0.8660254037844387,3,0
2012-08-30 03:00:00,0.0,2.0,0.0,0.0,0.0,0.0,2.0,1.0,0.7071067811865476,0.7071067811865476,3,0
2012-08-30 04:00:00,30.0,62.0,0.0,0.0,72.0,16.0,180.0,4.0,0.8660254037844386,0.5000000000000001,3,0
2012-08-30 05:00:00,0.0,0.0,2.0,182.0,78.0,0.0,262.0,3.0,0.9659258262890683,0.25881904510252074,3,0
2012-08-30 06:00:00,0.0,0.0,30.0,436.0,140.0,4.0,610.0,4.0,1.0,6.123233995736766e-17,3,0
2012-08-30 07:00:00,0.0,0.0,0.0,0.0,182.0,0.0,182.0,1.0,0.9659258262890683,-0.25881904510252063,3,0
2012-08-30 08:00:00,304.0,164.0,4.0,54.0,76.0,4.0,606.0,6.0,0.8660254037844387,-0.4999999999999998,3,0
2012-08-30 09:00:00,0.0,0.0,0.0,0.0,2.0,0.0,2.0,1.0,0.7071067811865476,-0.7071067811865475,3,0
2012-08-30 10:00:00,0.0,0.0,0.0,0.0,0.0,0.0,0.0,0.0,0.49999999999999994,-0.8660254037844387,3,1
2012-08-30 11:00:00,22.0,4.0,4.0,2.0,38.0,12.0,82.0,6.0,0.258819045102521,-0.9659258262890682,3,0
2012-08-30 12:00:00,6.0,0.0,4.0,52.0,56.0,6.0,124.0,5.0,1.2246467991473532e-16,-1.0,3,0
2012-08-30 13:00:00,68.0,86.0,4.0,24.0,134.0,44.0,360.0,6.0,-0.2588190451025208,-0.9659258262890683,3,0
2012-08-30 14:00:00,28.0,2.0,4.0,22.0,120.0,40.0,216.0,6.0,-0.4999999999999997,-0.8660254037844388,3,0
2012-08-30 15:00:00,0.0,186.0,0.0,0.0,40.0,16.0,242.0,3.0,-0.7071067811865471,-0.7071067811865479,3,0
2012-08-30 16:00:00,0.0,6.0,0.0,0.0,48.0,10.0,64.0,3.0,-0.8660254037844385,-0.5000000000000004,3,0
2012-08-30 17:00:00,30.0,12.0,0.0,2.0,86.0,12.0,142.0,5.0,-0.9659258262890683,-0.25881904510252063,3,0
2012-08-30 18:00:00,0.0,0.0,0.0,0.0,12.0,6.0,18.0,2.0,-1.0,-1.8369701987210297e-16,3,0
2012-08-30 19:00:00,0.0,0.0,0.0,2.0,4.0,0.0,6.0,2.0,-0.9659258262890684,0.2588190451025203,3,0
2012-08-30 20:00:00,144.0,220.0,0.0,0.0,28.0,8.0,400.0,4.0,-0.8660254037844386,0.5000000000000001,3,0
2012-08-30 21:00:00,0.0,0.0,0.0,0.0,14.0,0.0,14.0,1.0,-0.7071067811865477,0.7071067811865474,3,0
2012-08-30 22:00:00,34.0,4.0,6.0,36.0,142.0,4.0,226.0,6.0,-0.5000000000000004,0.8660254037844384,3,0
2012-08-30 23:00:00,0.0,0.0,0.0,0.0,132.0,0.0,132.0,1.0,-0.25881904510252157,0.9659258262890681,3,0
2012-08-31 00:00:00,0.0,0.0,0.0,0.0,138.0,0.0,138.0,1.0,0.0,1.0,4,0
2012-08-31 01:00:00,38.0,114.0,0.0,0.0,44.0,4.0,200.0,4.0,0.25881904510252074,0.9659258262890683,4,0
2012-08-31 02:00:00,0.0,10.0,0.0,0.0,0.0,0.0,10.0,1.0,0.49999999999999994,0.8660254037844387,4,0
2012-08-31 03:00:00,0.0,2.0,0.0,2.0,2.0,0.0,6.0,3.0,0.7071067811865476,0.7071067811865476,4,0
2012-08-31 04:00:00,0.0,22.0,0.0,0.0,0.0,0.0,22.0,1.0,0.8660254037844386,0.5000000000000001,4,0
2012-08-31 05:00:00,0.0,2.0,0.0,0.0,0.0,0.0,2.0,1.0,0.9659258262890683,0.25881904510252074,4,0
2012-08-31 06:00:00,52.0,58.0,2.0,48.0,130.0,14.0,304.0,6.0,1.0,6.123233995736766e-17,4,0
2012-08-31 07:00:00,0.0,0.0,8.0,244.0,42.0,0.0,294.0,3.0,0.9659258262890683,-0.25881904510252063,4,0
2012-08-31 08:00:00,24.0,188.0,0.0,0.0,134.0,10.0,356.0,4.0,0.8660254037844387,-0.4999999999999998,4,0
2012-08-31 09:00:00,306.0,62.0,0.0,0.0,12.0,2.0,382.0,4.0,0.7071067811865476,-0.7071067811865475,4,0
2012-08-31 10:00:00,0.0,0.0,0.0,0.0,0.0,0.0,0.0,0.0,0.49999999999999994,-0.8660254037844387,4,1
2012-08-31 11:00:00,0.0,2.0,0.0,0.0,0.0,0.0,2.0,1.0,0.258819045102521,-0.9659258262890682,4,0
2012-08-31 12:00:00,46.0,2.0,2.0,4.0,46.0,10.0,110.0,6.0,1.2246467991473532e-16,-1.0,4,0
2012-08-31 13:00:00,0.0,2.0,0.0,0.0,0.0,0.0,2.0,1.0,-0.2588190451025208,-0.9659258262890683,4,0
2012-08-31 14:00:00,0.0,0.0,4.0,116.0,40.0,6.0,166.0,4.0,-0.4999999999999997,-0.8660254037844388,4,0
2012-08-31 15:00:00,16.0,4.0,38.0,290.0,82.0,2.0,432.0,6.0,-0.7071067811865471,-0.7071067811865479,4,0
2012-08-31 16:00:00,0.0,0.0,18.0,16.0,133.0,14.0,181.0,4.0,-0.8660254037844385,-0.5000000000000004,4,0
2012-08-31 17:00:00,40.0,2.0,0.0,0.0,75.0,12.0,129.0,4.0,-0.9659258262890683,-0.25881904510252063,4,0
2012-08-31 18:00:00,0.0,0.0,6.0,46.0,100.0,2.0,154.0,4.0,-1.0,-1.8369701987210297e-16,4,0
2012-08-31 19:00:00,58.0,10.0,2.0,137.0,76.0,6.0,289.0,6.0,-0.9659258262890684,0.2588190451025203,4,0
2012-08-31 20:00:00,0.0,0.0,2.0,67.0,168.0,0.0,237.0,3.0,-0.8660254037844386,0.5000000000000001,4,0
2012-08-31 21:00:00,0.0,0.0,0.0,2.0,106.0,0.0,108.0,2.0,-0.7071067811865477,0.7071067811865474,4,0
2012-08-31 22:00:00,0.0,0.0,0.0,0.0,132.0,0.0,132.0,1.0,-0.5000000000000004,0.8660254037844384,4,0
2012-08-31 23:00:00,0.0,0.0,0.0,0.0,112.0,0.0,112.0,1.0,-0.25881904510252157,0.9659258262890681,4,0
2012-09-01 00:00:00,136.0,200.0,4.0,28.0,76.0,14.0,458.0,6.0,0.0,1.0,5,0
2012-09-01 01:00:00,0.0,4.0,0.0,0.0,0.0,0.0,4.0,1.0,0.25881904510252074,0.9659258262890683,5,0
2012-09-01 02:00:00,0.0,0.0,0.0,0.0,0.0,0.0,0.0,0.0,0.49999999999999994,0.8660254037844387,5,1
2012-09-01 03:00:00,0.0,2.0,0.0,2.0,0.0,0.0,4.0,2.0,0.7071067811865476,0.7071067811865476,5,0
2012-09-01 04:00:00,0.0,2.0,0.0,0.0,0.0,0.0,2.0,1.0,0.8660254037844386,0.5000000000000001,5,0
2012-09-01 05:00:00,60.0,100.0,0.0,0.0,0.0,0.0,160.0,2.0,0.9659258262890683,0.25881904510252074,5,0
2012-09-01 06:00:00,0.0,0.0,0.0,0.0,0.0,0.0,0.0,0.0,1.0,6.123233995736766e-17,5,1
2012-09-01 07:00:00,0.0,0.0,0.0,0.0,0.0,0.0,0.0,0.0,0.9659258262890683,-0.25881904510252063,5,1
2012-09-01 08:00:00,0.0,2.0,0.0,0.0,0.0,0.0,2.0,1.0,0.8660254037844387,-0.4999999999999998,5,0
2012-09-01 09:00:00,0.0,2.0,0.0,0.0,0.0,2.0,4.0,2.0,0.7071067811865476,-0.7071067811865475,5,0
2012-09-01 10:00:00,36.0,62.0,2.0,52.0,66.0,20.0,238.0,6.0,0.49999999999999994,-0.8660254037844387,5,0
2012-09-01 11:00:00,46.0,122.0,34.0,214.0,62.0,0.0,478.0,5.0,0.258819045102521,-0.9659258262890682,5,0
2012-09-01 12:00:00,0.0,0.0,2.0,30.0,116.0,0.0,148.0,3.0,1.2246467991473532e-16,-1.0,5,0
2012-09-01 13:00:00,298.0,76.0,2.0,6.0,32.0,2.0,416.0,6.0,-0.2588190451025208,-0.9659258262890683,5,0
2012-09-01 14:00:00,0.0,0.0,0.0,0.0,26.0,0.0,26.0,1.0,-0.4999999999999997,-0.8660254037844388,5,0
2012-09-01 15:00:00,52.0,2.0,4.0,46.0,108.0,12.0,224.0,6.0,-0.7071067811865471,-0.7071067811865479,5,0
2012-09-01 16:00:00,0.0,0.0,0.0,0.0,90.0,14.0,104.0,2.0,-0.8660254037844385,-0.5000000000000004,5,0
2012-09-01 17:00:00,0.0,0.0,30.0,338.0,162.0,18.0,548.0,4.0,-0.9659258262890683,-0.25881904510252063,5,0
2012-09-01 18:00:00,0.0,0.0,0.0,0.0,44.0,0.0,44.0,1.0,-1.0,-1.8369701987210297e-16,5,0
2012-09-01 19:00:00,0.0,0.0,0.0,0.0,2.0,0.0,2.0,1.0,-0.9659258262890684,0.2588190451025203,5,0
2012-09-01 20:00:00,0.0,0.0,0.0,2.0,28.0,0.0,30.0,2.0,-0.8660254037844386,0.5000000000000001,5,0
2012-09-01 21:00:00,40.0,92.0,8.0,70.0,194.0,4.0,408.0,6.0,-0.7071067811865477,0.7071067811865474,5,0
2012-09-01 22:00:00,0.0,0.0,0.0,0.0,106.0,0.0,106.0,1.0,-0.5000000000000004,0.8660254037844384,5,0
2012-09-01 23:00:00,98.0,2.0,0.0,0.0,182.0,6.0,288.0,4.0,-0.25881904510252157,0.9659258262890681,5,0
2012-09-02 00:00:00,44.0,62.0,0.0,0.0,0.0,0.0,106.0,2.0,0.0,1.0,6,0
2012-09-02 01:00:00,0.0,0.0,0.0,0.0,0.0,0.0,0.0,0.0,0.25881904510252074,0.9659258262890683,6,1
2012-09-02 02:00:00,0.0,34.0,0.0,0.0,0.0,0.0,34.0,1.0,0.49999999999999994,0.8660254037844387,6,0
2012-09-02 03:00:00,0.0,22.0,0.0,0.0,0.0,0.0,22.0,1.0,0.7071067811865476,0.7071067811865476,6,0
2012-09-02 04:00:00,38.0,68.0,0.0,0.0,0.0,0.0,106.0,2.0,0.8660254037844386,0.5000000000000001,6,0
2012-09-02 05:00:00,0.0,0.0,0.0,0.0,0.0,0.0,0.0,0.0,0.9659258262890683,0.25881904510252074,6,1
2012-09-02 06:00:00,0.0,6.0,0.0,0.0,0.0,0.0,6.0,1.0,1.0,6.123233995736766e-17,6,0
2012-09-02 07:00:00,0.0,10.0,0.0,0.0,0.0,0.0,10.0,1.0,0.9659258262890683,-0.25881904510252063,6,0
2012-09-02 08:00:00,64.0,30.0,2.0,64.0,62.0,14.0,236.0,6.0,0.8660254037844387,-0.4999999999999998,6,0
2012-09-02 09:00:00,36.0,2.0,4.0,30.0,100.0,2.0,174.0,6.0,0.7071067811865476,-0.7071067811865475,6,0
2012-09-02 10:00:00,54.0,4.0,8.0,170.0,112.0,0.0,348.0,5.0,0.49999999999999994,-0.8660254037844387,6,0
2012-09-02 11:00:00,44.0,108.0,10.0,24.0,200.0,6.0,392.0,6.0,0.258819045102521,-0.9659258262890682,6,0
2012-09-02 12:00:00,198.0,44.0,0.0,0.0,152.0,6.0,400.0,4.0,1.2246467991473532e-16,-1.0,6,0
2012-09-02 13:00:00,124.0,74.0,6.0,76.0,60.0,16.0,356.0,6.0,-0.2588190451025208,-0.9659258262890683,6,0
2012-09-02 14:00:00,70.0,2.0,36.0,0.0,98.0,16.0,222.0,5.0,-0.4999999999999997,-0.8660254037844388,6,0
2012-09-02 15:00:00,0.0,0.0,0.0,0.0,56.0,0.0,56.0,1.0,-0.7071067811865471,-0.7071067811865479,6,0
2012-09-02 16:00:00,0.0,16.0,0.0,0.0,34.0,26.0,76.0,3.0,-0.8660254037844385,-0.5000000000000004,6,0
2012-09-02 17:00:00,50.0,2.0,16.0,300.0,190.0,10.0,568.0,6.0,-0.9659258262890683,-0.25881904510252063,6,0
2012-09-02 18:00:00,0.0,2.0,0.0,0.0,128.0,0.0,130.0,2.0,-1.0,-1.8369701987210297e-16,6,0
2012-09-02 19:00:00,0.0,2.0,0.0,0.0,210.0,0.0,212.0,2.0,-0.9659258262890684,0.2588190451025203,6,0
2012-09-02 20:00:00,0.0,0.0,0.0,0.0,98.0,0.0,98.0,1.0,-0.8660254037844386,0.5000000000000001,6,0
2012-09-02 21:00:00,86.0,2.0,6.0,228.0,70.0,0.0,392.0,5.0,-0.7071067811865477,0.7071067811865474,6,0
2012-09-02 22:00:00,0.0,0.0,0.0,0.0,16.0,0.0,16.0,1.0,-0.5000000000000004,0.8660254037844384,6,0
2012-09-02 23:00:00,140.0,190.0,2.0,16.0,42.0,10.0,400.0,6.0,-0.25881904510252157,0.9659258262890681,6,0
2012-09-03 00:00:00,0.0,14.0,0.0,0.0,0.0,0.0,14.0,1.0,0.0,1.0,0,0
2012-09-03 01:00:00,0.0,44.0,0.0,0.0,0.0,0.0,44.0,1.0,0.25881904510252074,0.9659258262890683,0,0
2012-09-03 02:00:00,0.0,6.0,0.0,0.0,0.0,0.0,6.0,1.0,0.49999999999999994,0.8660254037844387,0,0
2012-09-03 03:00:00,0.0,0.0,0.0,0.0,0.0,0.0,0.0,0.0,0.7071067811865476,0.7071067811865476,0,1
2012-09-03 04:00:00,0.0,4.0,0.0,2.0,0.0,0.0,6.0,2.0,0.8660254037844386,0.5000000000000001,0,0
2012-09-03 05:00:00,0.0,4.0,0.0,0.0,0.0,0.0,4.0,1.0,0.9659258262890683,0.25881904510252074,0,0
2012-09-03 06:00:00,0.0,6.0,0.0,0.0,0.0,0.0,6.0,1.0,1.0,6.123233995736766e-17,0,0
2012-09-03 07:00:00,50.0,36.0,4.0,42.0,32.0,14.0,178.0,6.0,0.9659258262890683,-0.25881904510252063,0,0
2012-09-03 08:00:00,0.0,0.0,6.0,148.0,82.0,0.0,236.0,3.0,0.8660254037844387,-0.4999999999999998,0,0
2012-09-03 09:00:00,0.0,0.0,2.0,64.0,122.0,0.0,188.0,3.0,0.7071067811865476,-0.7071067811865475,0,0
2012-09-03 10:00:00,42.0,170.0,0.0,0.0,172.0,2.0,386.0,4.0,0.49999999999999994,-0.8660254037844387,0,0
2012-09-03 11:00:00,8.0,36.0,0.0,0.0,232.0,2.0,278.0,4.0,0.258819045102521,-0.9659258262890682,0,0
2012-09-03 12:00:00,138.0,20.0,2.0,26.0,176.0,0.0,362.0,5.0,1.2246467991473532e-16,-1.0,0,0
2012-09-03 13:00:00,130.0,36.0,8.0,186.0,180.0,2.0,542.0,6.0,-0.2588190451025208,-0.9659258262890683,0,0
2012-09-03 14:00:00,10.0,0.0,0.0,0.0,212.0,2.0,224.0,3.0,-0.4999999999999997,-0.8660254037844388,0,0
2012-09-03 15:00:00,32.0,24.0,0.0,0.0,38.0,14.0,108.0,4.0,-0.7071067811865471,-0.7071067811865479,0,0
2012-09-03 16:00:00,64.0,0.0,4.0,48.0,85.0,16.0,217.0,5.0,-0.8660254037844385,-0.5000000000000004,0,0
2012-09-03 17:00:00,0.0,0.0,8.0,62.0,163.0,22.0,255.0,4.0,-0.9659258262890683,-0.25881904510252063,0,0
2012-09-03 18:00:00,0.0,0.0,8.0,68.0,52.0,0.0,128.0,3.0,-1.0,-1.8369701987210297e-16,0,0
2012-09-03 19:00:00,0.0,0.0,0.0,0.0,24.0,0.0,24.0,1.0,-0.9659258262890684,0.2588190451025203,0,0
2012-09-03 20:00:00,0.0,0.0,0.0,0.0,2.0,0.0,2.0,1.0,-0.8660254037844386,0.5000000000000001,0,0
2012-09-03 21:00:00,0.0,0.0,4.0,48.0,26.0,0.0,78.0,3.0,-0.7071067811865477,0.7071067811865474,0,0
2012-09-03 22:00:00,0.0,0.0,2.0,2.0,26.0,0.0,30.0,3.0,-0.5000000000000004,0.8660254037844384,0,0
2012-09-03 23:00:00,152.0,226.0,0.0,0.0,54.0,12.0,444.0,4.0,-0.25881904510252157,0.9659258262890681,0,0
2012-09-04 00:00:00,0.0,2.0,0.0,0.0,0.0,0.0,2.0,1.0,0.0,1.0,1,0
2012-09-04 01:00:00,0.0,4.0,0.0,0.0,0.0,0.0,4.0,1.0,0.25881904510252074,0.9659258262890683,1,0
2012-09-04 02:00:00,0.0,8.0,0.0,0.0,0.0,0.0,8.0,1.0,0.49999999999999994,0.8660254037844387,1,0
2012-09-04 03:00:00,0.0,18.0,0.0,2.0,0.0,0.0,20.0,2.0,0.7071067811865476,0.7071067811865476,1,0
2012-09-04 04:00:00,44.0,82.0,0.0,0.0,0.0,0.0,126.0,2.0,0.8660254037844386,0.5000000000000001,1,0
2012-09-04 05:00:00,0.0,0.0,0.0,0.0,0.0,0.0,0.0,0.0,0.9659258262890683,0.25881904510252074,1,1
2012-09-04 06:00:00,0.0,0.0,0.0,0.0,0.0,0.0,0.0,0.0,1.0,6.123233995736766e-17,1,1
2012-09-04 07:00:00,0.0,4.0,0.0,0.0,0.0,0.0,4.0,1.0,0.9659258262890683,-0.25881904510252063,1,0
2012-09-04 08:00:00,44.0,46.0,6.0,56.0,50.0,14.0,216.0,6.0,0.8660254037844387,-0.4999999999999998,1,0
2012-09-04 09:00:00,0.0,0.0,10.0,396.0,100.0,26.0,532.0,4.0,0.7071067811865476,-0.7071067811865475,1,0
2012-09-04 10:00:00,0.0,0.0,0.0,2.0,122.0,0.0,124.0,2.0,0.49999999999999994,-0.8660254037844387,1,0
2012-09-04 11:00:00,29.0,184.0,4.0,22.0,110.0,2.0,351.0,6.0,0.258819045102521,-0.9659258262890682,1,0
2012-09-04 12:00:00,227.0,22.0,6.0,68.0,162.0,20.0,505.0,6.0,1.2246467991473532e-16,-1.0,1,0
2012-09-04 13:00:00,0.0,0.0,8.0,710.0,124.0,12.0,854.0,4.0,-0.2588190451025208,-0.9659258262890683,1,0
2012-09-04 14:00:00,0.0,0.0,10.0,222.0,54.0,6.0,292.0,4.0,-0.4999999999999997,-0.8660254037844388,1,0
2012-09-04 15:00:00,18.0,2.0,24.0,120.0,146.0,28.0,338.0,6.0,-0.7071067811865471,-0.7071067811865479,1,0
2012-09-04 16:00:00,0.0,16.0,10.0,50.0,90.0,20.0,186.0,5.0,-0.8660254037844385,-0.5000000000000004,1,0
2012-09-04 17:00:00,70.0,28.0,0.0,0.0,32.0,16.0,146.0,4.0,-0.9659258262890683,-0.25881904510252063,1,0
2012-09-04 18:00:00,0.0,0.0,2.0,22.0,24.0,6.0,54.0,4.0,-1.0,-1.8369701987210297e-16,1,0
2012-09-04 19:00:00,0.0,0.0,0.0,0.0,54.0,0.0,54.0,1.0,-0.9659258262890684,0.2588190451025203,1,0
2012-09-04 20:00:00,0.0,0.0,0.0,0.0,36.0,0.0,36.0,1.0,-0.8660254037844386,0.5000000000000001,1,0
2012-09-04 21:00:00,0.0,0.0,0.0,0.0,50.0,0.0,50.0,1.0,-0.7071067811865477,0.7071067811865474,1,0
2012-09-04 22:00:00,0.0,0.0,0.0,0.0,104.0,0.0,104.0,1.0,-0.5000000000000004,0.8660254037844384,1,0
2012-09-04 23:00:00,36.0,2.0,2.0,94.0,112.0,4.0,250.0,6.0,-0.25881904510252157,0.9659258262890681,1,0
2012-09-05 00:00:00,132.0,190.0,8.0,92.0,30.0,0.0,452.0,5.0,0.0,1.0,2,0
2012-09-05 01:00:00,0.0,2.0,0.0,0.0,0.0,0.0,2.0,1.0,0.25881904510252074,0.9659258262890683,2,0
2012-09-05 02:00:00,0.0,2.0,0.0,0.0,0.0,0.0,2.0,1.0,0.49999999999999994,0.8660254037844387,2,0
2012-09-05 03:00:00,0.0,20.0,0.0,0.0,0.0,0.0,20.0,1.0,0.7071067811865476,0.7071067811865476,2,0
2012-09-05 04:00:00,0.0,4.0,0.0,0.0,0.0,0.0,4.0,1.0,0.8660254037844386,0.5000000000000001,2,0
2012-09-05 05:00:00,0.0,6.0,0.0,2.0,0.0,2.0,10.0,3.0,0.9659258262890683,0.25881904510252074,2,0
2012-09-05 06:00:00,30.0,28.0,0.0,30.0,58.0,12.0,158.0,5.0,1.0,6.123233995736766e-17,2,0
2012-09-05 07:00:00,0.0,0.0,4.0,244.0,82.0,0.0,330.0,3.0,0.9659258262890683,-0.25881904510252063,2,0
2012-09-05 08:00:00,0.0,34.0,2.0,80.0,98.0,0.0,214.0,4.0,0.8660254037844387,-0.4999999999999998,2,0
2012-09-05 09:00:00,310.0,176.0,4.0,30.0,58.0,4.0,582.0,6.0,0.7071067811865476,-0.7071067811865475,2,0
2012-09-05 10:00:00,26.0,6.0,24.0,100.0,290.0,8.0,454.0,6.0,0.49999999999999994,-0.8660254037844387,2,0
2012-09-05 11:00:00,172.0,28.0,2.0,4.0,122.0,4.0,332.0,6.0,0.258819045102521,-0.9659258262890682,2,0
2012-09-05 12:00:00,108.0,4.0,4.0,154.0,238.0,2.0,510.0,6.0,1.2246467991473532e-16,-1.0,2,0
2012-09-05 13:00:00,2.0,20.0,4.0,20.0,50.0,14.0,110.0,6.0,-0.2588190451025208,-0.9659258262890683,2,0
2012-09-05 14:00:00,0.0,0.0,0.0,0.0,0.0,0.0,0.0,0.0,-0.4999999999999997,-0.8660254037844388,2,1
2012-09-05 15:00:00,62.0,28.0,4.0,40.0,102.0,10.0,246.0,6.0,-0.7071067811865471,-0.7071067811865479,2,0
2012-09-05 16:00:00,0.0,0.0,2.0,36.0,40.0,0.0,78.0,3.0,-0.8660254037844385,-0.5000000000000004,2,0
2012-09-05 17:00:00,0.0,0.0,2.0,154.0,62.0,0.0,218.0,3.0,-0.9659258262890683,-0.25881904510252063,2,0
2012-09-05 18:00:00,0.0,0.0,2.0,58.0,126.0,0.0,186.0,3.0,-1.0,-1.8369701987210297e-16,2,0
2012-09-05 19:00:00,0.0,0.0,16.0,296.0,138.0,0.0,450.0,3.0,-0.9659258262890684,0.2588190451025203,2,0
2012-09-05 20:00:00,0.0,0.0,0.0,2.0,162.0,2.0,166.0,3.0,-0.8660254037844386,0.5000000000000001,2,0
2012-09-05 21:00:00,0.0,0.0,0.0,2.0,172.0,0.0,174.0,2.0,-0.7071067811865477,0.7071067811865474,2,0
2012-09-05 22:00:00,14.0,2.0,2.0,144.0,118.0,6.0,286.0,6.0,-0.5000000000000004,0.8660254037844384,2,0
2012-09-05 23:00:00,34.0,22.0,0.0,0.0,16.0,14.0,86.0,4.0,-0.25881904510252157,0.9659258262890681,2,0
2012-09-06 00:00:00,64.0,124.0,0.0,0.0,12.0,2.0,202.0,4.0,0.0,1.0,3,0
2012-09-06 01:00:00,0.0,2.0,0.0,0.0,2.0,0.0,4.0,2.0,0.25881904510252074,0.9659258262890683,3,0
2012-09-06 02:00:00,0.0,16.0,0.0,0.0,0.0,0.0,16.0,1.0,0.49999999999999994,0.8660254037844387,3,0
2012-09-06 03:00:00,0.0,0.0,0.0,2.0,0.0,0.0,2.0,1.0,0.7071067811865476,0.7071067811865476,3,0
2012-09-06 04:00:00,0.0,4.0,0.0,0.0,0.0,0.0,4.0,1.0,0.8660254037844386,0.5000000000000001,3,0
2012-09-06 05:00:00,0.0,4.0,0.0,0.0,0.0,0.0,4.0,1.0,0.9659258262890683,0.25881904510252074,3,0
2012-09-06 06:00:00,0.0,0.0,0.0,2.0,0.0,0.0,2.0,1.0,1.0,6.123233995736766e-17,3,0
2012-09-06 07:00:00,34.0,30.0,0.0,66.0,52.0,14.0,196.0,5.0,0.9659258262890683,-0.25881904510252063,3,0
2012-09-06 08:00:00,6.0,114.0,6.0,366.0,88.0,24.0,604.0,6.0,0.8660254037844387,-0.4999999999999998,3,0
2012-09-06 09:00:00,0.0,0.0,0.0,0.0,232.0,0.0,232.0,1.0,0.7071067811865476,-0.7071067811865475,3,0
2012-09-06 10:00:00,224.0,142.0,8.0,264.0,232.0,54.0,924.0,6.0,0.49999999999999994,-0.8660254037844387,3,0
2012-09-06 11:00:00,0.0,28.0,28.0,839.0,150.0,70.0,1115.0,5.0,0.258819045102521,-0.9659258262890682,3,0
2012-09-06 12:00:00,68.0,4.0,14.0,63.0,112.0,32.0,293.0,6.0,1.2246467991473532e-16,-1.0,3,0
2012-09-06 13:00:00,0.0,0.0,4.0,64.0,36.0,0.0,104.0,3.0,-0.2588190451025208,-0.9659258262890683,3,0
2012-09-06 14:00:00,0.0,36.0,2.0,16.0,80.0,14.0,148.0,5.0,-0.4999999999999997,-0.8660254037844388,3,0
2012-09-06 15:00:00,0.0,0.0,0.0,0.0,0.0,0.0,0.0,0.0,-0.7071067811865471,-0.7071067811865479,3,1
2012-09-06 16:00:00,6.0,2.0,0.0,0.0,26.0,2.0,36.0,4.0,-0.8660254037844385,-0.5000000000000004,3,0
2012-09-06 17:00:00,32.0,0.0,8.0,136.0,130.0,2.0,308.0,5.0,-0.9659258262890683,-0.25881904510252063,3,0
2012-09-06 18:00:00,0.0,0.0,10.0,114.0,120.0,10.0,254.0,4.0,-1.0,-1.8369701987210297e-16,3,0
2012-09-06 19:00:00,36.0,26.0,0.0,6.0,66.0,10.0,144.0,5.0,-0.9659258262890684,0.2588190451025203,3,0
2012-09-06 20:00:00,0.0,0.0,0.0,0.0,118.0,0.0,118.0,1.0,-0.8660254037844386,0.5000000000000001,3,0
2012-09-06 21:00:00,0.0,0.0,0.0,2.0,206.0,0.0,208.0,2.0,-0.7071067811865477,0.7071067811865474,3,0
2012-09-06 22:00:00,0.0,0.0,0.0,2.0,110.0,0.0,112.0,2.0,-0.5000000000000004,0.8660254037844384,3,0
2012-09-06 23:00:00,32.0,68.0,10.0,160.0,92.0,10.0,372.0,6.0,-0.25881904510252157,0.9659258262890681,3,0
2012-09-07 00:00:00,82.0,114.0,0.0,0.0,0.0,0.0,196.0,2.0,0.0,1.0,4,0
2012-09-07 01:00:00,0.0,2.0,0.0,0.0,0.0,2.0,4.0,2.0,0.25881904510252074,0.9659258262890683,4,0
2012-09-07 02:00:00,0.0,20.0,0.0,0.0,0.0,0.0,20.0,1.0,0.49999999999999994,0.8660254037844387,4,0
2012-09-07 03:00:00,0.0,0.0,0.0,0.0,0.0,0.0,0.0,0.0,0.7071067811865476,0.7071067811865476,4,1
2012-09-07 04:00:00,0.0,8.0,0.0,0.0,0.0,0.0,8.0,1.0,0.8660254037844386,0.5000000000000001,4,0
2012-09-07 05:00:00,0.0,0.0,0.0,2.0,0.0,0.0,2.0,1.0,0.9659258262890683,0.25881904510252074,4,0
2012-09-07 06:00:00,42.0,34.0,2.0,40.0,38.0,14.0,170.0,6.0,1.0,6.123233995736766e-17,4,0
2012-09-07 07:00:00,0.0,0.0,0.0,83.0,52.0,0.0,135.0,2.0,0.9659258262890683,-0.25881904510252063,4,0
2012-09-07 08:00:00,80.0,20.0,4.0,293.0,180.0,16.0,593.0,6.0,0.8660254037844387,-0.4999999999999998,4,0
2012-09-07 09:00:00,138.0,756.0,4.0,8.0,146.0,80.0,1132.0,6.0,0.7071067811865476,-0.7071067811865475,4,0
2012-09-07 10:00:00,0.0,1078.0,0.0,0.0,208.0,2.0,1288.0,3.0,0.49999999999999994,-0.8660254037844387,4,0
2012-09-07 11:00:00,252.0,92.0,4.0,36.0,78.0,18.0,480.0,6.0,0.258819045102521,-0.9659258262890682,4,0
2012-09-07 12:00:00,30.0,4.0,4.0,56.0,114.0,6.0,214.0,6.0,1.2246467991473532e-16,-1.0,4,0
2012-09-07 13:00:00,0.0,0.0,0.0,0.0,0.0,0.0,0.0,0.0,-0.2588190451025208,-0.9659258262890683,4,1
2012-09-07 14:00:00,14.0,6.0,0.0,0.0,88.0,26.0,134.0,4.0,-0.4999999999999997,-0.8660254037844388,4,0
2012-09-07 15:00:00,0.0,0.0,10.0,60.0,40.0,0.0,110.0,3.0,-0.7071067811865471,-0.7071067811865479,4,0
2012-09-07 16:00:00,49.0,0.0,0.0,0.0,56.0,28.0,133.0,3.0,-0.8660254037844385,-0.5000000000000004,4,0
2012-09-07 17:00:00,3.0,32.0,0.0,0.0,40.0,26.0,101.0,4.0,-0.9659258262890683,-0.25881904510252063,4,0
2012-09-07 18:00:00,0.0,0.0,0.0,0.0,36.0,6.0,42.0,2.0,-1.0,-1.8369701987210297e-16,4,0
2012-09-07 19:00:00,0.0,2.0,0.0,0.0,56.0,0.0,58.0,2.0,-0.9659258262890684,0.2588190451025203,4,0
2012-09-07 20:00:00,0.0,0.0,0.0,0.0,118.0,0.0,118.0,1.0,-0.8660254037844386,0.5000000000000001,4,0
2012-09-07 21:00:00,26.0,108.0,0.0,56.0,60.0,4.0,254.0,5.0,-0.7071067811865477,0.7071067811865474,4,0
2012-09-07 22:00:00,0.0,0.0,2.0,160.0,26.0,0.0,188.0,3.0,-0.5000000000000004,0.8660254037844384,4,0
2012-09-07 23:00:00,0.0,2.0,0.0,0.0,4.0,0.0,6.0,2.0,-0.25881904510252157,0.9659258262890681,4,0
2012-09-08 00:00:00,62.0,48.0,2.0,18.0,48.0,12.0,190.0,6.0,0.0,1.0,5,0
2012-09-08 01:00:00,0.0,0.0,0.0,0.0,0.0,0.0,0.0,0.0,0.25881904510252074,0.9659258262890683,5,1
2012-09-08 02:00:00,0.0,16.0,0.0,0.0,0.0,0.0,16.0,1.0,0.49999999999999994,0.8660254037844387,5,0
2012-09-08 03:00:00,0.0,0.0,0.0,0.0,0.0,0.0,0.0,0.0,0.7071067811865476,0.7071067811865476,5,1
2012-09-08 04:00:00,0.0,2.0,0.0,0.0,0.0,0.0,2.0,1.0,0.8660254037844386,0.5000000000000001,5,0
2012-09-08 05:00:00,34.0,76.0,0.0,40.0,12.0,18.0,180.0,5.0,0.9659258262890683,0.25881904510252074,5,0
2012-09-08 06:00:00,0.0,0.0,0.0,8.0,26.0,0.0,34.0,2.0,1.0,6.123233995736766e-17,5,0
2012-09-08 07:00:00,0.0,0.0,0.0,0.0,106.0,0.0,106.0,1.0,0.9659258262890683,-0.25881904510252063,5,0
2012-09-08 08:00:00,0.0,0.0,2.0,232.0,140.0,0.0,374.0,3.0,0.8660254037844387,-0.4999999999999998,5,0
2012-09-08 09:00:00,276.0,140.0,4.0,56.0,68.0,0.0,544.0,5.0,0.7071067811865476,-0.7071067811865475,5,0
2012-09-08 10:00:00,0.0,0.0,0.0,2.0,56.0,14.0,72.0,3.0,0.49999999999999994,-0.8660254037844387,5,0
2012-09-08 11:00:00,34.0,12.0,0.0,0.0,34.0,60.0,140.0,4.0,0.258819045102521,-0.9659258262890682,5,0
2012-09-08 12:00:00,8.0,0.0,4.0,136.0,104.0,26.0,278.0,5.0,1.2246467991473532e-16,-1.0,5,0
2012-09-08 13:00:00,32.0,0.0,8.0,58.0,80.0,42.0,220.0,5.0,-0.2588190451025208,-0.9659258262890683,5,0
2012-09-08 14:00:00,2.0,214.0,0.0,2.0,44.0,22.0,284.0,5.0,-0.4999999999999997,-0.8660254037844388,5,0
2012-09-08 15:00:00,0.0,0.0,0.0,0.0,0.0,0.0,0.0,0.0,-0.7071067811865471,-0.7071067811865479,5,1
2012-09-08 16:00:00,36.0,10.0,0.0,2.0,32.0,12.0,92.0,5.0,-0.8660254037844385,-0.5000000000000004,5,0
2012-09-08 17:00:00,0.0,0.0,0.0,0.0,34.0,14.0,48.0,2.0,-0.9659258262890683,-0.25881904510252063,5,0
2012-09-08 18:00:00,0.0,0.0,0.0,0.0,72.0,10.0,82.0,2.0,-1.0,-1.8369701987210297e-16,5,0
2012-09-08 19:00:00,0.0,0.0,0.0,0.0,98.0,0.0,98.0,1.0,-0.9659258262890684,0.2588190451025203,5,0
2012-09-08 20:00:00,0.0,0.0,2.0,59.0,104.0,0.0,165.0,3.0,-0.8660254037844386,0.5000000000000001,5,0
2012-09-08 21:00:00,36.0,22.0,6.0,167.0,82.0,2.0,315.0,6.0,-0.7071067811865477,0.7071067811865474,5,0
2012-09-08 22:00:00,0.0,0.0,0.0,0.0,78.0,0.0,78.0,1.0,-0.5000000000000004,0.8660254037844384,5,0
2012-09-08 23:00:00,0.0,0.0,0.0,0.0,44.0,0.0,44.0,1.0,-0.25881904510252157,0.9659258262890681,5,0
2012-09-09 00:00:00,86.0,194.0,0.0,0.0,42.0,8.0,330.0,4.0,0.0,1.0,6,0
2012-09-09 01:00:00,0.0,12.0,0.0,0.0,0.0,0.0,12.0,1.0,0.25881904510252074,0.9659258262890683,6,0
2012-09-09 02:00:00,0.0,30.0,0.0,0.0,0.0,0.0,30.0,1.0,0.49999999999999994,0.8660254037844387,6,0
2012-09-09 03:00:00,0.0,8.0,0.0,0.0,0.0,0.0,8.0,1.0,0.7071067811865476,0.7071067811865476,6,0
2012-09-09 04:00:00,0.0,12.0,0.0,0.0,0.0,0.0,12.0,1.0,0.8660254037844386,0.5000000000000001,6,0
2012-09-09 05:00:00,0.0,8.0,0.0,0.0,0.0,0.0,8.0,1.0,0.9659258262890683,0.25881904510252074,6,0
2012-09-09 06:00:00,0.0,0.0,0.0,0.0,0.0,0.0,0.0,0.0,1.0,6.123233995736766e-17,6,1
2012-09-09 07:00:00,44.0,54.0,4.0,44.0,74.0,16.0,236.0,6.0,0.9659258262890683,-0.25881904510252063,6,0
2012-09-09 08:00:00,0.0,0.0,0.0,0.0,76.0,0.0,76.0,1.0,0.8660254037844387,-0.4999999999999998,6,0
2012-09-09 09:00:00,130.0,6.0,4.0,224.0,148.0,4.0,516.0,6.0,0.7071067811865476,-0.7071067811865475,6,0
2012-09-09 10:00:00,0.0,0.0,0.0,0.0,234.0,0.0,234.0,1.0,0.49999999999999994,-0.8660254037844387,6,0
2012-09-09 11:00:00,164.0,56.0,4.0,42.0,178.0,2.0,446.0,6.0,0.258819045102521,-0.9659258262890682,6,0
2012-09-09 12:00:00,140.0,52.0,6.0,6.0,86.0,20.0,310.0,6.0,1.2246467991473532e-16,-1.0,6,0
2012-09-09 13:00:00,0.0,0.0,4.0,48.0,86.0,0.0,138.0,3.0,-0.2588190451025208,-0.9659258262890683,6,0
2012-09-09 14:00:00,0.0,0.0,0.0,0.0,128.0,0.0,128.0,1.0,-0.4999999999999997,-0.8660254037844388,6,0
2012-09-09 15:00:00,0.0,0.0,2.0,2.0,130.0,8.0,142.0,4.0,-0.7071067811865471,-0.7071067811865479,6,0
2012-09-09 16:00:00,56.0,0.0,0.0,0.0,42.0,18.0,116.0,3.0,-0.8660254037844385,-0.5000000000000004,6,0
2012-09-09 17:00:00,0.0,0.0,0.0,0.0,0.0,0.0,0.0,0.0,-0.9659258262890683,-0.25881904510252063,6,1
2012-09-09 18:00:00,0.0,0.0,0.0,0.0,0.0,0.0,0.0,0.0,-1.0,-1.8369701987210297e-16,6,1
2012-09-09 19:00:00,0.0,0.0,0.0,0.0,152.0,10.0,162.0,2.0,-0.9659258262890684,0.2588190451025203,6,0
2012-09-09 20:00:00,0.0,0.0,0.0,0.0,200.0,0.0,200.0,1.0,-0.8660254037844386,0.5000000000000001,6,0
2012-09-09 21:00:00,46.0,120.0,2.0,58.0,126.0,2.0,354.0,6.0,-0.7071067811865477,0.7071067811865474,6,0
2012-09-09 22:00:00,0.0,0.0,2.0,160.0,90.0,0.0,252.0,3.0,-0.5000000000000004,0.8660254037844384,6,0
2012-09-09 23:00:00,0.0,0.0,0.0,0.0,72.0,0.0,72.0,1.0,-0.25881904510252157,0.9659258262890681,6,0
2012-09-10 00:00:00,88.0,42.0,2.0,26.0,64.0,6.0,228.0,6.0,0.0,1.0,0,0
2012-09-10 01:00:00,0.0,14.0,0.0,0.0,0.0,0.0,14.0,1.0,0.25881904510252074,0.9659258262890683,0,0
2012-09-10 02:00:00,0.0,12.0,0.0,0.0,0.0,0.0,12.0,1.0,0.49999999999999994,0.8660254037844387,0,0
2012-09-10 03:00:00,0.0,2.0,0.0,0.0,0.0,0.0,2.0,1.0,0.7071067811865476,0.7071067811865476,0,0
2012-09-10 04:00:00,0.0,14.0,0.0,0.0,0.0,0.0,14.0,1.0,0.8660254037844386,0.5000000000000001,0,0
2012-09-10 05:00:00,0.0,22.0,0.0,0.0,2.0,0.0,24.0,2.0,0.9659258262890683,0.25881904510252074,0,0
2012-09-10 06:00:00,42.0,58.0,4.0,52.0,80.0,16.0,252.0,6.0,1.0,6.123233995736766e-17,0,0
2012-09-10 07:00:00,34.0,52.0,16.0,238.0,112.0,4.0,456.0,6.0,0.9659258262890683,-0.25881904510252063,0,0
2012-09-10 08:00:00,30.0,4.0,10.0,224.0,193.0,4.0,465.0,6.0,0.8660254037844387,-0.4999999999999998,0,0
2012-09-10 09:00:00,12.0,34.0,0.0,0.0,231.0,2.0,279.0,4.0,0.7071067811865476,-0.7071067811865475,0,0
2012-09-10 10:00:00,196.0,78.0,0.0,0.0,224.0,14.0,512.0,4.0,0.49999999999999994,-0.8660254037844387,0,0
2012-09-10 11:00:00,0.0,110.0,6.0,42.0,50.0,18.0,226.0,5.0,0.258819045102521,-0.9659258262890682,0,0
2012-09-10 12:00:00,0.0,0.0,0.0,2.0,0.0,0.0,2.0,1.0,1.2246467991473532e-16,-1.0,0,0
2012-09-10 13:00:00,70.0,50.0,26.0,6.0,76.0,8.0,236.0,6.0,-0.2588190451025208,-0.9659258262890683,0,0
2012-09-10 14:00:00,0.0,0.0,0.0,0.0,22.0,8.0,30.0,2.0,-0.4999999999999997,-0.8660254037844388,0,0
2012-09-10 15:00:00,0.0,0.0,6.0,14.0,92.0,22.0,134.0,4.0,-0.7071067811865471,-0.7071067811865479,0,0
2012-09-10 16:00:00,66.0,58.0,10.0,136.0,156.0,34.0,460.0,6.0,-0.8660254037844385,-0.5000000000000004,0,0
2012-09-10 17:00:00,0.0,0.0,0.0,0.0,82.0,10.0,92.0,2.0,-0.9659258262890683,-0.25881904510252063,0,0
2012-09-10 18:00:00,0.0,0.0,0.0,0.0,0.0,0.0,0.0,0.0,-1.0,-1.8369701987210297e-16,0,1
2012-09-10 19:00:00,0.0,0.0,0.0,0.0,156.0,6.0,162.0,2.0,-0.9659258262890684,0.2588190451025203,0,0
2012-09-10 20:00:00,0.0,0.0,0.0,0.0,180.0,0.0,180.0,1.0,-0.8660254037844386,0.5000000000000001,0,0
2012-09-10 21:00:00,0.0,0.0,0.0,0.0,60.0,24.0,84.0,2.0,-0.7071067811865477,0.7071067811865474,0,0
2012-09-10 22:00:00,48.0,8.0,0.0,0.0,26.0,2.0,84.0,4.0,-0.5000000000000004,0.8660254037844384,0,0
2012-09-10 23:00:00,0.0,20.0,0.0,0.0,168.0,4.0,192.0,3.0,-0.25881904510252157,0.9659258262890681,0,0
2012-09-11 00:00:00,60.0,332.0,10.0,48.0,122.0,4.0,576.0,6.0,0.0,1.0,1,0
2012-09-11 01:00:00,0.0,14.0,0.0,0.0,0.0,0.0,14.0,1.0,0.25881904510252074,0.9659258262890683,1,0
2012-09-11 02:00:00,0.0,12.0,0.0,0.0,0.0,0.0,12.0,1.0,0.49999999999999994,0.8660254037844387,1,0
2012-09-11 03:00:00,0.0,0.0,0.0,0.0,0.0,0.0,0.0,0.0,0.7071067811865476,0.7071067811865476,1,1
2012-09-11 04:00:00,0.0,22.0,0.0,2.0,0.0,0.0,24.0,2.0,0.8660254037844386,0.5000000000000001,1,0
2012-09-11 05:00:00,0.0,10.0,0.0,0.0,0.0,0.0,10.0,1.0,0.9659258262890683,0.25881904510252074,1,0
2012-09-11 06:00:00,8.0,38.0,0.0,0.0,0.0,0.0,46.0,2.0,1.0,6.123233995736766e-17,1,0
2012-09-11 07:00:00,36.0,2.0,6.0,40.0,78.0,24.0,186.0,6.0,0.9659258262890683,-0.25881904510252063,1,0
2012-09-11 08:00:00,44.0,2.0,6.0,214.0,102.0,0.0,368.0,5.0,0.8660254037844387,-0.4999999999999998,1,0
2012-09-11 09:00:00,0.0,0.0,0.0,0.0,91.0,0.0,91.0,1.0,0.7071067811865476,-0.7071067811865475,1,0
2012-09-11 10:00:00,40.0,220.0,2.0,104.0,149.0,0.0,515.0,5.0,0.49999999999999994,-0.8660254037844387,1,0
2012-09-11 11:00:00,240.0,105.0,12.0,20.0,160.0,0.0,537.0,5.0,0.258819045102521,-0.9659258262890682,1,0
2012-09-11 12:00:00,28.0,129.0,0.0,0.0,38.0,8.0,203.0,4.0,1.2246467991473532e-16,-1.0,1,0
2012-09-11 13:00:00,0.0,0.0,0.0,0.0,0.0,0.0,0.0,0.0,-0.2588190451025208,-0.9659258262890683,1,1
2012-09-11 14:00:00,34.0,4.0,4.0,70.0,70.0,14.0,196.0,6.0,-0.4999999999999997,-0.8660254037844388,1,0
2012-09-11 15:00:00,0.0,0.0,0.0,0.0,0.0,0.0,0.0,0.0,-0.7071067811865471,-0.7071067811865479,1,1
2012-09-11 16:00:00,26.0,2.0,0.0,0.0,12.0,2.0,42.0,4.0,-0.8660254037844385,-0.5000000000000004,1,0
2012-09-11 17:00:00,40.0,10.0,0.0,0.0,42.0,10.0,102.0,4.0,-0.9659258262890683,-0.25881904510252063,1,0
2012-09-11 18:00:00,62.0,4.0,4.0,18.0,88.0,20.0,196.0,6.0,-1.0,-1.8369701987210297e-16,1,0
2012-09-11 19:00:00,0.0,0.0,0.0,0.0,130.0,0.0,130.0,1.0,-0.9659258262890684,0.2588190451025203,1,0
2012-09-11 20:00:00,0.0,0.0,0.0,0.0,180.0,0.0,180.0,1.0,-0.8660254037844386,0.5000000000000001,1,0
2012-09-11 21:00:00,0.0,0.0,0.0,0.0,146.0,0.0,146.0,1.0,-0.7071067811865477,0.7071067811865474,1,0
2012-09-11 22:00:00,0.0,0.0,0.0,0.0,96.0,0.0,96.0,1.0,-0.5000000000000004,0.8660254037844384,1,0
2012-09-11 23:00:00,98.0,4.0,0.0,0.0,114.0,2.0,218.0,4.0,-0.25881904510252157,0.9659258262890681,1,0
2012-09-12 00:00:00,72.0,200.0,14.0,76.0,38.0,6.0,406.0,6.0,0.0,1.0,2,0
2012-09-12 01:00:00,0.0,8.0,0.0,2.0,0.0,0.0,10.0,2.0,0.25881904510252074,0.9659258262890683,2,0
2012-09-12 02:00:00,0.0,2.0,0.0,0.0,0.0,0.0,2.0,1.0,0.49999999999999994,0.8660254037844387,2,0
2012-09-12 03:00:00,0.0,4.0,0.0,0.0,2.0,0.0,6.0,2.0,0.7071067811865476,0.7071067811865476,2,0
2012-09-12 04:00:00,0.0,12.0,0.0,2.0,0.0,0.0,14.0,2.0,0.8660254037844386,0.5000000000000001,2,0
2012-09-12 05:00:00,0.0,8.0,0.0,0.0,0.0,0.0,8.0,1.0,0.9659258262890683,0.25881904510252074,2,0
2012-09-12 06:00:00,0.0,2.0,0.0,0.0,0.0,0.0,2.0,1.0,1.0,6.123233995736766e-17,2,0
2012-09-12 07:00:00,58.0,74.0,2.0,32.0,16.0,16.0,198.0,6.0,0.9659258262890683,-0.25881904510252063,2,0
2012-09-12 08:00:00,0.0,0.0,8.0,20.0,106.0,0.0,134.0,3.0,0.8660254037844387,-0.4999999999999998,2,0
2012-09-12 09:00:00,0.0,0.0,4.0,240.0,126.0,0.0,370.0,3.0,0.7071067811865476,-0.7071067811865475,2,0
2012-09-12 10:00:00,12.0,548.0,22.0,236.0,148.0,4.0,970.0,6.0,0.49999999999999994,-0.8660254037844387,2,0
2012-09-12 11:00:00,176.0,1526.0,0.0,0.0,44.0,2.0,1748.0,4.0,0.258819045102521,-0.9659258262890682,2,0
2012-09-12 12:00:00,104.0,74.0,4.0,24.0,72.0,10.0,288.0,6.0,1.2246467991473532e-16,-1.0,2,0
2012-09-12 13:00:00,0.0,0.0,0.0,0.0,0.0,0.0,0.0,0.0,-0.2588190451025208,-0.9659258262890683,2,1
2012-09-12 14:00:00,0.0,0.0,0.0,0.0,22.0,8.0,30.0,2.0,-0.4999999999999997,-0.8660254037844388,2,0
2012-09-12 15:00:00,0.0,10.0,0.0,0.0,42.0,8.0,60.0,3.0,-0.7071067811865471,-0.7071067811865479,2,0
2012-09-12 16:00:00,71.0,2.0,8.0,30.0,68.0,8.0,187.0,6.0,-0.8660254037844385,-0.5000000000000004,2,0
2012-09-12 17:00:00,19.0,6.0,4.0,36.0,132.0,40.0,237.0,6.0,-0.9659258262890683,-0.25881904510252063,2,0
2012-09-12 18:00:00,0.0,0.0,0.0,0.0,118.0,0.0,118.0,1.0,-1.0,-1.8369701987210297e-16,2,0
2012-09-12 19:00:00,0.0,0.0,0.0,0.0,36.0,14.0,50.0,2.0,-0.9659258262890684,0.2588190451025203,2,0
2012-09-12 20:00:00,46.0,198.0,0.0,0.0,26.0,14.0,284.0,4.0,-0.8660254037844386,0.5000000000000001,2,0
2012-09-12 21:00:00,0.0,1434.0,4.0,116.0,38.0,0.0,1592.0,4.0,-0.7071067811865477,0.7071067811865474,2,0
2012-09-12 22:00:00,0.0,0.0,0.0,0.0,106.0,0.0,106.0,1.0,-0.5000000000000004,0.8660254037844384,2,0
2012-09-12 23:00:00,6.0,218.0,2.0,68.0,116.0,8.0,418.0,6.0,-0.25881904510252157,0.9659258262890681,2,0
2012-09-13 00:00:00,112.0,80.0,0.0,0.0,0.0,0.0,192.0,2.0,0.0,1.0,3,0
2012-09-13 01:00:00,0.0,4.0,0.0,0.0,0.0,0.0,4.0,1.0,0.25881904510252074,0.9659258262890683,3,0
2012-09-13 02:00:00,0.0,38.0,0.0,0.0,0.0,0.0,38.0,1.0,0.49999999999999994,0.8660254037844387,3,0
2012-09-13 03:00:00,0.0,10.0,0.0,0.0,0.0,0.0,10.0,1.0,0.7071067811865476,0.7071067811865476,3,0
2012-09-13 04:00:00,0.0,10.0,0.0,0.0,2.0,0.0,12.0,2.0,0.8660254037844386,0.5000000000000001,3,0
2012-09-13 05:00:00,0.0,2.0,0.0,0.0,0.0,0.0,2.0,1.0,0.9659258262890683,0.25881904510252074,3,0
2012-09-13 06:00:00,0.0,8.0,0.0,0.0,0.0,0.0,8.0,1.0,1.0,6.123233995736766e-17,3,0
2012-09-13 07:00:00,56.0,58.0,2.0,64.0,74.0,22.0,276.0,6.0,0.9659258262890683,-0.25881904510252063,3,0
2012-09-13 08:00:00,36.0,4.0,2.0,234.0,102.0,4.0,382.0,6.0,0.8660254037844387,-0.4999999999999998,3,0
2012-09-13 09:00:00,0.0,0.0,0.0,0.0,75.0,0.0,75.0,1.0,0.7071067811865476,-0.7071067811865475,3,0
2012-09-13 10:00:00,26.0,51.0,2.0,34.0,87.0,2.0,202.0,6.0,0.49999999999999994,-0.8660254037844387,3,0
2012-09-13 11:00:00,280.0,193.0,0.0,0.0,102.0,12.0,587.0,4.0,0.258819045102521,-0.9659258262890682,3,0
2012-09-13 12:00:00,0.0,0.0,0.0,0.0,0.0,0.0,0.0,0.0,1.2246467991473532e-16,-1.0,3,1
2012-09-13 13:00:00,0.0,0.0,0.0,0.0,0.0,0.0,0.0,0.0,-0.2588190451025208,-0.9659258262890683,3,1
2012-09-13 14:00:00,0.0,0.0,0.0,0.0,0.0,0.0,0.0,0.0,-0.4999999999999997,-0.8660254037844388,3,1
2012-09-13 15:00:00,0.0,0.0,0.0,0.0,0.0,0.0,0.0,0.0,-0.7071067811865471,-0.7071067811865479,3,1
2012-09-13 16:00:00,38.0,0.0,8.0,2.0,124.0,10.0,182.0,5.0,-0.8660254037844385,-0.5000000000000004,3,0
2012-09-13 17:00:00,0.0,0.0,6.0,34.0,182.0,0.0,222.0,3.0,-0.9659258262890683,-0.25881904510252063,3,0
2012-09-13 18:00:00,0.0,0.0,0.0,2.0,144.0,2.0,148.0,3.0,-1.0,-1.8369701987210297e-16,3,0
2012-09-13 19:00:00,60.0,36.0,2.0,6.0,204.0,22.0,330.0,6.0,-0.9659258262890684,0.2588190451025203,3,0
2012-09-13 20:00:00,0.0,0.0,0.0,0.0,260.0,0.0,260.0,1.0,-0.8660254037844386,0.5000000000000001,3,0
2012-09-13 21:00:00,72.0,58.0,4.0,54.0,202.0,8.0,398.0,6.0,-0.7071067811865477,0.7071067811865474,3,0
2012-09-13 22:00:00,0.0,0.0,0.0,0.0,86.0,0.0,86.0,1.0,-0.5000000000000004,0.8660254037844384,3,0
2012-09-13 23:00:00,0.0,0.0,0.0,17.0,96.0,0.0,113.0,2.0,-0.25881904510252157,0.9659258262890681,3,0
2012-09-14 00:00:00,54.0,92.0,2.0,9.0,6.0,4.0,167.0,6.0,0.0,1.0,4,0
2012-09-14 01:00:00,0.0,8.0,0.0,0.0,0.0,0.0,8.0,1.0,0.25881904510252074,0.9659258262890683,4,0
2012-09-14 02:00:00,0.0,22.0,0.0,0.0,0.0,0.0,22.0,1.0,0.49999999999999994,0.8660254037844387,4,0
2012-09-14 03:00:00,0.0,12.0,0.0,0.0,0.0,0.0,12.0,1.0,0.7071067811865476,0.7071067811865476,4,0
2012-09-14 04:00:00,32.0,102.0,2.0,80.0,114.0,38.0,368.0,6.0,0.8660254037844386,0.5000000000000001,4,0
2012-09-14 05:00:00,0.0,0.0,0.0,0.0,82.0,0.0,82.0,1.0,0.9659258262890683,0.25881904510252074,4,0
2012-09-14 06:00:00,0.0,0.0,0.0,2.0,2.0,0.0,4.0,2.0,1.0,6.123233995736766e-17,4,0
2012-09-14 07:00:00,48.0,4.0,0.0,115.0,24.0,4.0,195.0,5.0,0.9659258262890683,-0.25881904510252063,4,0
2012-09-14 08:00:00,0.0,2.0,10.0,275.0,144.0,0.0,431.0,4.0,0.8660254037844387,-0.4999999999999998,4,0
2012-09-14 09:00:00,4.0,46.0,4.0,42.0,154.0,2.0,252.0,6.0,0.7071067811865476,-0.7071067811865475,4,0
2012-09-14 10:00:00,286.0,184.0,0.0,0.0,116.0,0.0,586.0,3.0,0.49999999999999994,-0.8660254037844387,4,0
2012-09-14 11:00:00,48.0,22.0,2.0,26.0,216.0,4.0,318.0,6.0,0.258819045102521,-0.9659258262890682,4,0
2012-09-14 12:00:00,0.0,0.0,0.0,0.0,92.0,10.0,102.0,2.0,1.2246467991473532e-16,-1.0,4,0
2012-09-14 13:00:00,0.0,0.0,0.0,0.0,0.0,0.0,0.0,0.0,-0.2588190451025208,-0.9659258262890683,4,1
2012-09-14 14:00:00,0.0,0.0,16.0,78.0,26.0,18.0,138.0,4.0,-0.4999999999999997,-0.8660254037844388,4,0
2012-09-14 15:00:00,32.0,2.0,2.0,40.0,32.0,12.0,120.0,6.0,-0.7071067811865471,-0.7071067811865479,4,0
2012-09-14 16:00:00,0.0,0.0,0.0,0.0,0.0,0.0,0.0,0.0,-0.8660254037844385,-0.5000000000000004,4,1
2012-09-14 17:00:00,26.0,2.0,2.0,38.0,86.0,18.0,172.0,6.0,-0.9659258262890683,-0.25881904510252063,4,0
2012-09-14 18:00:00,0.0,0.0,6.0,92.0,100.0,0.0,198.0,3.0,-1.0,-1.8369701987210297e-16,4,0
2012-09-14 19:00:00,0.0,0.0,0.0,0.0,66.0,0.0,66.0,1.0,-0.9659258262890684,0.2588190451025203,4,0
2012-09-14 20:00:00,0.0,0.0,0.0,0.0,34.0,0.0,34.0,1.0,-0.8660254037844386,0.5000000000000001,4,0
2012-09-14 21:00:00,166.0,90.0,0.0,2.0,36.0,4.0,298.0,5.0,-0.7071067811865477,0.7071067811865474,4,0
2012-09-14 22:00:00,36.0,10.0,0.0,6.0,58.0,4.0,114.0,5.0,-0.5000000000000004,0.8660254037844384,4,0
2012-09-14 23:00:00,42.0,70.0,4.0,26.0,42.0,6.0,190.0,6.0,-0.25881904510252157,0.9659258262890681,4,0
2012-09-15 00:00:00,0.0,0.0,0.0,0.0,0.0,0.0,0.0,0.0,0.0,1.0,5,1
2012-09-15 01:00:00,0.0,6.0,0.0,0.0,0.0,0.0,6.0,1.0,0.25881904510252074,0.9659258262890683,5,0
2012-09-15 02:00:00,0.0,0.0,0.0,0.0,2.0,0.0,2.0,1.0,0.49999999999999994,0.8660254037844387,5,0
2012-09-15 03:00:00,0.0,28.0,0.0,0.0,0.0,0.0,28.0,1.0,0.7071067811865476,0.7071067811865476,5,0
2012-09-15 04:00:00,30.0,98.0,0.0,2.0,0.0,0.0,130.0,3.0,0.8660254037844386,0.5000000000000001,5,0
2012-09-15 05:00:00,0.0,2.0,0.0,0.0,0.0,0.0,2.0,1.0,0.9659258262890683,0.25881904510252074,5,0
2012-09-15 06:00:00,0.0,2.0,0.0,0.0,0.0,0.0,2.0,1.0,1.0,6.123233995736766e-17,5,0
2012-09-15 07:00:00,40.0,32.0,2.0,60.0,20.0,18.0,172.0,6.0,0.9659258262890683,-0.25881904510252063,5,0
2012-09-15 08:00:00,0.0,0.0,0.0,30.0,72.0,0.0,102.0,2.0,0.8660254037844387,-0.4999999999999998,5,0
2012-09-15 09:00:00,10.0,2.0,4.0,164.0,114.0,2.0,296.0,6.0,0.7071067811865476,-0.7071067811865475,5,0
2012-09-15 10:00:00,80.0,12.0,12.0,76.0,108.0,4.0,292.0,6.0,0.49999999999999994,-0.8660254037844387,5,0
2012-09-15 11:00:00,292.0,188.0,14.0,34.0,180.0,18.0,726.0,6.0,0.258819045102521,-0.9659258262890682,5,0
2012-09-15 12:00:00,0.0,0.0,0.0,0.0,14.0,8.0,22.0,2.0,1.2246467991473532e-16,-1.0,5,0
2012-09-15 13:00:00,32.0,0.0,4.0,188.0,132.0,8.0,364.0,5.0,-0.2588190451025208,-0.9659258262890683,5,0
2012-09-15 14:00:00,36.0,80.0,10.0,240.0,116.0,22.0,504.0,6.0,-0.4999999999999997,-0.8660254037844388,5,0
2012-09-15 15:00:00,0.0,0.0,0.0,0.0,126.0,0.0,126.0,1.0,-0.7071067811865471,-0.7071067811865479,5,0
2012-09-15 16:00:00,0.0,0.0,0.0,0.0,90.0,0.0,90.0,1.0,-0.8660254037844385,-0.5000000000000004,5,0
2012-09-15 17:00:00,0.0,0.0,12.0,498.0,108.0,0.0,618.0,3.0,-0.9659258262890683,-0.25881904510252063,5,0
2012-09-15 18:00:00,56.0,18.0,8.0,70.0,78.0,4.0,234.0,6.0,-1.0,-1.8369701987210297e-16,5,0
2012-09-15 19:00:00,0.0,0.0,0.0,0.0,196.0,0.0,196.0,1.0,-0.9659258262890684,0.2588190451025203,5,0
2012-09-15 20:00:00,0.0,0.0,0.0,0.0,156.0,0.0,156.0,1.0,-0.8660254037844386,0.5000000000000001,5,0
2012-09-15 21:00:00,0.0,0.0,0.0,0.0,152.0,0.0,152.0,1.0,-0.7071067811865477,0.7071067811865474,5,0
2012-09-15 22:00:00,0.0,0.0,4.0,119.0,90.0,0.0,213.0,3.0,-0.5000000000000004,0.8660254037844384,5,0
2012-09-15 23:00:00,104.0,154.0,2.0,15.0,102.0,10.0,387.0,6.0,-0.25881904510252157,0.9659258262890681,5,0
2012-09-16 00:00:00,0.0,12.0,0.0,0.0,0.0,0.0,12.0,1.0,0.0,1.0,6,0
2012-09-16 01:00:00,0.0,14.0,0.0,2.0,0.0,0.0,16.0,2.0,0.25881904510252074,0.9659258262890683,6,0
2012-09-16 02:00:00,0.0,62.0,0.0,2.0,0.0,0.0,64.0,2.0,0.49999999999999994,0.8660254037844387,6,0
2012-09-16 03:00:00,44.0,110.0,0.0,0.0,0.0,0.0,154.0,2.0,0.7071067811865476,0.7071067811865476,6,0
2012-09-16 04:00:00,0.0,0.0,0.0,0.0,0.0,0.0,0.0,0.0,0.8660254037844386,0.5000000000000001,6,1
2012-09-16 05:00:00,0.0,0.0,0.0,0.0,0.0,0.0,0.0,0.0,0.9659258262890683,0.25881904510252074,6,1
2012-09-16 06:00:00,0.0,6.0,0.0,0.0,0.0,0.0,6.0,1.0,1.0,6.123233995736766e-17,6,0
2012-09-16 07:00:00,68.0,44.0,4.0,54.0,58.0,22.0,250.0,6.0,0.9659258262890683,-0.25881904510252063,6,0
2012-09-16 08:00:00,0.0,0.0,0.0,0.0,24.0,0.0,24.0,1.0,0.8660254037844387,-0.4999999999999998,6,0
2012-09-16 09:00:00,120.0,4.0,10.0,179.0,88.0,4.0,405.0,6.0,0.7071067811865476,-0.7071067811865475,6,0
2012-09-16 10:00:00,0.0,0.0,4.0,199.0,138.0,0.0,341.0,3.0,0.49999999999999994,-0.8660254037844387,6,0
2012-09-16 11:00:00,251.0,36.0,4.0,34.0,112.0,2.0,439.0,6.0,0.258819045102521,-0.9659258262890682,6,0
2012-09-16 12:00:00,29.0,128.0,22.0,106.0,110.0,66.0,461.0,6.0,1.2246467991473532e-16,-1.0,6,0
2012-09-16 13:00:00,0.0,0.0,0.0,32.0,18.0,10.0,60.0,3.0,-0.2588190451025208,-0.9659258262890683,6,0
2012-09-16 14:00:00,0.0,0.0,0.0,0.0,118.0,0.0,118.0,1.0,-0.4999999999999997,-0.8660254037844388,6,0
2012-09-16 15:00:00,60.0,2.0,2.0,8.0,148.0,22.0,242.0,6.0,-0.7071067811865471,-0.7071067811865479,6,0
2012-09-16 16:00:00,0.0,0.0,0.0,0.0,70.0,0.0,70.0,1.0,-0.8660254037844385,-0.5000000000000004,6,0
2012-09-16 17:00:00,0.0,0.0,0.0,0.0,130.0,0.0,130.0,1.0,-0.9659258262890683,-0.25881904510252063,6,0
2012-09-16 18:00:00,44.0,14.0,14.0,290.0,160.0,0.0,522.0,5.0,-1.0,-1.8369701987210297e-16,6,0
2012-09-16 19:00:00,0.0,0.0,0.0,0.0,6.0,0.0,6.0,1.0,-0.9659258262890684,0.2588190451025203,6,0
2012-09-16 20:00:00,0.0,0.0,0.0,0.0,0.0,0.0,0.0,0.0,-0.8660254037844386,0.5000000000000001,6,1
2012-09-16 21:00:00,54.0,4.0,12.0,192.0,40.0,4.0,306.0,6.0,-0.7071067811865477,0.7071067811865474,6,0
2012-09-16 22:00:00,0.0,138.0,2.0,30.0,60.0,14.0,244.0,5.0,-0.5000000000000004,0.8660254037844384,6,0
2012-09-16 23:00:00,74.0,37.0,2.0,0.0,88.0,4.0,205.0,5.0,-0.25881904510252157,0.9659258262890681,6,0
2012-09-17 00:00:00,0.0,69.0,0.0,0.0,0.0,2.0,71.0,2.0,0.0,1.0,0,0
2012-09-17 01:00:00,0.0,4.0,0.0,0.0,0.0,0.0,4.0,1.0,0.25881904510252074,0.9659258262890683,0,0
2012-09-17 02:00:00,0.0,4.0,0.0,0.0,0.0,0.0,4.0,1.0,0.49999999999999994,0.8660254037844387,0,0
2012-09-17 03:00:00,0.0,28.0,0.0,0.0,0.0,0.0,28.0,1.0,0.7071067811865476,0.7071067811865476,0,0
2012-09-17 04:00:00,0.0,8.0,0.0,0.0,0.0,0.0,8.0,1.0,0.8660254037844386,0.5000000000000001,0,0
2012-09-17 05:00:00,0.0,6.0,0.0,0.0,0.0,0.0,6.0,1.0,0.9659258262890683,0.25881904510252074,0,0
2012-09-17 06:00:00,50.0,86.0,4.0,46.0,53.0,18.0,257.0,6.0,1.0,6.123233995736766e-17,0,0
2012-09-17 07:00:00,0.0,0.0,2.0,167.0,49.0,0.0,218.0,3.0,0.9659258262890683,-0.25881904510252063,0,0
2012-09-17 08:00:00,0.0,0.0,0.0,83.0,158.0,0.0,241.0,2.0,0.8660254037844387,-0.4999999999999998,0,0
2012-09-17 09:00:00,202.0,118.0,0.0,66.0,80.0,10.0,476.0,5.0,0.7071067811865476,-0.7071067811865475,0,0
2012-09-17 10:00:00,4.0,48.0,4.0,104.0,128.0,10.0,298.0,6.0,0.49999999999999994,-0.8660254037844387,0,0
2012-09-17 11:00:00,12.0,26.0,0.0,0.0,148.0,30.0,216.0,4.0,0.258819045102521,-0.9659258262890682,0,0
2012-09-17 12:00:00,54.0,1040.0,0.0,0.0,134.0,50.0,1278.0,4.0,1.2246467991473532e-16,-1.0,0,0
2012-09-17 13:00:00,48.0,16.0,8.0,252.0,190.0,18.0,532.0,6.0,-0.2588190451025208,-0.9659258262890683,0,0
2012-09-17 14:00:00,38.0,14.0,52.0,96.0,136.0,26.0,362.0,6.0,-0.4999999999999997,-0.8660254037844388,0,0
2012-09-17 15:00:00,28.0,2.0,2.0,0.0,164.0,28.0,224.0,5.0,-0.7071067811865471,-0.7071067811865479,0,0
2012-09-17 16:00:00,0.0,0.0,4.0,34.0,86.0,22.0,146.0,4.0,-0.8660254037844385,-0.5000000000000004,0,0
2012-09-17 17:00:00,20.0,4.0,4.0,4.0,50.0,10.0,92.0,6.0,-0.9659258262890683,-0.25881904510252063,0,0
2012-09-17 18:00:00,52.0,74.0,0.0,20.0,100.0,10.0,256.0,5.0,-1.0,-1.8369701987210297e-16,0,0
2012-09-17 19:00:00,82.0,4.0,2.0,30.0,172.0,2.0,292.0,6.0,-0.9659258262890684,0.2588190451025203,0,0
2012-09-17 20:00:00,0.0,0.0,4.0,50.0,92.0,0.0,146.0,3.0,-0.8660254037844386,0.5000000000000001,0,0
2012-09-17 21:00:00,0.0,0.0,0.0,0.0,60.0,0.0,60.0,1.0,-0.7071067811865477,0.7071067811865474,0,0
2012-09-17 22:00:00,8.0,430.0,10.0,74.0,64.0,4.0,590.0,6.0,-0.5000000000000004,0.8660254037844384,0,0
2012-09-17 23:00:00,122.0,260.0,0.0,0.0,22.0,2.0,406.0,4.0,-0.25881904510252157,0.9659258262890681,0,0
2012-09-18 00:00:00,0.0,12.0,0.0,2.0,0.0,0.0,14.0,2.0,0.0,1.0,1,0
2012-09-18 01:00:00,0.0,18.0,0.0,0.0,0.0,0.0,18.0,1.0,0.25881904510252074,0.9659258262890683,1,0
2012-09-18 02:00:00,26.0,38.0,0.0,0.0,0.0,0.0,64.0,2.0,0.49999999999999994,0.8660254037844387,1,0
2012-09-18 03:00:00,20.0,50.0,0.0,2.0,0.0,0.0,72.0,3.0,0.7071067811865476,0.7071067811865476,1,0
2012-09-18 04:00:00,0.0,4.0,0.0,0.0,0.0,0.0,4.0,1.0,0.8660254037844386,0.5000000000000001,1,0
2012-09-18 05:00:00,0.0,14.0,0.0,0.0,0.0,2.0,16.0,2.0,0.9659258262890683,0.25881904510252074,1,0
2012-09-18 06:00:00,50.0,58.0,0.0,64.0,32.0,22.0,226.0,5.0,1.0,6.123233995736766e-17,1,0
2012-09-18 07:00:00,0.0,0.0,0.0,0.0,38.0,0.0,38.0,1.0,0.9659258262890683,-0.25881904510252063,1,0
2012-09-18 08:00:00,34.0,0.0,6.0,236.0,96.0,4.0,376.0,5.0,0.8660254037844387,-0.4999999999999998,1,0
2012-09-18 09:00:00,0.0,114.0,0.0,74.0,126.0,0.0,314.0,3.0,0.7071067811865476,-0.7071067811865475,1,0
2012-09-18 10:00:00,284.0,150.0,0.0,0.0,12.0,0.0,446.0,3.0,0.49999999999999994,-0.8660254037844387,1,0
2012-09-18 11:00:00,0.0,0.0,0.0,0.0,4.0,0.0,4.0,1.0,0.258819045102521,-0.9659258262890682,1,0
2012-09-18 12:00:00,0.0,0.0,0.0,0.0,0.0,0.0,0.0,0.0,1.2246467991473532e-16,-1.0,1,1
2012-09-18 13:00:00,40.0,4.0,10.0,130.0,48.0,2.0,234.0,6.0,-0.2588190451025208,-0.9659258262890683,1,0
2012-09-18 14:00:00,0.0,0.0,18.0,44.0,84.0,20.0,166.0,4.0,-0.4999999999999997,-0.8660254037844388,1,0
2012-09-18 15:00:00,0.0,0.0,0.0,0.0,4.0,0.0,4.0,1.0,-0.7071067811865471,-0.7071067811865479,1,0
2012-09-18 16:00:00,44.0,2.0,2.0,30.0,64.0,0.0,142.0,5.0,-0.8660254037844385,-0.5000000000000004,1,0
2012-09-18 17:00:00,0.0,0.0,4.0,26.0,50.0,16.0,96.0,4.0,-0.9659258262890683,-0.25881904510252063,1,0
2012-09-18 18:00:00,0.0,0.0,4.0,172.0,122.0,0.0,298.0,3.0,-1.0,-1.8369701987210297e-16,1,0
2012-09-18 19:00:00,34.0,14.0,4.0,12.0,168.0,4.0,236.0,6.0,-0.9659258262890684,0.2588190451025203,1,0
2012-09-18 20:00:00,0.0,0.0,0.0,0.0,130.0,0.0,130.0,1.0,-0.8660254037844386,0.5000000000000001,1,0
2012-09-18 21:00:00,0.0,0.0,0.0,0.0,164.0,0.0,164.0,1.0,-0.7071067811865477,0.7071067811865474,1,0
2012-09-18 22:00:00,118.0,120.0,0.0,0.0,76.0,2.0,316.0,4.0,-0.5000000000000004,0.8660254037844384,1,0
2012-09-18 23:00:00,12.0,0.0,0.0,0.0,78.0,4.0,94.0,3.0,-0.25881904510252157,0.9659258262890681,1,0
2012-09-19 00:00:00,66.0,42.0,0.0,0.0,0.0,0.0,108.0,2.0,0.0,1.0,2,0
2012-09-19 01:00:00,0.0,0.0,0.0,0.0,0.0,0.0,0.0,0.0,0.25881904510252074,0.9659258262890683,2,1
2012-09-19 02:00:00,0.0,22.0,0.0,0.0,0.0,0.0,22.0,1.0,0.49999999999999994,0.8660254037844387,2,0
2012-09-19 03:00:00,36.0,84.0,0.0,0.0,0.0,0.0,120.0,2.0,0.7071067811865476,0.7071067811865476,2,0
2012-09-19 04:00:00,0.0,16.0,0.0,0.0,0.0,0.0,16.0,1.0,0.8660254037844386,0.5000000000000001,2,0
2012-09-19 05:00:00,0.0,0.0,0.0,0.0,0.0,0.0,0.0,0.0,0.9659258262890683,0.25881904510252074,2,1
2012-09-19 06:00:00,0.0,8.0,0.0,0.0,0.0,0.0,8.0,1.0,1.0,6.123233995736766e-17,2,0
2012-09-19 07:00:00,46.0,36.0,4.0,44.0,62.0,22.0,214.0,6.0,0.9659258262890683,-0.25881904510252063,2,0
2012-09-19 08:00:00,36.0,2.0,8.0,160.0,86.0,4.0,296.0,6.0,0.8660254037844387,-0.4999999999999998,2,0
2012-09-19 09:00:00,0.0,0.0,0.0,0.0,132.0,0.0,132.0,1.0,0.7071067811865476,-0.7071067811865475,2,0
2012-09-19 10:00:00,294.0,192.0,2.0,70.0,88.0,0.0,646.0,5.0,0.49999999999999994,-0.8660254037844387,2,0
2012-09-19 11:00:00,26.0,2.0,0.0,0.0,86.0,16.0,130.0,4.0,0.258819045102521,-0.9659258262890682,2,0
2012-09-19 12:00:00,0.0,0.0,0.0,0.0,0.0,0.0,0.0,0.0,1.2246467991473532e-16,-1.0,2,1
2012-09-19 13:00:00,0.0,0.0,6.0,48.0,45.0,8.0,107.0,4.0,-0.2588190451025208,-0.9659258262890683,2,0
2012-09-19 14:00:00,28.0,24.0,4.0,18.0,145.0,10.0,229.0,6.0,-0.4999999999999997,-0.8660254037844388,2,0
2012-09-19 15:00:00,0.0,0.0,0.0,0.0,14.0,8.0,22.0,2.0,-0.7071067811865471,-0.7071067811865479,2,0
2012-09-19 16:00:00,46.0,0.0,0.0,0.0,168.0,0.0,214.0,2.0,-0.8660254037844385,-0.5000000000000004,2,0
2012-09-19 17:00:00,0.0,0.0,2.0,38.0,182.0,18.0,240.0,4.0,-0.9659258262890683,-0.25881904510252063,2,0
2012-09-19 18:00:00,0.0,0.0,0.0,0.0,30.0,0.0,30.0,1.0,-1.0,-1.8369701987210297e-16,2,0
2012-09-19 19:00:00,32.0,98.0,6.0,72.0,82.0,4.0,294.0,6.0,-0.9659258262890684,0.2588190451025203,2,0
2012-09-19 20:00:00,24.0,2.0,0.0,0.0,74.0,4.0,104.0,4.0,-0.8660254037844386,0.5000000000000001,2,0
2012-09-19 21:00:00,0.0,0.0,0.0,0.0,142.0,0.0,142.0,1.0,-0.7071067811865477,0.7071067811865474,2,0
2012-09-19 22:00:00,0.0,0.0,0.0,0.0,106.0,0.0,106.0,1.0,-0.5000000000000004,0.8660254037844384,2,0
2012-09-19 23:00:00,76.0,112.0,0.0,0.0,80.0,10.0,278.0,4.0,-0.25881904510252157,0.9659258262890681,2,0
2012-09-20 00:00:00,78.0,104.0,0.0,48.0,22.0,0.0,252.0,4.0,0.0,1.0,3,0
2012-09-20 01:00:00,0.0,4.0,0.0,0.0,0.0,0.0,4.0,1.0,0.25881904510252074,0.9659258262890683,3,0
2012-09-20 02:00:00,0.0,6.0,0.0,0.0,0.0,0.0,6.0,1.0,0.49999999999999994,0.8660254037844387,3,0
2012-09-20 03:00:00,0.0,4.0,0.0,0.0,0.0,0.0,4.0,1.0,0.7071067811865476,0.7071067811865476,3,0
2012-09-20 04:00:00,0.0,14.0,0.0,0.0,0.0,0.0,14.0,1.0,0.8660254037844386,0.5000000000000001,3,0
2012-09-20 05:00:00,59.0,40.0,0.0,0.0,0.0,0.0,99.0,2.0,0.9659258262890683,0.25881904510252074,3,0
2012-09-20 06:00:00,7.0,0.0,4.0,32.0,90.0,14.0,147.0,5.0,1.0,6.123233995736766e-17,3,0
2012-09-20 07:00:00,38.0,4.0,4.0,202.0,90.0,2.0,340.0,6.0,0.9659258262890683,-0.25881904510252063,3,0
2012-09-20 08:00:00,50.0,128.0,2.0,82.0,62.0,6.0,330.0,6.0,0.8660254037844387,-0.4999999999999998,3,0
2012-09-20 09:00:00,290.0,92.0,0.0,0.0,38.0,14.0,434.0,4.0,0.7071067811865476,-0.7071067811865475,3,0
2012-09-20 10:00:00,0.0,0.0,0.0,0.0,0.0,0.0,0.0,0.0,0.49999999999999994,-0.8660254037844387,3,1
2012-09-20 11:00:00,36.0,0.0,0.0,0.0,24.0,10.0,70.0,3.0,0.258819045102521,-0.9659258262890682,3,0
2012-09-20 12:00:00,0.0,0.0,0.0,0.0,22.0,0.0,22.0,1.0,1.2246467991473532e-16,-1.0,3,0
2012-09-20 13:00:00,0.0,0.0,0.0,0.0,0.0,0.0,0.0,0.0,-0.2588190451025208,-0.9659258262890683,3,1
2012-09-20 14:00:00,0.0,0.0,0.0,0.0,0.0,0.0,0.0,0.0,-0.4999999999999997,-0.8660254037844388,3,1
2012-09-20 15:00:00,30.0,4.0,12.0,76.0,102.0,18.0,242.0,6.0,-0.7071067811865471,-0.7071067811865479,3,0
2012-09-20 16:00:00,0.0,0.0,0.0,6.0,76.0,0.0,82.0,2.0,-0.8660254037844385,-0.5000000000000004,3,0
2012-09-20 17:00:00,0.0,22.0,0.0,0.0,46.0,6.0,74.0,3.0,-0.9659258262890683,-0.25881904510252063,3,0
2012-09-20 18:00:00,38.0,2.0,0.0,0.0,78.0,10.0,128.0,4.0,-1.0,-1.8369701987210297e-16,3,0
2012-09-20 19:00:00,38.0,84.0,0.0,0.0,192.0,0.0,314.0,3.0,-0.9659258262890684,0.2588190451025203,3,0
2012-09-20 20:00:00,90.0,0.0,20.0,138.0,240.0,4.0,492.0,5.0,-0.8660254037844386,0.5000000000000001,3,0
2012-09-20 21:00:00,0.0,0.0,12.0,4.0,146.0,4.0,166.0,4.0,-0.7071067811865477,0.7071067811865474,3,0
2012-09-20 22:00:00,0.0,0.0,0.0,0.0,60.0,0.0,60.0,1.0,-0.5000000000000004,0.8660254037844384,3,0
2012-09-20 23:00:00,100.0,114.0,0.0,0.0,24.0,8.0,246.0,4.0,-0.25881904510252157,0.9659258262890681,3,0
2012-09-21 00:00:00,0.0,14.0,0.0,0.0,0.0,0.0,14.0,1.0,0.0,1.0,4,0
2012-09-21 01:00:00,0.0,10.0,0.0,0.0,0.0,0.0,10.0,1.0,0.25881904510252074,0.9659258262890683,4,0
2012-09-21 02:00:00,0.0,10.0,0.0,0.0,0.0,2.0,12.0,2.0,0.49999999999999994,0.8660254037844387,4,0
2012-09-21 03:00:00,0.0,4.0,0.0,0.0,0.0,0.0,4.0,1.0,0.7071067811865476,0.7071067811865476,4,0
2012-09-21 04:00:00,0.0,14.0,0.0,0.0,0.0,0.0,14.0,1.0,0.8660254037844386,0.5000000000000001,4,0
2012-09-21 05:00:00,0.0,8.0,0.0,0.0,0.0,0.0,8.0,1.0,0.9659258262890683,0.25881904510252074,4,0
2012-09-21 06:00:00,48.0,32.0,4.0,22.0,92.0,18.0,216.0,6.0,1.0,6.123233995736766e-17,4,0
2012-09-21 07:00:00,58.0,4.0,10.0,224.0,84.0,4.0,384.0,6.0,0.9659258262890683,-0.25881904510252063,4,0
2012-09-21 08:00:00,0.0,154.0,2.0,94.0,68.0,0.0,318.0,4.0,0.8660254037844387,-0.4999999999999998,4,0
2012-09-21 09:00:00,352.0,112.0,0.0,0.0,72.0,14.0,550.0,4.0,0.7071067811865476,-0.7071067811865475,4,0
2012-09-21 10:00:00,0.0,0.0,0.0,0.0,0.0,0.0,0.0,0.0,0.49999999999999994,-0.8660254037844387,4,1
2012-09-21 11:00:00,22.0,0.0,6.0,30.0,108.0,30.0,196.0,5.0,0.258819045102521,-0.9659258262890682,4,0
2012-09-21 12:00:00,0.0,0.0,2.0,74.0,270.0,4.0,350.0,4.0,1.2246467991473532e-16,-1.0,4,0
2012-09-21 13:00:00,0.0,0.0,0.0,0.0,36.0,8.0,44.0,2.0,-0.2588190451025208,-0.9659258262890683,4,0
2012-09-21 14:00:00,0.0,0.0,0.0,0.0,0.0,0.0,0.0,0.0,-0.4999999999999997,-0.8660254037844388,4,1
2012-09-21 15:00:00,0.0,0.0,6.0,20.0,54.0,8.0,88.0,4.0,-0.7071067811865471,-0.7071067811865479,4,0
2012-09-21 16:00:00,36.0,60.0,0.0,2.0,284.0,16.0,398.0,5.0,-0.8660254037844385,-0.5000000000000004,4,0
2012-09-21 17:00:00,0.0,0.0,0.0,0.0,172.0,0.0,172.0,1.0,-0.9659258262890683,-0.25881904510252063,4,0
2012-09-21 18:00:00,38.0,4.0,12.0,322.0,116.0,2.0,494.0,6.0,-1.0,-1.8369701987210297e-16,4,0
2012-09-21 19:00:00,0.0,0.0,0.0,0.0,92.0,0.0,92.0,1.0,-0.9659258262890684,0.2588190451025203,4,0
2012-09-21 20:00:00,0.0,0.0,0.0,0.0,168.0,0.0,168.0,1.0,-0.8660254037844386,0.5000000000000001,4,0
2012-09-21 21:00:00,50.0,122.0,6.0,16.0,86.0,4.0,284.0,6.0,-0.7071067811865477,0.7071067811865474,4,0
2012-09-21 22:00:00,0.0,0.0,0.0,0.0,2.0,0.0,2.0,1.0,-0.5000000000000004,0.8660254037844384,4,0
2012-09-21 23:00:00,0.0,0.0,0.0,0.0,2.0,0.0,2.0,1.0,-0.25881904510252157,0.9659258262890681,4,0
2012-09-22 00:00:00,0.0,0.0,0.0,0.0,12.0,0.0,12.0,1.0,0.0,1.0,5,0
2012-09-22 01:00:00,42.0,110.0,6.0,46.0,60.0,10.0,274.0,6.0,0.25881904510252074,0.9659258262890683,5,0
2012-09-22 02:00:00,0.0,2.0,0.0,0.0,0.0,0.0,2.0,1.0,0.49999999999999994,0.8660254037844387,5,0
2012-09-22 03:00:00,0.0,4.0,0.0,0.0,0.0,0.0,4.0,1.0,0.7071067811865476,0.7071067811865476,5,0
2012-09-22 04:00:00,0.0,14.0,0.0,0.0,0.0,0.0,14.0,1.0,0.8660254037844386,0.5000000000000001,5,0
2012-09-22 05:00:00,0.0,4.0,0.0,0.0,0.0,0.0,4.0,1.0,0.9659258262890683,0.25881904510252074,5,0
2012-09-22 06:00:00,54.0,36.0,8.0,44.0,60.0,14.0,216.0,6.0,1.0,6.123233995736766e-17,5,0
2012-09-22 07:00:00,50.0,6.0,4.0,76.0,56.0,4.0,196.0,6.0,0.9659258262890683,-0.25881904510252063,5,0
2012-09-22 08:00:00,0.0,0.0,0.0,100.0,58.0,0.0,158.0,2.0,0.8660254037844387,-0.4999999999999998,5,0
2012-09-22 09:00:00,0.0,0.0,0.0,0.0,112.0,0.0,112.0,1.0,0.7071067811865476,-0.7071067811865475,5,0
2012-09-22 10:00:00,316.0,173.0,6.0,486.0,36.0,2.0,1019.0,6.0,0.49999999999999994,-0.8660254037844387,5,0
2012-09-22 11:00:00,64.0,69.0,6.0,172.0,426.0,20.0,757.0,6.0,0.258819045102521,-0.9659258262890682,5,0
2012-09-22 12:00:00,0.0,0.0,52.0,164.0,288.0,26.0,530.0,4.0,1.2246467991473532e-16,-1.0,5,0
2012-09-22 13:00:00,36.0,157.0,0.0,0.0,314.0,24.0,531.0,4.0,-0.2588190451025208,-0.9659258262890683,5,0
2012-09-22 14:00:00,30.0,239.0,8.0,8.0,140.0,52.0,477.0,6.0,-0.4999999999999997,-0.8660254037844388,5,0
2012-09-22 15:00:00,32.0,22.0,154.0,92.0,180.0,32.0,512.0,6.0,-0.7071067811865471,-0.7071067811865479,5,0
2012-09-22 16:00:00,0.0,10.0,0.0,0.0,250.0,2.0,262.0,3.0,-0.8660254037844385,-0.5000000000000004,5,0
2012-09-22 17:00:00,0.0,14.0,8.0,164.0,178.0,4.0,368.0,5.0,-0.9659258262890683,-0.25881904510252063,5,0
2012-09-22 18:00:00,0.0,0.0,0.0,0.0,106.0,0.0,106.0,1.0,-1.0,-1.8369701987210297e-16,5,0
2012-09-22 19:00:00,44.0,24.0,14.0,54.0,150.0,4.0,290.0,6.0,-0.9659258262890684,0.2588190451025203,5,0
2012-09-22 20:00:00,0.0,0.0,0.0,0.0,110.0,0.0,110.0,1.0,-0.8660254037844386,0.5000000000000001,5,0
2012-09-22 21:00:00,0.0,0.0,0.0,2.0,42.0,0.0,44.0,2.0,-0.7071067811865477,0.7071067811865474,5,0
2012-09-22 22:00:00,26.0,30.0,6.0,120.0,106.0,32.0,320.0,6.0,-0.5000000000000004,0.8660254037844384,5,0
2012-09-22 23:00:00,132.0,210.0,0.0,0.0,0.0,0.0,342.0,2.0,-0.25881904510252157,0.9659258262890681,5,0
2012-09-23 00:00:00,0.0,0.0,0.0,0.0,0.0,0.0,0.0,0.0,0.0,1.0,6,1
2012-09-23 01:00:00,0.0,26.0,0.0,0.0,0.0,0.0,26.0,1.0,0.25881904510252074,0.9659258262890683,6,0
2012-09-23 02:00:00,0.0,2.0,0.0,0.0,0.0,0.0,2.0,1.0,0.49999999999999994,0.8660254037844387,6,0
2012-09-23 03:00:00,0.0,4.0,0.0,0.0,0.0,0.0,4.0,1.0,0.7071067811865476,0.7071067811865476,6,0
2012-09-23 04:00:00,36.0,72.0,0.0,0.0,0.0,0.0,108.0,2.0,0.8660254037844386,0.5000000000000001,6,0
2012-09-23 05:00:00,0.0,2.0,0.0,2.0,0.0,0.0,4.0,2.0,0.9659258262890683,0.25881904510252074,6,0
2012-09-23 06:00:00,0.0,2.0,0.0,0.0,0.0,0.0,2.0,1.0,1.0,6.123233995736766e-17,6,0
2012-09-23 07:00:00,40.0,56.0,6.0,50.0,42.0,14.0,208.0,6.0,0.9659258262890683,-0.25881904510252063,6,0
2012-09-23 08:00:00,0.0,0.0,0.0,0.0,56.0,0.0,56.0,1.0,0.8660254037844387,-0.4999999999999998,6,0
2012-09-23 09:00:00,104.0,8.0,8.0,368.0,102.0,4.0,594.0,6.0,0.7071067811865476,-0.7071067811865475,6,0
2012-09-23 10:00:00,0.0,40.0,2.0,82.0,196.0,2.0,322.0,5.0,0.49999999999999994,-0.8660254037844387,6,0
2012-09-23 11:00:00,306.0,172.0,0.0,2.0,116.0,26.0,622.0,5.0,0.258819045102521,-0.9659258262890682,6,0
2012-09-23 12:00:00,28.0,46.0,0.0,0.0,182.0,18.0,274.0,4.0,1.2246467991473532e-16,-1.0,6,0
2012-09-23 13:00:00,0.0,28.0,10.0,48.0,241.0,18.0,345.0,5.0,-0.2588190451025208,-0.9659258262890683,6,0
2012-09-23 14:00:00,0.0,0.0,0.0,0.0,211.0,14.0,225.0,2.0,-0.4999999999999997,-0.8660254037844388,6,0
2012-09-23 15:00:00,0.0,0.0,0.0,0.0,150.0,16.0,166.0,2.0,-0.7071067811865471,-0.7071067811865479,6,0
2012-09-23 16:00:00,56.0,324.0,0.0,0.0,176.0,10.0,566.0,4.0,-0.8660254037844385,-0.5000000000000004,6,0
2012-09-23 17:00:00,0.0,12.0,0.0,0.0,70.0,8.0,90.0,3.0,-0.9659258262890683,-0.25881904510252063,6,0
2012-09-23 18:00:00,0.0,0.0,0.0,0.0,40.0,10.0,50.0,2.0,-1.0,-1.8369701987210297e-16,6,0
2012-09-23 19:00:00,54.0,4.0,0.0,2.0,152.0,4.0,216.0,5.0,-0.9659258262890684,0.2588190451025203,6,0
2012-09-23 20:00:00,0.0,0.0,0.0,0.0,20.0,0.0,20.0,1.0,-0.8660254037844386,0.5000000000000001,6,0
2012-09-23 21:00:00,0.0,0.0,0.0,0.0,0.0,0.0,0.0,0.0,-0.7071067811865477,0.7071067811865474,6,1
2012-09-23 22:00:00,136.0,164.0,0.0,0.0,60.0,20.0,380.0,4.0,-0.5000000000000004,0.8660254037844384,6,0
2012-09-23 23:00:00,0.0,148.0,0.0,2.0,0.0,0.0,150.0,2.0,-0.25881904510252157,0.9659258262890681,6,0
2012-09-24 00:00:00,0.0,18.0,0.0,0.0,0.0,0.0,18.0,1.0,0.0,1.0,0,0
2012-09-24 01:00:00,0.0,4.0,0.0,2.0,0.0,0.0,6.0,2.0,0.25881904510252074,0.9659258262890683,0,0
2012-09-24 02:00:00,0.0,2.0,0.0,0.0,0.0,0.0,2.0,1.0,0.49999999999999994,0.8660254037844387,0,0
2012-09-24 03:00:00,34.0,46.0,0.0,2.0,0.0,0.0,82.0,3.0,0.7071067811865476,0.7071067811865476,0,0
2012-09-24 04:00:00,0.0,32.0,4.0,46.0,108.0,16.0,206.0,5.0,0.8660254037844386,0.5000000000000001,0,0
2012-09-24 05:00:00,50.0,164.0,4.0,244.0,82.0,4.0,548.0,6.0,0.9659258262890683,0.25881904510252074,0,0
2012-09-24 06:00:00,0.0,0.0,0.0,0.0,90.0,0.0,90.0,1.0,1.0,6.123233995736766e-17,0,0
2012-09-24 07:00:00,0.0,0.0,0.0,0.0,8.0,0.0,8.0,1.0,0.9659258262890683,-0.25881904510252063,0,0
2012-09-24 08:00:00,14.0,2.0,0.0,0.0,32.0,2.0,50.0,4.0,0.8660254037844387,-0.4999999999999998,0,0
2012-09-24 09:00:00,131.0,84.0,8.0,60.0,160.0,2.0,445.0,6.0,0.7071067811865476,-0.7071067811865475,0,0
2012-09-24 10:00:00,173.0,100.0,20.0,118.0,164.0,36.0,611.0,6.0,0.49999999999999994,-0.8660254037844387,0,0
2012-09-24 11:00:00,0.0,0.0,0.0,0.0,84.0,32.0,116.0,2.0,0.258819045102521,-0.9659258262890682,0,0
2012-09-24 12:00:00,40.0,2.0,4.0,34.0,44.0,20.0,144.0,6.0,1.2246467991473532e-16,-1.0,0,0
2012-09-24 13:00:00,0.0,0.0,8.0,134.0,66.0,0.0,208.0,3.0,-0.2588190451025208,-0.9659258262890683,0,0
2012-09-24 14:00:00,56.0,12.0,2.0,32.0,58.0,30.0,190.0,6.0,-0.4999999999999997,-0.8660254037844388,0,0
2012-09-24 15:00:00,0.0,0.0,6.0,2.0,76.0,13.0,97.0,4.0,-0.7071067811865471,-0.7071067811865479,0,0
2012-09-24 16:00:00,0.0,2.0,0.0,0.0,78.0,9.0,89.0,3.0,-0.8660254037844385,-0.5000000000000004,0,0
2012-09-24 17:00:00,42.0,2.0,24.0,314.0,132.0,22.0,536.0,6.0,-0.9659258262890683,-0.25881904510252063,0,0
2012-09-24 18:00:00,0.0,0.0,0.0,4.0,52.0,0.0,56.0,2.0,-1.0,-1.8369701987210297e-16,0,0
2012-09-24 19:00:00,0.0,0.0,14.0,46.0,54.0,0.0,114.0,3.0,-0.9659258262890684,0.2588190451025203,0,0
2012-09-24 20:00:00,44.0,4.0,2.0,46.0,156.0,4.0,256.0,6.0,-0.8660254037844386,0.5000000000000001,0,0
2012-09-24 21:00:00,0.0,0.0,0.0,2.0,116.0,0.0,118.0,2.0,-0.7071067811865477,0.7071067811865474,0,0
2012-09-24 22:00:00,0.0,124.0,0.0,0.0,148.0,6.0,278.0,3.0,-0.5000000000000004,0.8660254037844384,0,0
2012-09-24 23:00:00,142.0,346.0,0.0,0.0,0.0,0.0,488.0,2.0,-0.25881904510252157,0.9659258262890681,0,0
2012-09-25 00:00:00,0.0,0.0,0.0,0.0,0.0,0.0,0.0,0.0,0.0,1.0,1,1
2012-09-25 01:00:00,0.0,30.0,0.0,2.0,0.0,0.0,32.0,2.0,0.25881904510252074,0.9659258262890683,1,0
2012-09-25 02:00:00,0.0,0.0,0.0,2.0,0.0,0.0,2.0,1.0,0.49999999999999994,0.8660254037844387,1,0
2012-09-25 03:00:00,0.0,2.0,0.0,0.0,0.0,0.0,2.0,1.0,0.7071067811865476,0.7071067811865476,1,0
2012-09-25 04:00:00,0.0,4.0,0.0,0.0,0.0,0.0,4.0,1.0,0.8660254037844386,0.5000000000000001,1,0
2012-09-25 05:00:00,36.0,70.0,0.0,0.0,0.0,0.0,106.0,2.0,0.9659258262890683,0.25881904510252074,1,0
2012-09-25 06:00:00,0.0,0.0,0.0,0.0,0.0,0.0,0.0,0.0,1.0,6.123233995736766e-17,1,1
2012-09-25 07:00:00,0.0,0.0,0.0,4.0,0.0,0.0,4.0,1.0,0.9659258262890683,-0.25881904510252063,1,0
2012-09-25 08:00:00,29.0,32.0,0.0,0.0,0.0,0.0,61.0,2.0,0.8660254037844387,-0.4999999999999998,1,0
2012-09-25 09:00:00,11.0,0.0,8.0,44.0,120.0,14.0,197.0,5.0,0.7071067811865476,-0.7071067811865475,1,0
2012-09-25 10:00:00,36.0,18.0,12.0,346.0,106.0,0.0,518.0,5.0,0.49999999999999994,-0.8660254037844387,1,0
2012-09-25 11:00:00,0.0,0.0,0.0,0.0,148.0,0.0,148.0,1.0,0.258819045102521,-0.9659258262890682,1,0
2012-09-25 12:00:00,260.0,380.0,50.0,46.0,86.0,4.0,826.0,6.0,1.2246467991473532e-16,-1.0,1,0
2012-09-25 13:00:00,38.0,4.0,12.0,20.0,214.0,2.0,290.0,6.0,-0.2588190451025208,-0.9659258262890683,1,0
2012-09-25 14:00:00,0.0,0.0,8.0,170.0,116.0,18.0,312.0,4.0,-0.4999999999999997,-0.8660254037844388,1,0
2012-09-25 15:00:00,4.0,30.0,0.0,0.0,210.0,2.0,246.0,4.0,-0.7071067811865471,-0.7071067811865479,1,0
2012-09-25 16:00:00,0.0,0.0,0.0,0.0,96.0,0.0,96.0,1.0,-0.8660254037844385,-0.5000000000000004,1,0
2012-09-25 17:00:00,44.0,2.0,8.0,40.0,188.0,16.0,298.0,6.0,-0.9659258262890683,-0.25881904510252063,1,0
2012-09-25 18:00:00,0.0,0.0,0.0,0.0,198.0,0.0,198.0,1.0,-1.0,-1.8369701987210297e-16,1,0
2012-09-25 19:00:00,0.0,0.0,0.0,0.0,242.0,0.0,242.0,1.0,-0.9659258262890684,0.2588190451025203,1,0
2012-09-25 20:00:00,0.0,0.0,0.0,0.0,210.0,0.0,210.0,1.0,-0.8660254037844386,0.5000000000000001,1,0
2012-09-25 21:00:00,0.0,0.0,0.0,0.0,186.0,0.0,186.0,1.0,-0.7071067811865477,0.7071067811865474,1,0
2012-09-25 22:00:00,0.0,0.0,0.0,0.0,138.0,0.0,138.0,1.0,-0.5000000000000004,0.8660254037844384,1,0
2012-09-25 23:00:00,38.0,8.0,6.0,84.0,94.0,4.0,234.0,6.0,-0.25881904510252157,0.9659258262890681,1,0
2012-09-26 00:00:00,0.0,21.0,0.0,0.0,20.0,2.0,43.0,3.0,0.0,1.0,2,0
2012-09-26 01:00:00,130.0,221.0,0.0,0.0,0.0,0.0,351.0,2.0,0.25881904510252074,0.9659258262890683,2,0
2012-09-26 02:00:00,0.0,0.0,0.0,0.0,0.0,0.0,0.0,0.0,0.49999999999999994,0.8660254037844387,2,1
2012-09-26 03:00:00,0.0,4.0,0.0,0.0,0.0,0.0,4.0,1.0,0.7071067811865476,0.7071067811865476,2,0
2012-09-26 04:00:00,0.0,6.0,2.0,0.0,0.0,0.0,8.0,2.0,0.8660254037844386,0.5000000000000001,2,0
2012-09-26 05:00:00,0.0,0.0,0.0,0.0,0.0,0.0,0.0,0.0,0.9659258262890683,0.25881904510252074,2,1
2012-09-26 06:00:00,0.0,8.0,0.0,0.0,0.0,0.0,8.0,1.0,1.0,6.123233995736766e-17,2,0
2012-09-26 07:00:00,46.0,34.0,6.0,44.0,42.0,16.0,188.0,6.0,0.9659258262890683,-0.25881904510252063,2,0
2012-09-26 08:00:00,0.0,0.0,2.0,20.0,60.0,0.0,82.0,3.0,0.8660254037844387,-0.4999999999999998,2,0
2012-09-26 09:00:00,0.0,0.0,2.0,184.0,90.0,0.0,276.0,3.0,0.7071067811865476,-0.7071067811865475,2,0
2012-09-26 10:00:00,4.0,120.0,4.0,182.0,112.0,2.0,424.0,6.0,0.49999999999999994,-0.8660254037844387,2,0
2012-09-26 11:00:00,366.0,66.0,6.0,36.0,167.0,4.0,645.0,6.0,0.258819045102521,-0.9659258262890682,2,0
2012-09-26 12:00:00,0.0,0.0,0.0,0.0,133.0,22.0,155.0,2.0,1.2246467991473532e-16,-1.0,2,0
2012-09-26 13:00:00,46.0,46.0,38.0,18.0,56.0,22.0,226.0,6.0,-0.2588190451025208,-0.9659258262890683,2,0
2012-09-26 14:00:00,0.0,0.0,0.0,0.0,0.0,0.0,0.0,0.0,-0.4999999999999997,-0.8660254037844388,2,1
2012-09-26 15:00:00,0.0,0.0,0.0,0.0,16.0,4.0,20.0,2.0,-0.7071067811865471,-0.7071067811865479,2,0
2012-09-26 16:00:00,64.0,2.0,0.0,0.0,40.0,12.0,118.0,4.0,-0.8660254037844385,-0.5000000000000004,2,0
2012-09-26 17:00:00,0.0,0.0,10.0,94.0,68.0,6.0,178.0,4.0,-0.9659258262890683,-0.25881904510252063,2,0
2012-09-26 18:00:00,0.0,44.0,4.0,48.0,188.0,12.0,296.0,5.0,-1.0,-1.8369701987210297e-16,2,0
2012-09-26 19:00:00,0.0,0.0,0.0,0.0,212.0,0.0,212.0,1.0,-0.9659258262890684,0.2588190451025203,2,0
2012-09-26 20:00:00,0.0,0.0,8.0,74.0,162.0,0.0,244.0,3.0,-0.8660254037844386,0.5000000000000001,2,0
2012-09-26 21:00:00,0.0,0.0,8.0,122.0,206.0,0.0,336.0,3.0,-0.7071067811865477,0.7071067811865474,2,0
2012-09-26 22:00:00,0.0,0.0,0.0,2.0,106.0,0.0,108.0,2.0,-0.5000000000000004,0.8660254037844384,2,0
2012-09-26 23:00:00,130.0,236.0,6.0,42.0,46.0,10.0,470.0,6.0,-0.25881904510252157,0.9659258262890681,2,0
2012-09-27 00:00:00,0.0,24.0,0.0,2.0,0.0,0.0,26.0,2.0,0.0,1.0,3,0
2012-09-27 01:00:00,0.0,0.0,0.0,0.0,0.0,0.0,0.0,0.0,0.25881904510252074,0.9659258262890683,3,1
2012-09-27 02:00:00,0.0,8.0,0.0,0.0,0.0,0.0,8.0,1.0,0.49999999999999994,0.8660254037844387,3,0
2012-09-27 03:00:00,0.0,8.0,0.0,0.0,0.0,0.0,8.0,1.0,0.7071067811865476,0.7071067811865476,3,0
2012-09-27 04:00:00,0.0,2.0,0.0,0.0,0.0,0.0,2.0,1.0,0.8660254037844386,0.5000000000000001,3,0
2012-09-27 05:00:00,44.0,78.0,0.0,0.0,0.0,0.0,122.0,2.0,0.9659258262890683,0.25881904510252074,3,0
2012-09-27 06:00:00,0.0,0.0,0.0,0.0,0.0,0.0,0.0,0.0,1.0,6.123233995736766e-17,3,1
2012-09-27 07:00:00,52.0,72.0,2.0,44.0,50.0,12.0,232.0,6.0,0.9659258262890683,-0.25881904510252063,3,0
2012-09-27 08:00:00,0.0,0.0,6.0,202.0,96.0,0.0,304.0,3.0,0.8660254037844387,-0.4999999999999998,3,0
2012-09-27 09:00:00,50.0,0.0,0.0,0.0,124.0,0.0,174.0,2.0,0.7071067811865476,-0.7071067811865475,3,0
2012-09-27 10:00:00,8.0,172.0,6.0,56.0,100.0,0.0,342.0,5.0,0.49999999999999994,-0.8660254037844387,3,0
2012-09-27 11:00:00,302.0,94.0,0.0,0.0,148.0,0.0,544.0,3.0,0.258819045102521,-0.9659258262890682,3,0
2012-09-27 12:00:00,0.0,0.0,0.0,0.0,2.0,12.0,14.0,2.0,1.2246467991473532e-16,-1.0,3,0
2012-09-27 13:00:00,8.0,4.0,8.0,10.0,80.0,8.0,118.0,6.0,-0.2588190451025208,-0.9659258262890683,3,0
2012-09-27 14:00:00,0.0,2.0,0.0,0.0,138.0,0.0,140.0,2.0,-0.4999999999999997,-0.8660254037844388,3,0
2012-09-27 15:00:00,0.0,0.0,0.0,0.0,144.0,0.0,144.0,1.0,-0.7071067811865471,-0.7071067811865479,3,0
2012-09-27 16:00:00,44.0,2.0,0.0,0.0,64.0,16.0,126.0,4.0,-0.8660254037844385,-0.5000000000000004,3,0
2012-09-27 17:00:00,32.0,40.0,0.0,30.0,62.0,22.0,186.0,5.0,-0.9659258262890683,-0.25881904510252063,3,0
2012-09-27 18:00:00,8.0,2.0,0.0,0.0,32.0,8.0,50.0,4.0,-1.0,-1.8369701987210297e-16,3,0
2012-09-27 19:00:00,0.0,0.0,0.0,0.0,4.0,0.0,4.0,1.0,-0.9659258262890684,0.2588190451025203,3,0
2012-09-27 20:00:00,0.0,0.0,0.0,0.0,8.0,0.0,8.0,1.0,-0.8660254037844386,0.5000000000000001,3,0
2012-09-27 21:00:00,32.0,16.0,0.0,136.0,98.0,2.0,284.0,5.0,-0.7071067811865477,0.7071067811865474,3,0
2012-09-27 22:00:00,0.0,2.0,0.0,0.0,62.0,0.0,64.0,2.0,-0.5000000000000004,0.8660254037844384,3,0
2012-09-27 23:00:00,100.0,174.0,4.0,40.0,80.0,10.0,408.0,6.0,-0.25881904510252157,0.9659258262890681,3,0
2012-09-28 00:00:00,0.0,2.0,0.0,0.0,0.0,0.0,2.0,1.0,0.0,1.0,4,0
2012-09-28 01:00:00,0.0,8.0,0.0,0.0,0.0,0.0,8.0,1.0,0.25881904510252074,0.9659258262890683,4,0
2012-09-28 02:00:00,0.0,16.0,0.0,0.0,0.0,0.0,16.0,1.0,0.49999999999999994,0.8660254037844387,4,0
2012-09-28 03:00:00,0.0,0.0,0.0,0.0,0.0,0.0,0.0,0.0,0.7071067811865476,0.7071067811865476,4,1
2012-09-28 04:00:00,0.0,6.0,0.0,0.0,0.0,0.0,6.0,1.0,0.8660254037844386,0.5000000000000001,4,0
2012-09-28 05:00:00,0.0,4.0,0.0,0.0,0.0,0.0,4.0,1.0,0.9659258262890683,0.25881904510252074,4,0
2012-09-28 06:00:00,0.0,12.0,0.0,0.0,0.0,0.0,12.0,1.0,1.0,6.123233995736766e-17,4,0
2012-09-28 07:00:00,44.0,48.0,2.0,44.0,22.0,22.0,182.0,6.0,0.9659258262890683,-0.25881904510252063,4,0
2012-09-28 08:00:00,0.0,0.0,0.0,0.0,80.0,0.0,80.0,1.0,0.8660254037844387,-0.4999999999999998,4,0
2012-09-28 09:00:00,246.0,214.0,8.0,90.0,44.0,14.0,616.0,6.0,0.7071067811865476,-0.7071067811865475,4,0
2012-09-28 10:00:00,0.0,0.0,0.0,0.0,0.0,0.0,0.0,0.0,0.49999999999999994,-0.8660254037844387,4,1
2012-09-28 11:00:00,0.0,0.0,8.0,78.0,28.0,4.0,118.0,4.0,0.258819045102521,-0.9659258262890682,4,0
2012-09-28 12:00:00,0.0,0.0,0.0,2.0,2.0,0.0,4.0,2.0,1.2246467991473532e-16,-1.0,4,0
2012-09-28 13:00:00,28.0,20.0,10.0,16.0,92.0,20.0,186.0,6.0,-0.2588190451025208,-0.9659258262890683,4,0
2012-09-28 14:00:00,0.0,0.0,8.0,172.0,56.0,16.0,252.0,4.0,-0.4999999999999997,-0.8660254037844388,4,0
2012-09-28 15:00:00,4.0,0.0,2.0,52.0,68.0,18.0,144.0,5.0,-0.7071067811865471,-0.7071067811865479,4,0
2012-09-28 16:00:00,0.0,0.0,0.0,0.0,91.0,0.0,91.0,1.0,-0.8660254037844385,-0.5000000000000004,4,0
2012-09-28 17:00:00,0.0,0.0,4.0,12.0,49.0,8.0,73.0,4.0,-0.9659258262890683,-0.25881904510252063,4,0
2012-09-28 18:00:00,0.0,0.0,0.0,0.0,52.0,4.0,56.0,2.0,-1.0,-1.8369701987210297e-16,4,0
2012-09-28 19:00:00,0.0,0.0,0.0,0.0,200.0,0.0,200.0,1.0,-0.9659258262890684,0.2588190451025203,4,0
2012-09-28 20:00:00,48.0,4.0,4.0,88.0,144.0,4.0,292.0,6.0,-0.8660254037844386,0.5000000000000001,4,0
2012-09-28 21:00:00,36.0,62.0,0.0,0.0,94.0,4.0,196.0,4.0,-0.7071067811865477,0.7071067811865474,4,0
2012-09-28 22:00:00,48.0,0.0,0.0,0.0,18.0,2.0,68.0,3.0,-0.5000000000000004,0.8660254037844384,4,0
2012-09-28 23:00:00,128.0,110.0,2.0,98.0,58.0,4.0,400.0,6.0,-0.25881904510252157,0.9659258262890681,4,0
2012-09-29 00:00:00,0.0,26.0,0.0,0.0,0.0,0.0,26.0,1.0,0.0,1.0,5,0
2012-09-29 01:00:00,0.0,2.0,0.0,0.0,0.0,0.0,2.0,1.0,0.25881904510252074,0.9659258262890683,5,0
2012-09-29 02:00:00,0.0,22.0,0.0,0.0,0.0,0.0,22.0,1.0,0.49999999999999994,0.8660254037844387,5,0
2012-09-29 03:00:00,28.0,48.0,0.0,0.0,0.0,0.0,76.0,2.0,0.7071067811865476,0.7071067811865476,5,0
2012-09-29 04:00:00,16.0,52.0,0.0,0.0,0.0,0.0,68.0,2.0,0.8660254037844386,0.5000000000000001,5,0
2012-09-29 05:00:00,0.0,6.0,0.0,0.0,2.0,0.0,8.0,2.0,0.9659258262890683,0.25881904510252074,5,0
2012-09-29 06:00:00,0.0,20.0,0.0,0.0,0.0,0.0,20.0,1.0,1.0,6.123233995736766e-17,5,0
2012-09-29 07:00:00,32.0,40.0,2.0,50.0,62.0,14.0,200.0,6.0,0.9659258262890683,-0.25881904510252063,5,0
2012-09-29 08:00:00,198.0,166.0,2.0,2.0,48.0,12.0,428.0,6.0,0.8660254037844387,-0.4999999999999998,5,0
2012-09-29 09:00:00,0.0,0.0,0.0,0.0,0.0,0.0,0.0,0.0,0.7071067811865476,-0.7071067811865475,5,1
2012-09-29 10:00:00,0.0,0.0,0.0,0.0,0.0,0.0,0.0,0.0,0.49999999999999994,-0.8660254037844387,5,1
2012-09-29 11:00:00,40.0,0.0,4.0,6.0,42.0,18.0,110.0,5.0,0.258819045102521,-0.9659258262890682,5,0
2012-09-29 12:00:00,0.0,202.0,8.0,90.0,240.0,20.0,560.0,5.0,1.2246467991473532e-16,-1.0,5,0
2012-09-29 13:00:00,48.0,2.0,6.0,128.0,206.0,20.0,410.0,6.0,-0.2588190451025208,-0.9659258262890683,5,0
2012-09-29 14:00:00,2.0,478.0,16.0,112.0,110.0,20.0,738.0,6.0,-0.4999999999999997,-0.8660254037844388,5,0
2012-09-29 15:00:00,32.0,6.0,0.0,0.0,48.0,18.0,104.0,4.0,-0.7071067811865471,-0.7071067811865479,5,0
2012-09-29 16:00:00,0.0,0.0,0.0,0.0,46.0,0.0,46.0,1.0,-0.8660254037844385,-0.5000000000000004,5,0
2012-09-29 17:00:00,0.0,0.0,10.0,10.0,96.0,10.0,126.0,4.0,-0.9659258262890683,-0.25881904510252063,5,0
2012-09-29 18:00:00,0.0,0.0,0.0,0.0,118.0,14.0,132.0,2.0,-1.0,-1.8369701987210297e-16,5,0
2012-09-29 19:00:00,0.0,0.0,0.0,0.0,32.0,0.0,32.0,1.0,-0.9659258262890684,0.2588190451025203,5,0
2012-09-29 20:00:00,0.0,0.0,0.0,0.0,6.0,0.0,6.0,1.0,-0.8660254037844386,0.5000000000000001,5,0
2012-09-29 21:00:00,0.0,0.0,0.0,0.0,2.0,0.0,2.0,1.0,-0.7071067811865477,0.7071067811865474,5,0
2012-09-29 22:00:00,0.0,0.0,0.0,0.0,22.0,0.0,22.0,1.0,-0.5000000000000004,0.8660254037844384,5,0
2012-09-29 23:00:00,0.0,0.0,0.0,0.0,8.0,0.0,8.0,1.0,-0.25881904510252157,0.9659258262890681,5,0
2012-09-30 00:00:00,46.0,190.0,0.0,0.0,36.0,6.0,278.0,4.0,0.0,1.0,6,0
2012-09-30 01:00:00,0.0,26.0,0.0,0.0,0.0,0.0,26.0,1.0,0.25881904510252074,0.9659258262890683,6,0
2012-09-30 02:00:00,0.0,2.0,0.0,0.0,0.0,0.0,2.0,1.0,0.49999999999999994,0.8660254037844387,6,0
2012-09-30 03:00:00,0.0,2.0,0.0,0.0,0.0,0.0,2.0,1.0,0.7071067811865476,0.7071067811865476,6,0
2012-09-30 04:00:00,0.0,2.0,0.0,0.0,0.0,0.0,2.0,1.0,0.8660254037844386,0.5000000000000001,6,0
2012-09-30 05:00:00,0.0,18.0,0.0,0.0,0.0,0.0,18.0,1.0,0.9659258262890683,0.25881904510252074,6,0
2012-09-30 06:00:00,0.0,0.0,0.0,0.0,0.0,0.0,0.0,0.0,1.0,6.123233995736766e-17,6,1
2012-09-30 07:00:00,64.0,40.0,4.0,48.0,71.0,20.0,247.0,6.0,0.9659258262890683,-0.25881904510252063,6,0
2012-09-30 08:00:00,0.0,0.0,0.0,0.0,89.0,0.0,89.0,1.0,0.8660254037844387,-0.4999999999999998,6,0
2012-09-30 09:00:00,58.0,4.0,14.0,250.0,88.0,2.0,416.0,6.0,0.7071067811865476,-0.7071067811865475,6,0
2012-09-30 10:00:00,0.0,0.0,0.0,2.0,92.0,0.0,94.0,2.0,0.49999999999999994,-0.8660254037844387,6,0
2012-09-30 11:00:00,250.0,52.0,0.0,2.0,108.0,2.0,414.0,5.0,0.258819045102521,-0.9659258262890682,6,0
2012-09-30 12:00:00,22.0,132.0,6.0,66.0,202.0,22.0,450.0,6.0,1.2246467991473532e-16,-1.0,6,0
2012-09-30 13:00:00,0.0,0.0,0.0,0.0,92.0,22.0,114.0,2.0,-0.2588190451025208,-0.9659258262890683,6,0
2012-09-30 14:00:00,0.0,0.0,0.0,0.0,158.0,0.0,158.0,1.0,-0.4999999999999997,-0.8660254037844388,6,0
2012-09-30 15:00:00,0.0,4.0,0.0,0.0,104.0,0.0,108.0,2.0,-0.7071067811865471,-0.7071067811865479,6,0
2012-09-30 16:00:00,90.0,0.0,0.0,240.0,104.0,4.0,438.0,4.0,-0.8660254037844385,-0.5000000000000004,6,0
2012-09-30 17:00:00,0.0,0.0,0.0,0.0,142.0,8.0,150.0,2.0,-0.9659258262890683,-0.25881904510252063,6,0
2012-09-30 18:00:00,0.0,0.0,0.0,0.0,0.0,0.0,0.0,0.0,-1.0,-1.8369701987210297e-16,6,1
2012-09-30 19:00:00,0.0,0.0,2.0,134.0,126.0,10.0,272.0,4.0,-0.9659258262890684,0.2588190451025203,6,0
2012-09-30 20:00:00,0.0,22.0,0.0,0.0,266.0,2.0,290.0,3.0,-0.8660254037844386,0.5000000000000001,6,0
2012-09-30 21:00:00,54.0,116.0,0.0,0.0,42.0,2.0,214.0,4.0,-0.7071067811865477,0.7071067811865474,6,0
2012-09-30 22:00:00,0.0,0.0,0.0,0.0,0.0,0.0,0.0,0.0,-0.5000000000000004,0.8660254037844384,6,1
2012-09-30 23:00:00,0.0,0.0,0.0,0.0,6.0,0.0,6.0,1.0,-0.25881904510252157,0.9659258262890681,6,0
2012-10-01 00:00:00,30.0,68.0,0.0,0.0,14.0,4.0,116.0,4.0,0.0,1.0,0,0
2012-10-01 01:00:00,0.0,0.0,0.0,0.0,0.0,0.0,0.0,0.0,0.25881904510252074,0.9659258262890683,0,1
2012-10-01 02:00:00,0.0,0.0,0.0,0.0,0.0,0.0,0.0,0.0,0.49999999999999994,0.8660254037844387,0,1
2012-10-01 03:00:00,0.0,4.0,0.0,0.0,0.0,0.0,4.0,1.0,0.7071067811865476,0.7071067811865476,0,0
2012-10-01 04:00:00,0.0,4.0,0.0,0.0,0.0,0.0,4.0,1.0,0.8660254037844386,0.5000000000000001,0,0
2012-10-01 05:00:00,0.0,0.0,0.0,0.0,0.0,0.0,0.0,0.0,0.9659258262890683,0.25881904510252074,0,1
2012-10-01 06:00:00,0.0,0.0,0.0,0.0,0.0,0.0,0.0,0.0,1.0,6.123233995736766e-17,0,1
2012-10-01 07:00:00,58.0,40.0,4.0,54.0,30.0,16.0,202.0,6.0,0.9659258262890683,-0.25881904510252063,0,0
2012-10-01 08:00:00,0.0,0.0,2.0,125.0,90.0,0.0,217.0,3.0,0.8660254037844387,-0.4999999999999998,0,0
2012-10-01 09:00:00,29.0,2.0,8.0,99.0,92.0,2.0,232.0,6.0,0.7071067811865476,-0.7071067811865475,0,0
2012-10-01 10:00:00,255.0,170.0,0.0,0.0,26.0,12.0,463.0,4.0,0.49999999999999994,-0.8660254037844387,0,0
2012-10-01 11:00:00,0.0,0.0,0.0,2.0,126.0,14.0,142.0,3.0,0.258819045102521,-0.9659258262890682,0,0
2012-10-01 12:00:00,44.0,4.0,18.0,92.0,188.0,30.0,376.0,6.0,1.2246467991473532e-16,-1.0,0,0
2012-10-01 13:00:00,0.0,0.0,0.0,0.0,2.0,2.0,4.0,2.0,-0.2588190451025208,-0.9659258262890683,0,0
2012-10-01 14:00:00,38.0,2.0,4.0,84.0,64.0,4.0,196.0,6.0,-0.4999999999999997,-0.8660254037844388,0,0
2012-10-01 15:00:00,0.0,0.0,4.0,68.0,84.0,24.0,180.0,4.0,-0.7071067811865471,-0.7071067811865479,0,0
2012-10-01 16:00:00,0.0,0.0,0.0,0.0,58.0,12.0,70.0,2.0,-0.8660254037844385,-0.5000000000000004,0,0
2012-10-01 17:00:00,8.0,0.0,0.0,0.0,24.0,12.0,44.0,3.0,-0.9659258262890683,-0.25881904510252063,0,0
2012-10-01 18:00:00,0.0,0.0,0.0,0.0,0.0,0.0,0.0,0.0,-1.0,-1.8369701987210297e-16,0,1
2012-10-01 19:00:00,56.0,8.0,0.0,0.0,154.0,12.0,230.0,4.0,-0.9659258262890684,0.2588190451025203,0,0
2012-10-01 20:00:00,0.0,0.0,0.0,0.0,242.0,0.0,242.0,1.0,-0.8660254037844386,0.5000000000000001,0,0
2012-10-01 21:00:00,0.0,0.0,0.0,0.0,130.0,0.0,130.0,1.0,-0.7071067811865477,0.7071067811865474,0,0
2012-10-01 22:00:00,0.0,0.0,0.0,0.0,146.0,0.0,146.0,1.0,-0.5000000000000004,0.8660254037844384,0,0
2012-10-01 23:00:00,44.0,16.0,8.0,122.0,100.0,8.0,298.0,6.0,-0.25881904510252157,0.9659258262890681,0,0
2012-10-02 00:00:00,96.0,174.0,0.0,0.0,10.0,0.0,280.0,3.0,0.0,1.0,1,0
2012-10-02 01:00:00,0.0,50.0,0.0,0.0,0.0,0.0,50.0,1.0,0.25881904510252074,0.9659258262890683,1,0
2012-10-02 02:00:00,0.0,4.0,0.0,0.0,0.0,0.0,4.0,1.0,0.49999999999999994,0.8660254037844387,1,0
2012-10-02 03:00:00,0.0,6.0,0.0,0.0,0.0,0.0,6.0,1.0,0.7071067811865476,0.7071067811865476,1,0
2012-10-02 04:00:00,0.0,2.0,0.0,0.0,0.0,0.0,2.0,1.0,0.8660254037844386,0.5000000000000001,1,0
2012-10-02 05:00:00,0.0,10.0,0.0,0.0,0.0,0.0,10.0,1.0,0.9659258262890683,0.25881904510252074,1,0
2012-10-02 06:00:00,28.0,84.0,2.0,34.0,12.0,20.0,180.0,6.0,1.0,6.123233995736766e-17,1,0
2012-10-02 07:00:00,0.0,0.0,0.0,14.0,58.0,0.0,72.0,2.0,0.9659258262890683,-0.25881904510252063,1,0
2012-10-02 08:00:00,0.0,0.0,2.0,272.0,78.0,0.0,352.0,3.0,0.8660254037844387,-0.4999999999999998,1,0
2012-10-02 09:00:00,32.0,88.0,0.0,30.0,106.0,0.0,256.0,4.0,0.7071067811865476,-0.7071067811865475,1,0
2012-10-02 10:00:00,280.0,106.0,0.0,0.0,62.0,2.0,450.0,4.0,0.49999999999999994,-0.8660254037844387,1,0
2012-10-02 11:00:00,0.0,0.0,0.0,0.0,8.0,0.0,8.0,1.0,0.258819045102521,-0.9659258262890682,1,0
2012-10-02 12:00:00,60.0,66.0,0.0,0.0,52.0,16.0,194.0,4.0,1.2246467991473532e-16,-1.0,1,0
2012-10-02 13:00:00,0.0,0.0,0.0,0.0,0.0,0.0,0.0,0.0,-0.2588190451025208,-0.9659258262890683,1,1
2012-10-02 14:00:00,0.0,0.0,0.0,22.0,36.0,6.0,64.0,3.0,-0.4999999999999997,-0.8660254037844388,1,0
2012-10-02 15:00:00,0.0,0.0,4.0,78.0,84.0,8.0,174.0,4.0,-0.7071067811865471,-0.7071067811865479,1,0
2012-10-02 16:00:00,0.0,0.0,2.0,52.0,72.0,6.0,132.0,4.0,-0.8660254037844385,-0.5000000000000004,1,0
2012-10-02 17:00:00,0.0,0.0,0.0,0.0,56.0,6.0,62.0,2.0,-0.9659258262890683,-0.25881904510252063,1,0
2012-10-02 18:00:00,0.0,0.0,0.0,0.0,0.0,0.0,0.0,0.0,-1.0,-1.8369701987210297e-16,1,1
2012-10-02 19:00:00,32.0,2.0,0.0,0.0,86.0,14.0,134.0,4.0,-0.9659258262890684,0.2588190451025203,1,0
2012-10-02 20:00:00,0.0,0.0,30.0,108.0,206.0,0.0,344.0,3.0,-0.8660254037844386,0.5000000000000001,1,0
2012-10-02 21:00:00,0.0,0.0,0.0,2.0,160.0,0.0,162.0,2.0,-0.7071067811865477,0.7071067811865474,1,0
2012-10-02 22:00:00,0.0,0.0,0.0,0.0,74.0,0.0,74.0,1.0,-0.5000000000000004,0.8660254037844384,1,0
2012-10-02 23:00:00,114.0,192.0,6.0,48.0,74.0,12.0,446.0,6.0,-0.25881904510252157,0.9659258262890681,1,0
2012-10-03 00:00:00,0.0,2.0,0.0,0.0,0.0,0.0,2.0,1.0,0.0,1.0,2,0
2012-10-03 01:00:00,0.0,2.0,0.0,0.0,0.0,0.0,2.0,1.0,0.25881904510252074,0.9659258262890683,2,0
2012-10-03 02:00:00,0.0,0.0,0.0,0.0,0.0,0.0,0.0,0.0,0.49999999999999994,0.8660254037844387,2,1
2012-10-03 03:00:00,26.0,50.0,0.0,0.0,0.0,0.0,76.0,2.0,0.7071067811865476,0.7071067811865476,2,0
2012-10-03 04:00:00,24.0,46.0,0.0,0.0,0.0,0.0,70.0,2.0,0.8660254037844386,0.5000000000000001,2,0
2012-10-03 05:00:00,0.0,4.0,0.0,0.0,0.0,0.0,4.0,1.0,0.9659258262890683,0.25881904510252074,2,0
2012-10-03 06:00:00,0.0,2.0,0.0,0.0,0.0,0.0,2.0,1.0,1.0,6.123233995736766e-17,2,0
2012-10-03 07:00:00,0.0,26.0,0.0,0.0,0.0,0.0,26.0,1.0,0.9659258262890683,-0.25881904510252063,2,0
2012-10-03 08:00:00,40.0,26.0,4.0,44.0,104.0,18.0,236.0,6.0,0.8660254037844387,-0.4999999999999998,2,0
2012-10-03 09:00:00,0.0,0.0,4.0,204.0,86.0,0.0,294.0,3.0,0.7071067811865476,-0.7071067811865475,2,0
2012-10-03 10:00:00,0.0,0.0,0.0,0.0,64.0,0.0,64.0,1.0,0.49999999999999994,-0.8660254037844387,2,0
2012-10-03 11:00:00,332.0,102.0,6.0,78.0,90.0,12.0,620.0,6.0,0.258819045102521,-0.9659258262890682,2,0
2012-10-03 12:00:00,0.0,0.0,0.0,2.0,0.0,0.0,2.0,1.0,1.2246467991473532e-16,-1.0,2,0
2012-10-03 13:00:00,0.0,2.0,8.0,140.0,128.0,8.0,286.0,5.0,-0.2588190451025208,-0.9659258262890683,2,0
2012-10-03 14:00:00,0.0,0.0,0.0,0.0,76.0,16.0,92.0,2.0,-0.4999999999999997,-0.8660254037844388,2,0
2012-10-03 15:00:00,0.0,0.0,4.0,122.0,84.0,0.0,210.0,3.0,-0.7071067811865471,-0.7071067811865479,2,0
2012-10-03 16:00:00,0.0,0.0,0.0,0.0,236.0,0.0,236.0,1.0,-0.8660254037844385,-0.5000000000000004,2,0
2012-10-03 17:00:00,0.0,0.0,0.0,0.0,206.0,0.0,206.0,1.0,-0.9659258262890683,-0.25881904510252063,2,0
2012-10-03 18:00:00,46.0,4.0,0.0,0.0,156.0,2.0,208.0,4.0,-1.0,-1.8369701987210297e-16,2,0
2012-10-03 19:00:00,0.0,0.0,10.0,172.0,240.0,0.0,422.0,3.0,-0.9659258262890684,0.2588190451025203,2,0
2012-10-03 20:00:00,0.0,12.0,30.0,318.0,236.0,16.0,612.0,5.0,-0.8660254037844386,0.5000000000000001,2,0
2012-10-03 21:00:00,46.0,80.0,0.0,0.0,268.0,4.0,398.0,4.0,-0.7071067811865477,0.7071067811865474,2,0
2012-10-03 22:00:00,46.0,16.0,0.0,0.0,210.0,2.0,274.0,4.0,-0.5000000000000004,0.8660254037844384,2,0
2012-10-03 23:00:00,94.0,76.0,0.0,0.0,138.0,4.0,312.0,4.0,-0.25881904510252157,0.9659258262890681,2,0
2012-10-04 00:00:00,0.0,4.0,0.0,0.0,0.0,0.0,4.0,1.0,0.0,1.0,3,0
2012-10-04 01:00:00,0.0,2.0,0.0,0.0,2.0,0.0,4.0,2.0,0.25881904510252074,0.9659258262890683,3,0
2012-10-04 02:00:00,0.0,10.0,0.0,0.0,0.0,0.0,10.0,1.0,0.49999999999999994,0.8660254037844387,3,0
2012-10-04 03:00:00,64.0,94.0,0.0,0.0,0.0,0.0,158.0,2.0,0.7071067811865476,0.7071067811865476,3,0
2012-10-04 04:00:00,0.0,2.0,0.0,0.0,0.0,0.0,2.0,1.0,0.8660254037844386,0.5000000000000001,3,0
2012-10-04 05:00:00,0.0,6.0,0.0,0.0,0.0,0.0,6.0,1.0,0.9659258262890683,0.25881904510252074,3,0
2012-10-04 06:00:00,0.0,2.0,0.0,0.0,0.0,0.0,2.0,1.0,1.0,6.123233995736766e-17,3,0
2012-10-04 07:00:00,0.0,4.0,0.0,0.0,0.0,0.0,4.0,1.0,0.9659258262890683,-0.25881904510252063,3,0
2012-10-04 08:00:00,46.0,38.0,4.0,38.0,94.0,8.0,228.0,6.0,0.8660254037844387,-0.4999999999999998,3,0
2012-10-04 09:00:00,0.0,0.0,6.0,220.0,92.0,0.0,318.0,3.0,0.7071067811865476,-0.7071067811865475,3,0
2012-10-04 10:00:00,27.0,0.0,6.0,76.0,160.0,0.0,269.0,4.0,0.49999999999999994,-0.8660254037844387,3,0
2012-10-04 11:00:00,7.0,2.0,110.0,20.0,700.0,6.0,845.0,6.0,0.258819045102521,-0.9659258262890682,3,0
2012-10-04 12:00:00,0.0,0.0,4.0,2.0,454.0,0.0,460.0,3.0,1.2246467991473532e-16,-1.0,3,0
2012-10-04 13:00:00,28.0,280.0,108.0,4.0,304.0,20.0,744.0,6.0,-0.2588190451025208,-0.9659258262890683,3,0
2012-10-04 14:00:00,40.0,6.0,14.0,114.0,120.0,6.0,300.0,6.0,-0.4999999999999997,-0.8660254037844388,3,0
2012-10-04 15:00:00,265.0,74.0,4.0,60.0,60.0,2.0,465.0,6.0,-0.7071067811865471,-0.7071067811865479,3,0
2012-10-04 16:00:00,33.0,120.0,16.0,34.0,232.0,26.0,461.0,6.0,-0.8660254037844385,-0.5000000000000004,3,0
2012-10-04 17:00:00,54.0,46.0,30.0,76.0,214.0,34.0,454.0,6.0,-0.9659258262890683,-0.25881904510252063,3,0
2012-10-04 18:00:00,0.0,0.0,0.0,0.0,0.0,0.0,0.0,0.0,-1.0,-1.8369701987210297e-16,3,1
2012-10-04 19:00:00,0.0,0.0,0.0,0.0,0.0,0.0,0.0,0.0,-0.9659258262890684,0.2588190451025203,3,1
2012-10-04 20:00:00,32.0,140.0,4.0,20.0,279.0,16.0,491.0,6.0,-0.8660254037844386,0.5000000000000001,3,0
2012-10-04 21:00:00,0.0,0.0,0.0,2.0,179.0,0.0,181.0,2.0,-0.7071067811865477,0.7071067811865474,3,0
2012-10-04 22:00:00,0.0,0.0,6.0,144.0,102.0,0.0,252.0,3.0,-0.5000000000000004,0.8660254037844384,3,0
2012-10-04 23:00:00,82.0,72.0,4.0,12.0,112.0,12.0,294.0,6.0,-0.25881904510252157,0.9659258262890681,3,0
2012-10-05 00:00:00,0.0,16.0,0.0,0.0,0.0,0.0,16.0,1.0,0.0,1.0,4,0
2012-10-05 01:00:00,0.0,0.0,0.0,0.0,0.0,0.0,0.0,0.0,0.25881904510252074,0.9659258262890683,4,1
2012-10-05 02:00:00,0.0,4.0,0.0,0.0,0.0,2.0,6.0,2.0,0.49999999999999994,0.8660254037844387,4,0
2012-10-05 03:00:00,0.0,4.0,0.0,0.0,0.0,0.0,4.0,1.0,0.7071067811865476,0.7071067811865476,4,0
2012-10-05 04:00:00,0.0,4.0,0.0,0.0,0.0,0.0,4.0,1.0,0.8660254037844386,0.5000000000000001,4,0
2012-10-05 05:00:00,0.0,2.0,0.0,0.0,0.0,0.0,2.0,1.0,0.9659258262890683,0.25881904510252074,4,0
2012-10-05 06:00:00,0.0,0.0,0.0,0.0,0.0,0.0,0.0,0.0,1.0,6.123233995736766e-17,4,1
2012-10-05 07:00:00,28.0,32.0,4.0,48.0,126.0,18.0,256.0,6.0,0.9659258262890683,-0.25881904510252063,4,0
2012-10-05 08:00:00,54.0,28.0,6.0,228.0,86.0,0.0,402.0,5.0,0.8660254037844387,-0.4999999999999998,4,0
2012-10-05 09:00:00,24.0,28.0,4.0,30.0,56.0,0.0,142.0,5.0,0.7071067811865476,-0.7071067811865475,4,0
2012-10-05 10:00:00,280.0,256.0,0.0,2.0,102.0,2.0,642.0,5.0,0.49999999999999994,-0.8660254037844387,4,0
2012-10-05 11:00:00,0.0,0.0,0.0,0.0,142.0,0.0,142.0,1.0,0.258819045102521,-0.9659258262890682,4,0
2012-10-05 12:00:00,0.0,28.0,0.0,0.0,70.0,14.0,112.0,3.0,1.2246467991473532e-16,-1.0,4,0
2012-10-05 13:00:00,0.0,0.0,0.0,0.0,0.0,0.0,0.0,0.0,-0.2588190451025208,-0.9659258262890683,4,1
2012-10-05 14:00:00,0.0,0.0,26.0,126.0,54.0,6.0,212.0,4.0,-0.4999999999999997,-0.8660254037844388,4,0
2012-10-05 15:00:00,42.0,30.0,10.0,126.0,144.0,20.0,372.0,6.0,-0.7071067811865471,-0.7071067811865479,4,0
2012-10-05 16:00:00,0.0,0.0,2.0,70.0,162.0,30.0,264.0,4.0,-0.8660254037844385,-0.5000000000000004,4,0
2012-10-05 17:00:00,82.0,60.0,0.0,0.0,162.0,22.0,326.0,4.0,-0.9659258262890683,-0.25881904510252063,4,0
2012-10-05 18:00:00,0.0,0.0,0.0,2.0,14.0,12.0,28.0,3.0,-1.0,-1.8369701987210297e-16,4,0
2012-10-05 19:00:00,0.0,0.0,0.0,0.0,154.0,10.0,164.0,2.0,-0.9659258262890684,0.2588190451025203,4,0
2012-10-05 20:00:00,0.0,0.0,0.0,0.0,22.0,0.0,22.0,1.0,-0.8660254037844386,0.5000000000000001,4,0
2012-10-05 21:00:00,0.0,0.0,0.0,2.0,0.0,0.0,2.0,1.0,-0.7071067811865477,0.7071067811865474,4,0
2012-10-05 22:00:00,0.0,0.0,0.0,2.0,0.0,0.0,2.0,1.0,-0.5000000000000004,0.8660254037844384,4,0
2012-10-05 23:00:00,0.0,2.0,0.0,0.0,0.0,0.0,2.0,1.0,-0.25881904510252157,0.9659258262890681,4,0
2012-10-06 00:00:00,30.0,214.0,0.0,2.0,38.0,6.0,290.0,5.0,0.0,1.0,5,0
2012-10-06 01:00:00,4.0,138.0,4.0,46.0,32.0,10.0,234.0,6.0,0.25881904510252074,0.9659258262890683,5,0
2012-10-06 02:00:00,0.0,32.0,0.0,0.0,0.0,0.0,32.0,1.0,0.49999999999999994,0.8660254037844387,5,0
2012-10-06 03:00:00,0.0,2.0,0.0,0.0,0.0,0.0,2.0,1.0,0.7071067811865476,0.7071067811865476,5,0
2012-10-06 04:00:00,0.0,0.0,0.0,0.0,0.0,0.0,0.0,0.0,0.8660254037844386,0.5000000000000001,5,1
2012-10-06 05:00:00,0.0,6.0,0.0,0.0,0.0,0.0,6.0,1.0,0.9659258262890683,0.25881904510252074,5,0
2012-10-06 06:00:00,0.0,0.0,0.0,0.0,2.0,0.0,2.0,1.0,1.0,6.123233995736766e-17,5,0
2012-10-06 07:00:00,0.0,2.0,0.0,0.0,0.0,0.0,2.0,1.0,0.9659258262890683,-0.25881904510252063,5,0
2012-10-06 08:00:00,40.0,38.0,4.0,32.0,80.0,14.0,208.0,6.0,0.8660254037844387,-0.4999999999999998,5,0
2012-10-06 09:00:00,0.0,0.0,6.0,208.0,86.0,0.0,300.0,3.0,0.7071067811865476,-0.7071067811865475,5,0
2012-10-06 10:00:00,0.0,0.0,0.0,0.0,30.0,0.0,30.0,1.0,0.49999999999999994,-0.8660254037844387,5,0
2012-10-06 11:00:00,304.0,270.0,4.0,22.0,108.0,0.0,708.0,5.0,0.258819045102521,-0.9659258262890682,5,0
2012-10-06 12:00:00,34.0,158.0,8.0,50.0,196.0,26.0,472.0,6.0,1.2246467991473532e-16,-1.0,5,0
2012-10-06 13:00:00,40.0,2.0,4.0,52.0,70.0,30.0,198.0,6.0,-0.2588190451025208,-0.9659258262890683,5,0
2012-10-06 14:00:00,4.0,106.0,0.0,0.0,474.0,26.0,610.0,4.0,-0.4999999999999997,-0.8660254037844388,5,0
2012-10-06 15:00:00,0.0,774.0,0.0,0.0,178.0,22.0,974.0,3.0,-0.7071067811865471,-0.7071067811865479,5,0
2012-10-06 16:00:00,0.0,46.0,0.0,0.0,96.0,26.0,168.0,3.0,-0.8660254037844385,-0.5000000000000004,5,0
2012-10-06 17:00:00,0.0,202.0,4.0,0.0,484.0,14.0,704.0,4.0,-0.9659258262890683,-0.25881904510252063,5,0
2012-10-06 18:00:00,0.0,0.0,0.0,0.0,0.0,0.0,0.0,0.0,-1.0,-1.8369701987210297e-16,5,1
2012-10-06 19:00:00,34.0,18.0,0.0,0.0,36.0,32.0,120.0,4.0,-0.9659258262890684,0.2588190451025203,5,0
2012-10-06 20:00:00,0.0,0.0,0.0,0.0,94.0,8.0,102.0,2.0,-0.8660254037844386,0.5000000000000001,5,0
2012-10-06 21:00:00,0.0,0.0,12.0,182.0,170.0,0.0,364.0,3.0,-0.7071067811865477,0.7071067811865474,5,0
2012-10-06 22:00:00,0.0,0.0,0.0,0.0,138.0,0.0,138.0,1.0,-0.5000000000000004,0.8660254037844384,5,0
2012-10-06 23:00:00,144.0,318.0,4.0,130.0,68.0,12.0,676.0,6.0,-0.25881904510252157,0.9659258262890681,5,0
2012-10-07 00:00:00,0.0,6.0,0.0,0.0,0.0,0.0,6.0,1.0,0.0,1.0,6,0
2012-10-07 01:00:00,0.0,0.0,0.0,0.0,0.0,0.0,0.0,0.0,0.25881904510252074,0.9659258262890683,6,1
2012-10-07 02:00:00,0.0,32.0,0.0,0.0,0.0,0.0,32.0,1.0,0.49999999999999994,0.8660254037844387,6,0
2012-10-07 03:00:00,0.0,2.0,0.0,0.0,0.0,0.0,2.0,1.0,0.7071067811865476,0.7071067811865476,6,0
2012-10-07 04:00:00,46.0,70.0,0.0,0.0,0.0,0.0,116.0,2.0,0.8660254037844386,0.5000000000000001,6,0
2012-10-07 05:00:00,0.0,0.0,0.0,2.0,0.0,0.0,2.0,1.0,0.9659258262890683,0.25881904510252074,6,0
2012-10-07 06:00:00,34.0,58.0,6.0,52.0,29.0,16.0,195.0,6.0,1.0,6.123233995736766e-17,6,0
2012-10-07 07:00:00,0.0,0.0,0.0,0.0,141.0,0.0,141.0,1.0,0.9659258262890683,-0.25881904510252063,6,0
2012-10-07 08:00:00,60.0,0.0,8.0,212.0,156.0,2.0,438.0,5.0,0.8660254037844387,-0.4999999999999998,6,0
2012-10-07 09:00:00,0.0,0.0,0.0,2.0,118.0,0.0,120.0,2.0,0.7071067811865476,-0.7071067811865475,6,0
2012-10-07 10:00:00,308.0,340.0,12.0,103.0,104.0,4.0,871.0,6.0,0.49999999999999994,-0.8660254037844387,6,0
2012-10-07 11:00:00,0.0,0.0,2.0,55.0,130.0,0.0,187.0,3.0,0.258819045102521,-0.9659258262890682,6,0
2012-10-07 12:00:00,134.0,64.0,32.0,348.0,126.0,26.0,730.0,6.0,1.2246467991473532e-16,-1.0,6,0
2012-10-07 13:00:00,0.0,0.0,0.0,2.0,0.0,0.0,2.0,1.0,-0.2588190451025208,-0.9659258262890683,6,0
2012-10-07 14:00:00,0.0,0.0,0.0,0.0,0.0,0.0,0.0,0.0,-0.4999999999999997,-0.8660254037844388,6,1
2012-10-07 15:00:00,8.0,2.0,0.0,0.0,166.0,6.0,182.0,4.0,-0.7071067811865471,-0.7071067811865479,6,0
2012-10-07 16:00:00,38.0,42.0,6.0,2.0,108.0,2.0,198.0,6.0,-0.8660254037844385,-0.5000000000000004,6,0
2012-10-07 17:00:00,0.0,0.0,14.0,24.0,202.0,0.0,240.0,3.0,-0.9659258262890683,-0.25881904510252063,6,0
2012-10-07 18:00:00,44.0,46.0,6.0,206.0,138.0,4.0,444.0,6.0,-1.0,-1.8369701987210297e-16,6,0
2012-10-07 19:00:00,0.0,0.0,0.0,0.0,124.0,0.0,124.0,1.0,-0.9659258262890684,0.2588190451025203,6,0
2012-10-07 20:00:00,0.0,0.0,0.0,0.0,28.0,0.0,28.0,1.0,-0.8660254037844386,0.5000000000000001,6,0
2012-10-07 21:00:00,0.0,0.0,0.0,0.0,0.0,0.0,0.0,0.0,-0.7071067811865477,0.7071067811865474,6,1
2012-10-07 22:00:00,40.0,2.0,8.0,236.0,124.0,4.0,414.0,6.0,-0.5000000000000004,0.8660254037844384,6,0
2012-10-07 23:00:00,31.0,150.0,4.0,16.0,186.0,0.0,387.0,5.0,-0.25881904510252157,0.9659258262890681,6,0
2012-10-08 00:00:00,69.0,102.0,0.0,0.0,0.0,0.0,171.0,2.0,0.0,1.0,0,0
2012-10-08 01:00:00,0.0,0.0,0.0,0.0,0.0,0.0,0.0,0.0,0.25881904510252074,0.9659258262890683,0,1
2012-10-08 02:00:00,0.0,16.0,0.0,0.0,0.0,0.0,16.0,1.0,0.49999999999999994,0.8660254037844387,0,0
2012-10-08 03:00:00,0.0,16.0,0.0,0.0,0.0,0.0,16.0,1.0,0.7071067811865476,0.7071067811865476,0,0
2012-10-08 04:00:00,0.0,8.0,0.0,0.0,0.0,0.0,8.0,1.0,0.8660254037844386,0.5000000000000001,0,0
2012-10-08 05:00:00,0.0,0.0,0.0,0.0,0.0,0.0,0.0,0.0,0.9659258262890683,0.25881904510252074,0,1
2012-10-08 06:00:00,42.0,62.0,0.0,0.0,0.0,0.0,104.0,2.0,1.0,6.123233995736766e-17,0,0
2012-10-08 07:00:00,0.0,0.0,8.0,84.0,150.0,14.0,256.0,4.0,0.9659258262890683,-0.25881904510252063,0,0
2012-10-08 08:00:00,32.0,4.0,10.0,262.0,126.0,4.0,438.0,6.0,0.8660254037844387,-0.4999999999999998,0,0
2012-10-08 09:00:00,270.0,186.0,0.0,0.0,74.0,2.0,532.0,4.0,0.7071067811865476,-0.7071067811865475,0,0
2012-10-08 10:00:00,30.0,64.0,0.0,2.0,98.0,18.0,212.0,5.0,0.49999999999999994,-0.8660254037844387,0,0
2012-10-08 11:00:00,0.0,0.0,0.0,0.0,96.0,26.0,122.0,2.0,0.258819045102521,-0.9659258262890682,0,0
2012-10-08 12:00:00,0.0,0.0,14.0,350.0,94.0,12.0,470.0,4.0,1.2246467991473532e-16,-1.0,0,0
2012-10-08 13:00:00,0.0,0.0,0.0,0.0,18.0,0.0,18.0,1.0,-0.2588190451025208,-0.9659258262890683,0,0
2012-10-08 14:00:00,0.0,0.0,0.0,0.0,6.0,0.0,6.0,1.0,-0.4999999999999997,-0.8660254037844388,0,0
2012-10-08 15:00:00,42.0,4.0,4.0,18.0,68.0,20.0,156.0,6.0,-0.7071067811865471,-0.7071067811865479,0,0
2012-10-08 16:00:00,0.0,0.0,0.0,0.0,86.0,0.0,86.0,1.0,-0.8660254037844385,-0.5000000000000004,0,0
2012-10-08 17:00:00,0.0,0.0,6.0,86.0,102.0,0.0,194.0,3.0,-0.9659258262890683,-0.25881904510252063,0,0
2012-10-08 18:00:00,16.0,4.0,2.0,28.0,110.0,4.0,164.0,6.0,-1.0,-1.8369701987210297e-16,0,0
2012-10-08 19:00:00,36.0,2.0,10.0,186.0,92.0,2.0,328.0,6.0,-0.9659258262890684,0.2588190451025203,0,0
2012-10-08 20:00:00,0.0,0.0,2.0,126.0,58.0,0.0,186.0,3.0,-0.8660254037844386,0.5000000000000001,0,0
2012-10-08 21:00:00,0.0,0.0,0.0,0.0,112.0,0.0,112.0,1.0,-0.7071067811865477,0.7071067811865474,0,0
2012-10-08 22:00:00,0.0,0.0,0.0,0.0,152.0,0.0,152.0,1.0,-0.5000000000000004,0.8660254037844384,0,0
2012-10-08 23:00:00,138.0,346.0,0.0,0.0,40.0,8.0,532.0,4.0,-0.25881904510252157,0.9659258262890681,0,0
2012-10-09 00:00:00,0.0,12.0,0.0,0.0,0.0,0.0,12.0,1.0,0.0,1.0,1,0
2012-10-09 01:00:00,0.0,20.0,0.0,2.0,0.0,0.0,22.0,2.0,0.25881904510252074,0.9659258262890683,1,0
2012-10-09 02:00:00,0.0,32.0,0.0,0.0,0.0,0.0,32.0,1.0,0.49999999999999994,0.8660254037844387,1,0
2012-10-09 03:00:00,52.0,64.0,0.0,0.0,0.0,0.0,116.0,2.0,0.7071067811865476,0.7071067811865476,1,0
2012-10-09 04:00:00,0.0,32.0,0.0,0.0,0.0,0.0,32.0,1.0,0.8660254037844386,0.5000000000000001,1,0
2012-10-09 05:00:00,0.0,6.0,0.0,0.0,0.0,0.0,6.0,1.0,0.9659258262890683,0.25881904510252074,1,0
2012-10-09 06:00:00,22.0,104.0,2.0,32.0,130.0,18.0,308.0,6.0,1.0,6.123233995736766e-17,1,0
2012-10-09 07:00:00,0.0,0.0,4.0,278.0,72.0,0.0,354.0,3.0,0.9659258262890683,-0.25881904510252063,1,0
2012-10-09 08:00:00,0.0,0.0,0.0,0.0,186.0,0.0,186.0,1.0,0.8660254037844387,-0.4999999999999998,1,0
2012-10-09 09:00:00,38.0,304.0,8.0,112.0,268.0,2.0,732.0,6.0,0.7071067811865476,-0.7071067811865475,1,0
2012-10-09 10:00:00,0.0,0.0,0.0,0.0,228.0,0.0,228.0,1.0,0.49999999999999994,-0.8660254037844387,1,0
2012-10-09 11:00:00,212.0,184.0,2.0,2.0,132.0,6.0,538.0,6.0,0.258819045102521,-0.9659258262890682,1,0
2012-10-09 12:00:00,0.0,28.0,4.0,34.0,74.0,16.0,156.0,5.0,1.2246467991473532e-16,-1.0,1,0
2012-10-09 13:00:00,8.0,2.0,4.0,18.0,130.0,30.0,192.0,6.0,-0.2588190451025208,-0.9659258262890683,1,0
2012-10-09 14:00:00,40.0,130.0,4.0,96.0,120.0,18.0,408.0,6.0,-0.4999999999999997,-0.8660254037844388,1,0
2012-10-09 15:00:00,0.0,0.0,0.0,0.0,12.0,0.0,12.0,1.0,-0.7071067811865471,-0.7071067811865479,1,0
2012-10-09 16:00:00,0.0,0.0,0.0,0.0,0.0,0.0,0.0,0.0,-0.8660254037844385,-0.5000000000000004,1,1
2012-10-09 17:00:00,42.0,6.0,2.0,118.0,48.0,18.0,234.0,6.0,-0.9659258262890683,-0.25881904510252063,1,0
2012-10-09 18:00:00,0.0,0.0,14.0,186.0,110.0,0.0,310.0,3.0,-1.0,-1.8369701987210297e-16,1,0
2012-10-09 19:00:00,0.0,62.0,14.0,48.0,92.0,4.0,220.0,5.0,-0.9659258262890684,0.2588190451025203,1,0
2012-10-09 20:00:00,0.0,0.0,0.0,0.0,168.0,0.0,168.0,1.0,-0.8660254037844386,0.5000000000000001,1,0
2012-10-09 21:00:00,0.0,26.0,70.0,330.0,158.0,2.0,586.0,5.0,-0.7071067811865477,0.7071067811865474,1,0
2012-10-09 22:00:00,0.0,16.0,0.0,0.0,130.0,2.0,148.0,3.0,-0.5000000000000004,0.8660254037844384,1,0
2012-10-09 23:00:00,124.0,266.0,0.0,0.0,46.0,6.0,442.0,4.0,-0.25881904510252157,0.9659258262890681,1,0
2012-10-10 00:00:00,0.0,18.0,0.0,0.0,0.0,0.0,18.0,1.0,0.0,1.0,2,0
2012-10-10 01:00:00,0.0,22.0,0.0,2.0,0.0,0.0,24.0,2.0,0.25881904510252074,0.9659258262890683,2,0
2012-10-10 02:00:00,0.0,2.0,0.0,0.0,0.0,0.0,2.0,1.0,0.49999999999999994,0.8660254037844387,2,0
2012-10-10 03:00:00,0.0,18.0,0.0,0.0,0.0,0.0,18.0,1.0,0.7071067811865476,0.7071067811865476,2,0
2012-10-10 04:00:00,0.0,4.0,0.0,0.0,0.0,0.0,4.0,1.0,0.8660254037844386,0.5000000000000001,2,0
2012-10-10 05:00:00,0.0,2.0,0.0,0.0,0.0,0.0,2.0,1.0,0.9659258262890683,0.25881904510252074,2,0
2012-10-10 06:00:00,40.0,44.0,4.0,46.0,102.0,16.0,252.0,6.0,1.0,6.123233995736766e-17,2,0
2012-10-10 07:00:00,36.0,2.0,2.0,202.0,80.0,0.0,322.0,5.0,0.9659258262890683,-0.25881904510252063,2,0
2012-10-10 08:00:00,0.0,0.0,12.0,26.0,284.0,0.0,322.0,3.0,0.8660254037844387,-0.4999999999999998,2,0
2012-10-10 09:00:00,77.0,186.0,6.0,52.0,208.0,0.0,529.0,5.0,0.7071067811865476,-0.7071067811865475,2,0
2012-10-10 10:00:00,197.0,92.0,0.0,0.0,236.0,28.0,553.0,4.0,0.49999999999999994,-0.8660254037844387,2,0
2012-10-10 11:00:00,84.0,4.0,12.0,36.0,164.0,10.0,310.0,6.0,0.258819045102521,-0.9659258262890682,2,0
2012-10-10 12:00:00,0.0,0.0,0.0,0.0,0.0,0.0,0.0,0.0,1.2246467991473532e-16,-1.0,2,1
2012-10-10 13:00:00,0.0,0.0,4.0,22.0,164.0,6.0,196.0,4.0,-0.2588190451025208,-0.9659258262890683,2,0
2012-10-10 14:00:00,30.0,18.0,2.0,18.0,126.0,4.0,198.0,6.0,-0.4999999999999997,-0.8660254037844388,2,0
2012-10-10 15:00:00,0.0,0.0,0.0,0.0,2.0,0.0,2.0,1.0,-0.7071067811865471,-0.7071067811865479,2,0
2012-10-10 16:00:00,28.0,4.0,0.0,0.0,90.0,16.0,138.0,4.0,-0.8660254037844385,-0.5000000000000004,2,0
2012-10-10 17:00:00,8.0,60.0,8.0,50.0,140.0,16.0,282.0,6.0,-0.9659258262890683,-0.25881904510252063,2,0
2012-10-10 18:00:00,0.0,0.0,0.0,0.0,0.0,0.0,0.0,0.0,-1.0,-1.8369701987210297e-16,2,1
2012-10-10 19:00:00,0.0,0.0,0.0,0.0,0.0,0.0,0.0,0.0,-0.9659258262890684,0.2588190451025203,2,1
2012-10-10 20:00:00,0.0,0.0,0.0,0.0,0.0,0.0,0.0,0.0,-0.8660254037844386,0.5000000000000001,2,1
2012-10-10 21:00:00,40.0,156.0,6.0,36.0,220.0,14.0,472.0,6.0,-0.7071067811865477,0.7071067811865474,2,0
2012-10-10 22:00:00,66.0,0.0,0.0,2.0,206.0,10.0,284.0,4.0,-0.5000000000000004,0.8660254037844384,2,0
2012-10-10 23:00:00,72.0,62.0,0.0,0.0,0.0,0.0,134.0,2.0,-0.25881904510252157,0.9659258262890681,2,0
2012-10-11 00:00:00,0.0,2.0,0.0,2.0,0.0,0.0,4.0,2.0,0.0,1.0,3,0
2012-10-11 01:00:00,0.0,2.0,0.0,0.0,0.0,0.0,2.0,1.0,0.25881904510252074,0.9659258262890683,3,0
2012-10-11 02:00:00,44.0,88.0,0.0,0.0,0.0,0.0,132.0,2.0,0.49999999999999994,0.8660254037844387,3,0
2012-10-11 03:00:00,0.0,4.0,0.0,0.0,0.0,0.0,4.0,1.0,0.7071067811865476,0.7071067811865476,3,0
2012-10-11 04:00:00,0.0,32.0,0.0,0.0,0.0,0.0,32.0,1.0,0.8660254037844386,0.5000000000000001,3,0
2012-10-11 05:00:00,0.0,8.0,0.0,0.0,0.0,0.0,8.0,1.0,0.9659258262890683,0.25881904510252074,3,0
2012-10-11 06:00:00,0.0,2.0,0.0,0.0,0.0,0.0,2.0,1.0,1.0,6.123233995736766e-17,3,0
2012-10-11 07:00:00,0.0,4.0,0.0,0.0,0.0,0.0,4.0,1.0,0.9659258262890683,-0.25881904510252063,3,0
2012-10-11 08:00:00,36.0,60.0,4.0,30.0,136.0,16.0,282.0,6.0,0.8660254037844387,-0.4999999999999998,3,0
2012-10-11 09:00:00,0.0,0.0,4.0,178.0,158.0,0.0,340.0,3.0,0.7071067811865476,-0.7071067811865475,3,0
2012-10-11 10:00:00,342.0,358.0,4.0,30.0,159.0,4.0,897.0,6.0,0.49999999999999994,-0.8660254037844387,3,0
2012-10-11 11:00:00,0.0,44.0,4.0,0.0,155.0,12.0,215.0,4.0,0.258819045102521,-0.9659258262890682,3,0
2012-10-11 12:00:00,0.0,0.0,0.0,0.0,256.0,12.0,268.0,2.0,1.2246467991473532e-16,-1.0,3,0
2012-10-11 13:00:00,0.0,0.0,0.0,0.0,0.0,0.0,0.0,0.0,-0.2588190451025208,-0.9659258262890683,3,1
2012-10-11 14:00:00,42.0,2.0,14.0,2.0,82.0,12.0,154.0,6.0,-0.4999999999999997,-0.8660254037844388,3,0
2012-10-11 15:00:00,0.0,0.0,0.0,0.0,195.0,0.0,195.0,1.0,-0.7071067811865471,-0.7071067811865479,3,0
2012-10-11 16:00:00,34.0,4.0,2.0,126.0,159.0,6.0,331.0,6.0,-0.8660254037844385,-0.5000000000000004,3,0
2012-10-11 17:00:00,0.0,0.0,0.0,2.0,148.0,0.0,150.0,2.0,-0.9659258262890683,-0.25881904510252063,3,0
2012-10-11 18:00:00,0.0,0.0,12.0,180.0,166.0,40.0,398.0,4.0,-1.0,-1.8369701987210297e-16,3,0
2012-10-11 19:00:00,0.0,0.0,0.0,0.0,224.0,0.0,224.0,1.0,-0.9659258262890684,0.2588190451025203,3,0
2012-10-11 20:00:00,82.0,126.0,26.0,54.0,188.0,8.0,484.0,6.0,-0.8660254037844386,0.5000000000000001,3,0
2012-10-11 21:00:00,0.0,0.0,0.0,0.0,0.0,0.0,0.0,0.0,-0.7071067811865477,0.7071067811865474,3,1
2012-10-11 22:00:00,32.0,64.0,0.0,0.0,40.0,4.0,140.0,4.0,-0.5000000000000004,0.8660254037844384,3,0
2012-10-11 23:00:00,0.0,0.0,0.0,0.0,0.0,0.0,0.0,0.0,-0.25881904510252157,0.9659258262890681,3,1
2012-10-12 00:00:00,0.0,4.0,0.0,0.0,0.0,0.0,4.0,1.0,0.0,1.0,4,0
2012-10-12 01:00:00,0.0,22.0,0.0,0.0,0.0,0.0,22.0,1.0,0.25881904510252074,0.9659258262890683,4,0
2012-10-12 02:00:00,48.0,52.0,0.0,0.0,0.0,0.0,100.0,2.0,0.49999999999999994,0.8660254037844387,4,0
2012-10-12 03:00:00,0.0,2.0,0.0,0.0,0.0,0.0,2.0,1.0,0.7071067811865476,0.7071067811865476,4,0
2012-10-12 04:00:00,0.0,0.0,0.0,0.0,0.0,0.0,0.0,0.0,0.8660254037844386,0.5000000000000001,4,1
2012-10-12 05:00:00,56.0,54.0,4.0,46.0,108.0,12.0,280.0,6.0,0.9659258262890683,0.25881904510252074,4,0
2012-10-12 06:00:00,0.0,0.0,4.0,224.0,118.0,0.0,346.0,3.0,1.0,6.123233995736766e-17,4,0
2012-10-12 07:00:00,3.0,0.0,6.0,44.0,178.0,0.0,231.0,4.0,0.9659258262890683,-0.25881904510252063,4,0
2012-10-12 08:00:00,295.0,302.0,0.0,0.0,54.0,8.0,659.0,4.0,0.8660254037844387,-0.4999999999999998,4,0
2012-10-12 09:00:00,0.0,18.0,0.0,2.0,42.0,10.0,72.0,4.0,0.7071067811865476,-0.7071067811865475,4,0
2012-10-12 10:00:00,0.0,0.0,0.0,2.0,0.0,0.0,2.0,1.0,0.49999999999999994,-0.8660254037844387,4,0
2012-10-12 11:00:00,40.0,4.0,20.0,108.0,102.0,14.0,288.0,6.0,0.258819045102521,-0.9659258262890682,4,0
2012-10-12 12:00:00,0.0,0.0,0.0,2.0,120.0,18.0,140.0,3.0,1.2246467991473532e-16,-1.0,4,0
2012-10-12 13:00:00,50.0,4.0,0.0,2.0,70.0,10.0,136.0,5.0,-0.2588190451025208,-0.9659258262890683,4,0
2012-10-12 14:00:00,0.0,0.0,6.0,30.0,196.0,14.0,246.0,4.0,-0.4999999999999997,-0.8660254037844388,4,0
2012-10-12 15:00:00,0.0,0.0,4.0,44.0,48.0,0.0,96.0,3.0,-0.7071067811865471,-0.7071067811865479,4,0
2012-10-12 16:00:00,40.0,60.0,0.0,0.0,84.0,4.0,188.0,4.0,-0.8660254037844385,-0.5000000000000004,4,0
2012-10-12 17:00:00,0.0,0.0,0.0,0.0,38.0,8.0,46.0,2.0,-0.9659258262890683,-0.25881904510252063,4,0
2012-10-12 18:00:00,12.0,4.0,0.0,0.0,84.0,14.0,114.0,4.0,-1.0,-1.8369701987210297e-16,4,0
2012-10-12 19:00:00,0.0,0.0,0.0,0.0,186.0,0.0,186.0,1.0,-0.9659258262890684,0.2588190451025203,4,0
2012-10-12 20:00:00,52.0,118.0,6.0,2.0,268.0,2.0,448.0,6.0,-0.8660254037844386,0.5000000000000001,4,0
2012-10-12 21:00:00,18.0,2.0,8.0,234.0,150.0,4.0,416.0,6.0,-0.7071067811865477,0.7071067811865474,4,0
2012-10-12 22:00:00,0.0,95.0,4.0,36.0,136.0,16.0,287.0,5.0,-0.5000000000000004,0.8660254037844384,4,0
2012-10-12 23:00:00,114.0,67.0,0.0,0.0,0.0,0.0,181.0,2.0,-0.25881904510252157,0.9659258262890681,4,0
2012-10-13 00:00:00,0.0,12.0,0.0,0.0,0.0,0.0,12.0,1.0,0.0,1.0,5,0
2012-10-13 01:00:00,0.0,2.0,0.0,0.0,0.0,0.0,2.0,1.0,0.25881904510252074,0.9659258262890683,5,0
2012-10-13 02:00:00,30.0,52.0,0.0,0.0,0.0,0.0,82.0,2.0,0.49999999999999994,0.8660254037844387,5,0
2012-10-13 03:00:00,0.0,0.0,0.0,0.0,0.0,0.0,0.0,0.0,0.7071067811865476,0.7071067811865476,5,1
2012-10-13 04:00:00,0.0,0.0,0.0,0.0,0.0,0.0,0.0,0.0,0.8660254037844386,0.5000000000000001,5,1
2012-10-13 05:00:00,38.0,56.0,0.0,0.0,0.0,0.0,94.0,2.0,0.9659258262890683,0.25881904510252074,5,0
2012-10-13 06:00:00,0.0,2.0,0.0,0.0,0.0,0.0,2.0,1.0,1.0,6.123233995736766e-17,5,0
2012-10-13 07:00:00,44.0,74.0,4.0,38.0,84.0,18.0,262.0,6.0,0.9659258262890683,-0.25881904510252063,5,0
2012-10-13 08:00:00,32.0,2.0,6.0,246.0,86.0,0.0,372.0,5.0,0.8660254037844387,-0.4999999999999998,5,0
2012-10-13 09:00:00,0.0,0.0,0.0,0.0,166.0,0.0,166.0,1.0,0.7071067811865476,-0.7071067811865475,5,0
2012-10-13 10:00:00,0.0,0.0,0.0,0.0,8.0,0.0,8.0,1.0,0.49999999999999994,-0.8660254037844387,5,0
2012-10-13 11:00:00,0.0,0.0,0.0,0.0,0.0,0.0,0.0,0.0,0.258819045102521,-0.9659258262890682,5,1
2012-10-13 12:00:00,326.0,322.0,0.0,0.0,82.0,14.0,744.0,4.0,1.2246467991473532e-16,-1.0,5,0
2012-10-13 13:00:00,0.0,0.0,0.0,0.0,0.0,0.0,0.0,0.0,-0.2588190451025208,-0.9659258262890683,5,1
2012-10-13 14:00:00,0.0,0.0,0.0,0.0,44.0,12.0,56.0,2.0,-0.4999999999999997,-0.8660254037844388,5,0
2012-10-13 15:00:00,28.0,2.0,6.0,18.0,80.0,16.0,150.0,6.0,-0.7071067811865471,-0.7071067811865479,5,0
2012-10-13 16:00:00,0.0,0.0,0.0,0.0,2.0,0.0,2.0,1.0,-0.8660254037844385,-0.5000000000000004,5,0
2012-10-13 17:00:00,30.0,2.0,2.0,44.0,72.0,30.0,180.0,6.0,-0.9659258262890683,-0.25881904510252063,5,0
2012-10-13 18:00:00,0.0,135.0,0.0,0.0,46.0,30.0,211.0,3.0,-1.0,-1.8369701987210297e-16,5,0
2012-10-13 19:00:00,0.0,301.0,0.0,0.0,164.0,0.0,465.0,2.0,-0.9659258262890684,0.2588190451025203,5,0
2012-10-13 20:00:00,0.0,0.0,0.0,0.0,232.0,0.0,232.0,1.0,-0.8660254037844386,0.5000000000000001,5,0
2012-10-13 21:00:00,60.0,134.0,4.0,94.0,128.0,2.0,422.0,6.0,-0.7071067811865477,0.7071067811865474,5,0
2012-10-13 22:00:00,0.0,0.0,0.0,0.0,86.0,0.0,86.0,1.0,-0.5000000000000004,0.8660254037844384,5,0
2012-10-13 23:00:00,36.0,56.0,4.0,56.0,68.0,12.0,232.0,6.0,-0.25881904510252157,0.9659258262890681,5,0
2012-10-14 00:00:00,0.0,0.0,0.0,0.0,0.0,0.0,0.0,0.0,0.0,1.0,6,1
2012-10-14 01:00:00,0.0,0.0,0.0,0.0,0.0,0.0,0.0,0.0,0.25881904510252074,0.9659258262890683,6,1
2012-10-14 02:00:00,0.0,4.0,0.0,0.0,0.0,0.0,4.0,1.0,0.49999999999999994,0.8660254037844387,6,0
2012-10-14 03:00:00,0.0,14.0,0.0,0.0,0.0,0.0,14.0,1.0,0.7071067811865476,0.7071067811865476,6,0
2012-10-14 04:00:00,34.0,56.0,0.0,0.0,0.0,0.0,90.0,2.0,0.8660254037844386,0.5000000000000001,6,0
2012-10-14 05:00:00,0.0,2.0,0.0,2.0,0.0,0.0,4.0,2.0,0.9659258262890683,0.25881904510252074,6,0
2012-10-14 06:00:00,0.0,40.0,0.0,0.0,0.0,0.0,40.0,1.0,1.0,6.123233995736766e-17,6,0
2012-10-14 07:00:00,334.0,254.0,6.0,64.0,78.0,24.0,760.0,6.0,0.9659258262890683,-0.25881904510252063,6,0
2012-10-14 08:00:00,0.0,0.0,0.0,0.0,0.0,0.0,0.0,0.0,0.8660254037844387,-0.4999999999999998,6,1
2012-10-14 09:00:00,34.0,2.0,2.0,48.0,36.0,10.0,132.0,6.0,0.7071067811865476,-0.7071067811865475,6,0
2012-10-14 10:00:00,0.0,0.0,0.0,24.0,225.0,0.0,249.0,2.0,0.49999999999999994,-0.8660254037844387,6,0
2012-10-14 11:00:00,0.0,0.0,0.0,0.0,147.0,0.0,147.0,1.0,0.258819045102521,-0.9659258262890682,6,0
2012-10-14 12:00:00,0.0,0.0,0.0,0.0,88.0,0.0,88.0,1.0,1.2246467991473532e-16,-1.0,6,0
2012-10-14 13:00:00,116.0,4.0,2.0,11.0,28.0,4.0,165.0,6.0,-0.2588190451025208,-0.9659258262890683,6,0
2012-10-14 14:00:00,0.0,0.0,2.0,93.0,50.0,0.0,145.0,3.0,-0.4999999999999997,-0.8660254037844388,6,0
2012-10-14 15:00:00,0.0,0.0,0.0,0.0,4.0,0.0,4.0,1.0,-0.7071067811865471,-0.7071067811865479,6,0
2012-10-14 16:00:00,0.0,0.0,0.0,0.0,0.0,0.0,0.0,0.0,-0.8660254037844385,-0.5000000000000004,6,1
2012-10-14 17:00:00,50.0,4.0,0.0,0.0,28.0,10.0,92.0,4.0,-0.9659258262890683,-0.25881904510252063,6,0
2012-10-14 18:00:00,0.0,0.0,0.0,0.0,58.0,16.0,74.0,2.0,-1.0,-1.8369701987210297e-16,6,0
2012-10-14 19:00:00,0.0,0.0,0.0,0.0,0.0,0.0,0.0,0.0,-0.9659258262890684,0.2588190451025203,6,1
2012-10-14 20:00:00,32.0,2.0,10.0,142.0,48.0,2.0,236.0,6.0,-0.8660254037844386,0.5000000000000001,6,0
2012-10-14 21:00:00,0.0,0.0,0.0,0.0,44.0,0.0,44.0,1.0,-0.7071067811865477,0.7071067811865474,6,0
2012-10-14 22:00:00,0.0,2.0,0.0,0.0,132.0,0.0,134.0,2.0,-0.5000000000000004,0.8660254037844384,6,0
2012-10-14 23:00:00,178.0,154.0,4.0,14.0,102.0,10.0,462.0,6.0,-0.25881904510252157,0.9659258262890681,6,0
2012-10-15 00:00:00,0.0,2.0,0.0,0.0,2.0,0.0,4.0,2.0,0.0,1.0,0,0
2012-10-15 01:00:00,0.0,0.0,0.0,0.0,0.0,0.0,0.0,0.0,0.25881904510252074,0.9659258262890683,0,1
2012-10-15 02:00:00,38.0,76.0,0.0,0.0,0.0,0.0,114.0,2.0,0.49999999999999994,0.8660254037844387,0,0
2012-10-15 03:00:00,0.0,0.0,0.0,0.0,0.0,0.0,0.0,0.0,0.7071067811865476,0.7071067811865476,0,1
2012-10-15 04:00:00,0.0,2.0,0.0,0.0,0.0,0.0,2.0,1.0,0.8660254037844386,0.5000000000000001,0,0
2012-10-15 05:00:00,48.0,58.0,4.0,46.0,134.0,18.0,308.0,6.0,0.9659258262890683,0.25881904510252074,0,0
2012-10-15 06:00:00,0.0,0.0,16.0,396.0,146.0,0.0,558.0,3.0,1.0,6.123233995736766e-17,0,0
2012-10-15 07:00:00,50.0,16.0,4.0,20.0,72.0,2.0,164.0,6.0,0.9659258262890683,-0.25881904510252063,0,0
2012-10-15 08:00:00,0.0,0.0,0.0,0.0,0.0,0.0,0.0,0.0,0.8660254037844387,-0.4999999999999998,0,1
2012-10-15 09:00:00,272.0,204.0,2.0,6.0,66.0,0.0,550.0,5.0,0.7071067811865476,-0.7071067811865475,0,0
2012-10-15 10:00:00,26.0,0.0,16.0,124.0,168.0,22.0,356.0,5.0,0.49999999999999994,-0.8660254037844387,0,0
2012-10-15 11:00:00,0.0,0.0,4.0,8.0,130.0,0.0,142.0,3.0,0.258819045102521,-0.9659258262890682,0,0
2012-10-15 12:00:00,44.0,0.0,0.0,0.0,100.0,2.0,146.0,3.0,1.2246467991473532e-16,-1.0,0,0
2012-10-15 13:00:00,16.0,0.0,0.0,0.0,22.0,10.0,48.0,3.0,-0.2588190451025208,-0.9659258262890683,0,0
2012-10-15 14:00:00,0.0,0.0,6.0,90.0,66.0,12.0,174.0,4.0,-0.4999999999999997,-0.8660254037844388,0,0
2012-10-15 15:00:00,0.0,0.0,0.0,0.0,0.0,0.0,0.0,0.0,-0.7071067811865471,-0.7071067811865479,0,1
2012-10-15 16:00:00,0.0,0.0,0.0,0.0,0.0,0.0,0.0,0.0,-0.8660254037844385,-0.5000000000000004,0,1
2012-10-15 17:00:00,68.0,0.0,0.0,0.0,28.0,14.0,110.0,3.0,-0.9659258262890683,-0.25881904510252063,0,0
2012-10-15 18:00:00,0.0,0.0,0.0,0.0,0.0,0.0,0.0,0.0,-1.0,-1.8369701987210297e-16,0,1
2012-10-15 19:00:00,0.0,0.0,2.0,26.0,112.0,18.0,158.0,4.0,-0.9659258262890684,0.2588190451025203,0,0
2012-10-15 20:00:00,0.0,0.0,0.0,0.0,86.0,0.0,86.0,1.0,-0.8660254037844386,0.5000000000000001,0,0
2012-10-15 21:00:00,82.0,172.0,0.0,0.0,154.0,8.0,416.0,4.0,-0.7071067811865477,0.7071067811865474,0,0
2012-10-15 22:00:00,0.0,0.0,0.0,0.0,212.0,0.0,212.0,1.0,-0.5000000000000004,0.8660254037844384,0,0
2012-10-15 23:00:00,74.0,52.0,2.0,68.0,36.0,10.0,242.0,6.0,-0.25881904510252157,0.9659258262890681,0,0
2012-10-16 00:00:00,0.0,12.0,0.0,0.0,0.0,0.0,12.0,1.0,0.0,1.0,1,0
2012-10-16 01:00:00,0.0,18.0,0.0,0.0,0.0,0.0,18.0,1.0,0.25881904510252074,0.9659258262890683,1,0
2012-10-16 02:00:00,0.0,20.0,0.0,0.0,0.0,0.0,20.0,1.0,0.49999999999999994,0.8660254037844387,1,0
2012-10-16 03:00:00,44.0,62.0,0.0,0.0,0.0,0.0,106.0,2.0,0.7071067811865476,0.7071067811865476,1,0
2012-10-16 04:00:00,0.0,6.0,0.0,0.0,0.0,0.0,6.0,1.0,0.8660254037844386,0.5000000000000001,1,0
2012-10-16 05:00:00,0.0,0.0,0.0,2.0,0.0,0.0,2.0,1.0,0.9659258262890683,0.25881904510252074,1,0
2012-10-16 06:00:00,0.0,2.0,0.0,0.0,0.0,0.0,2.0,1.0,1.0,6.123233995736766e-17,1,0
2012-10-16 07:00:00,31.0,34.0,0.0,0.0,0.0,0.0,65.0,2.0,0.9659258262890683,-0.25881904510252063,1,0
2012-10-16 08:00:00,11.0,20.0,4.0,34.0,100.0,14.0,183.0,6.0,0.8660254037844387,-0.4999999999999998,1,0
2012-10-16 09:00:00,42.0,2.0,8.0,222.0,106.0,0.0,380.0,5.0,0.7071067811865476,-0.7071067811865475,1,0
2012-10-16 10:00:00,0.0,0.0,0.0,0.0,0.0,0.0,0.0,0.0,0.49999999999999994,-0.8660254037844387,1,1
2012-10-16 11:00:00,0.0,0.0,0.0,0.0,44.0,0.0,44.0,1.0,0.258819045102521,-0.9659258262890682,1,0
2012-10-16 12:00:00,358.0,254.0,2.0,4.0,68.0,2.0,688.0,6.0,1.2246467991473532e-16,-1.0,1,0
2012-10-16 13:00:00,10.0,4.0,0.0,0.0,34.0,16.0,64.0,4.0,-0.2588190451025208,-0.9659258262890683,1,0
2012-10-16 14:00:00,0.0,0.0,0.0,0.0,0.0,2.0,2.0,1.0,-0.4999999999999997,-0.8660254037844388,1,0
2012-10-16 15:00:00,0.0,0.0,4.0,30.0,58.0,18.0,110.0,4.0,-0.7071067811865471,-0.7071067811865479,1,0
2012-10-16 16:00:00,48.0,90.0,2.0,10.0,42.0,8.0,200.0,6.0,-0.8660254037844385,-0.5000000000000004,1,0
2012-10-16 17:00:00,0.0,0.0,0.0,0.0,50.0,0.0,50.0,1.0,-0.9659258262890683,-0.25881904510252063,1,0
2012-10-16 18:00:00,0.0,0.0,10.0,202.0,86.0,0.0,298.0,3.0,-1.0,-1.8369701987210297e-16,1,0
2012-10-16 19:00:00,64.0,4.0,10.0,82.0,172.0,2.0,334.0,6.0,-0.9659258262890684,0.2588190451025203,1,0
2012-10-16 20:00:00,0.0,0.0,0.0,0.0,60.0,0.0,60.0,1.0,-0.8660254037844386,0.5000000000000001,1,0
2012-10-16 21:00:00,0.0,0.0,0.0,0.0,0.0,0.0,0.0,0.0,-0.7071067811865477,0.7071067811865474,1,1
2012-10-16 22:00:00,0.0,0.0,0.0,2.0,82.0,0.0,84.0,2.0,-0.5000000000000004,0.8660254037844384,1,0
2012-10-16 23:00:00,132.0,144.0,0.0,0.0,120.0,8.0,404.0,4.0,-0.25881904510252157,0.9659258262890681,1,0
2012-10-17 00:00:00,0.0,2.0,0.0,0.0,0.0,0.0,2.0,1.0,0.0,1.0,2,0
2012-10-17 01:00:00,0.0,0.0,0.0,0.0,0.0,0.0,0.0,0.0,0.25881904510252074,0.9659258262890683,2,1
2012-10-17 02:00:00,0.0,0.0,0.0,0.0,0.0,0.0,0.0,0.0,0.49999999999999994,0.8660254037844387,2,1
2012-10-17 03:00:00,44.0,72.0,0.0,0.0,0.0,0.0,116.0,2.0,0.7071067811865476,0.7071067811865476,2,0
2012-10-17 04:00:00,0.0,2.0,0.0,2.0,0.0,0.0,4.0,2.0,0.8660254037844386,0.5000000000000001,2,0
2012-10-17 05:00:00,0.0,12.0,0.0,0.0,0.0,0.0,12.0,1.0,0.9659258262890683,0.25881904510252074,2,0
2012-10-17 06:00:00,26.0,62.0,4.0,36.0,118.0,14.0,260.0,6.0,1.0,6.123233995736766e-17,2,0
2012-10-17 07:00:00,214.0,184.0,0.0,0.0,100.0,10.0,508.0,4.0,0.9659258262890683,-0.25881904510252063,2,0
2012-10-17 08:00:00,0.0,0.0,0.0,0.0,0.0,0.0,0.0,0.0,0.8660254037844387,-0.4999999999999998,2,1
2012-10-17 09:00:00,0.0,0.0,0.0,0.0,0.0,0.0,0.0,0.0,0.7071067811865476,-0.7071067811865475,2,1
2012-10-17 10:00:00,0.0,0.0,0.0,0.0,2.0,2.0,4.0,2.0,0.49999999999999994,-0.8660254037844387,2,0
2012-10-17 11:00:00,0.0,0.0,0.0,0.0,0.0,0.0,0.0,0.0,0.258819045102521,-0.9659258262890682,2,1
2012-10-17 12:00:00,0.0,0.0,8.0,42.0,88.0,8.0,146.0,4.0,1.2246467991473532e-16,-1.0,2,0
2012-10-17 13:00:00,42.0,0.0,4.0,22.0,172.0,20.0,260.0,5.0,-0.2588190451025208,-0.9659258262890683,2,0
2012-10-17 14:00:00,56.0,0.0,20.0,85.0,172.0,20.0,353.0,5.0,-0.4999999999999997,-0.8660254037844388,2,0
2012-10-17 15:00:00,0.0,0.0,20.0,133.0,158.0,0.0,311.0,3.0,-0.7071067811865471,-0.7071067811865479,2,0
2012-10-17 16:00:00,0.0,18.0,18.0,36.0,202.0,16.0,290.0,5.0,-0.8660254037844385,-0.5000000000000004,2,0
2012-10-17 17:00:00,8.0,0.0,180.0,230.0,372.0,30.0,820.0,5.0,-0.9659258262890683,-0.25881904510252063,2,0
2012-10-17 18:00:00,0.0,80.0,0.0,0.0,178.0,6.0,264.0,3.0,-1.0,-1.8369701987210297e-16,2,0
2012-10-17 19:00:00,94.0,50.0,2.0,34.0,46.0,0.0,226.0,5.0,-0.9659258262890684,0.2588190451025203,2,0
2012-10-17 20:00:00,0.0,0.0,6.0,106.0,34.0,0.0,146.0,3.0,-0.8660254037844386,0.5000000000000001,2,0
2012-10-17 21:00:00,0.0,2.0,0.0,0.0,76.0,0.0,78.0,2.0,-0.7071067811865477,0.7071067811865474,2,0
2012-10-17 22:00:00,186.0,52.0,14.0,58.0,76.0,2.0,388.0,6.0,-0.5000000000000004,0.8660254037844384,2,0
2012-10-17 23:00:00,0.0,0.0,0.0,0.0,0.0,0.0,0.0,0.0,-0.25881904510252157,0.9659258262890681,2,1
2012-10-18 00:00:00,0.0,18.0,0.0,0.0,0.0,0.0,18.0,1.0,0.0,1.0,3,0
2012-10-18 01:00:00,0.0,0.0,0.0,0.0,0.0,0.0,0.0,0.0,0.25881904510252074,0.9659258262890683,3,1
2012-10-18 02:00:00,0.0,12.0,0.0,2.0,0.0,0.0,14.0,2.0,0.49999999999999994,0.8660254037844387,3,0
2012-10-18 03:00:00,0.0,6.0,0.0,0.0,0.0,0.0,6.0,1.0,0.7071067811865476,0.7071067811865476,3,0
2012-10-18 04:00:00,0.0,2.0,0.0,0.0,0.0,0.0,2.0,1.0,0.8660254037844386,0.5000000000000001,3,0
2012-10-18 05:00:00,46.0,90.0,4.0,62.0,104.0,14.0,320.0,6.0,0.9659258262890683,0.25881904510252074,3,0
2012-10-18 06:00:00,0.0,0.0,6.0,206.0,74.0,0.0,286.0,3.0,1.0,6.123233995736766e-17,3,0
2012-10-18 07:00:00,0.0,0.0,0.0,0.0,146.0,0.0,146.0,1.0,0.9659258262890683,-0.25881904510252063,3,0
2012-10-18 08:00:00,334.0,128.0,42.0,136.0,98.0,12.0,750.0,6.0,0.8660254037844387,-0.4999999999999998,3,0
2012-10-18 09:00:00,38.0,12.0,4.0,60.0,54.0,10.0,178.0,6.0,0.7071067811865476,-0.7071067811865475,3,0
2012-10-18 10:00:00,0.0,2.0,0.0,0.0,68.0,0.0,70.0,2.0,0.49999999999999994,-0.8660254037844387,3,0
2012-10-18 11:00:00,0.0,2.0,0.0,0.0,14.0,6.0,22.0,3.0,0.258819045102521,-0.9659258262890682,3,0
2012-10-18 12:00:00,42.0,14.0,22.0,24.0,76.0,14.0,192.0,6.0,1.2246467991473532e-16,-1.0,3,0
2012-10-18 13:00:00,0.0,0.0,0.0,0.0,20.0,0.0,20.0,1.0,-0.2588190451025208,-0.9659258262890683,3,0
2012-10-18 14:00:00,24.0,112.0,4.0,26.0,236.0,50.0,452.0,6.0,-0.4999999999999997,-0.8660254037844388,3,0
2012-10-18 15:00:00,0.0,0.0,0.0,0.0,0.0,0.0,0.0,0.0,-0.7071067811865471,-0.7071067811865479,3,1
2012-10-18 16:00:00,0.0,0.0,0.0,0.0,0.0,0.0,0.0,0.0,-0.8660254037844385,-0.5000000000000004,3,1
2012-10-18 17:00:00,0.0,0.0,0.0,0.0,0.0,0.0,0.0,0.0,-0.9659258262890683,-0.25881904510252063,3,1
2012-10-18 18:00:00,40.0,4.0,0.0,0.0,78.0,10.0,132.0,4.0,-1.0,-1.8369701987210297e-16,3,0
2012-10-18 19:00:00,0.0,0.0,0.0,0.0,2.0,0.0,2.0,1.0,-0.9659258262890684,0.2588190451025203,3,0
2012-10-18 20:00:00,38.0,138.0,2.0,34.0,40.0,2.0,254.0,6.0,-0.8660254037844386,0.5000000000000001,3,0
2012-10-18 21:00:00,0.0,0.0,10.0,46.0,144.0,0.0,200.0,3.0,-0.7071067811865477,0.7071067811865474,3,0
2012-10-18 22:00:00,0.0,0.0,0.0,10.0,48.0,0.0,58.0,2.0,-0.5000000000000004,0.8660254037844384,3,0
2012-10-18 23:00:00,36.0,60.0,0.0,0.0,48.0,8.0,152.0,4.0,-0.25881904510252157,0.9659258262890681,3,0
2012-10-19 00:00:00,0.0,2.0,0.0,2.0,0.0,0.0,4.0,2.0,0.0,1.0,4,0
2012-10-19 01:00:00,0.0,6.0,0.0,0.0,0.0,0.0,6.0,1.0,0.25881904510252074,0.9659258262890683,4,0
2012-10-19 02:00:00,34.0,54.0,0.0,0.0,0.0,0.0,88.0,2.0,0.49999999999999994,0.8660254037844387,4,0
2012-10-19 03:00:00,2.0,0.0,0.0,0.0,0.0,0.0,2.0,1.0,0.7071067811865476,0.7071067811865476,4,0
2012-10-19 04:00:00,0.0,18.0,0.0,0.0,0.0,0.0,18.0,1.0,0.8660254037844386,0.5000000000000001,4,0
2012-10-19 05:00:00,0.0,4.0,0.0,0.0,0.0,0.0,4.0,1.0,0.9659258262890683,0.25881904510252074,4,0
2012-10-19 06:00:00,0.0,6.0,0.0,0.0,0.0,0.0,6.0,1.0,1.0,6.123233995736766e-17,4,0
2012-10-19 07:00:00,0.0,6.0,0.0,0.0,0.0,0.0,6.0,1.0,0.9659258262890683,-0.25881904510252063,4,0
2012-10-19 08:00:00,50.0,66.0,4.0,48.0,80.0,12.0,260.0,6.0,0.8660254037844387,-0.4999999999999998,4,0
2012-10-19 09:00:00,0.0,0.0,2.0,194.0,108.0,0.0,304.0,3.0,0.7071067811865476,-0.7071067811865475,4,0
2012-10-19 10:00:00,254.0,132.0,0.0,12.0,129.0,4.0,531.0,5.0,0.49999999999999994,-0.8660254037844387,4,0
2012-10-19 11:00:00,0.0,0.0,0.0,0.0,1.0,0.0,1.0,1.0,0.258819045102521,-0.9659258262890682,4,0
2012-10-19 12:00:00,26.0,0.0,0.0,0.0,40.0,10.0,76.0,3.0,1.2246467991473532e-16,-1.0,4,0
2012-10-19 13:00:00,0.0,0.0,0.0,0.0,0.0,0.0,0.0,0.0,-0.2588190451025208,-0.9659258262890683,4,1
2012-10-19 14:00:00,0.0,0.0,2.0,38.0,40.0,8.0,88.0,4.0,-0.4999999999999997,-0.8660254037844388,4,0
2012-10-19 15:00:00,0.0,0.0,0.0,0.0,14.0,0.0,14.0,1.0,-0.7071067811865471,-0.7071067811865479,4,0
2012-10-19 16:00:00,40.0,0.0,2.0,64.0,100.0,2.0,208.0,5.0,-0.8660254037844385,-0.5000000000000004,4,0
2012-10-19 17:00:00,10.0,0.0,2.0,0.0,232.0,60.0,304.0,4.0,-0.9659258262890683,-0.25881904510252063,4,0
2012-10-19 18:00:00,0.0,0.0,0.0,0.0,0.0,0.0,0.0,0.0,-1.0,-1.8369701987210297e-16,4,1
2012-10-19 19:00:00,0.0,0.0,4.0,130.0,76.0,14.0,224.0,4.0,-0.9659258262890684,0.2588190451025203,4,0
2012-10-19 20:00:00,0.0,0.0,0.0,0.0,0.0,0.0,0.0,0.0,-0.8660254037844386,0.5000000000000001,4,1
2012-10-19 21:00:00,0.0,0.0,0.0,0.0,2.0,0.0,2.0,1.0,-0.7071067811865477,0.7071067811865474,4,0
2012-10-19 22:00:00,0.0,0.0,0.0,0.0,0.0,0.0,0.0,0.0,-0.5000000000000004,0.8660254037844384,4,1
2012-10-19 23:00:00,0.0,0.0,0.0,0.0,4.0,0.0,4.0,1.0,-0.25881904510252157,0.9659258262890681,4,0
2012-10-20 00:00:00,0.0,0.0,0.0,0.0,0.0,0.0,0.0,0.0,0.0,1.0,5,1
2012-10-20 01:00:00,36.0,104.0,0.0,0.0,54.0,8.0,202.0,4.0,0.25881904510252074,0.9659258262890683,5,0
2012-10-20 02:00:00,0.0,0.0,0.0,0.0,0.0,0.0,0.0,0.0,0.49999999999999994,0.8660254037844387,5,1
2012-10-20 03:00:00,0.0,0.0,0.0,0.0,0.0,0.0,0.0,0.0,0.7071067811865476,0.7071067811865476,5,1
2012-10-20 04:00:00,0.0,0.0,0.0,0.0,0.0,0.0,0.0,0.0,0.8660254037844386,0.5000000000000001,5,1
2012-10-20 05:00:00,0.0,2.0,0.0,0.0,0.0,0.0,2.0,1.0,0.9659258262890683,0.25881904510252074,5,0
2012-10-20 06:00:00,0.0,4.0,0.0,0.0,0.0,0.0,4.0,1.0,1.0,6.123233995736766e-17,5,0
2012-10-20 07:00:00,54.0,48.0,4.0,44.0,74.0,14.0,238.0,6.0,0.9659258262890683,-0.25881904510252063,5,0
2012-10-20 08:00:00,0.0,0.0,8.0,226.0,152.0,0.0,386.0,3.0,0.8660254037844387,-0.4999999999999998,5,0
2012-10-20 09:00:00,0.0,0.0,6.0,284.0,88.0,0.0,378.0,3.0,0.7071067811865476,-0.7071067811865475,5,0
2012-10-20 10:00:00,0.0,0.0,2.0,62.0,186.0,0.0,250.0,3.0,0.49999999999999994,-0.8660254037844387,5,0
2012-10-20 11:00:00,306.0,226.0,0.0,8.0,108.0,4.0,652.0,5.0,0.258819045102521,-0.9659258262890682,5,0
2012-10-20 12:00:00,0.0,0.0,12.0,0.0,100.0,26.0,138.0,3.0,1.2246467991473532e-16,-1.0,5,0
2012-10-20 13:00:00,26.0,0.0,0.0,0.0,42.0,8.0,76.0,3.0,-0.2588190451025208,-0.9659258262890683,5,0
2012-10-20 14:00:00,0.0,0.0,0.0,0.0,18.0,0.0,18.0,1.0,-0.4999999999999997,-0.8660254037844388,5,0
2012-10-20 15:00:00,14.0,0.0,0.0,0.0,22.0,0.0,36.0,2.0,-0.7071067811865471,-0.7071067811865479,5,0
2012-10-20 16:00:00,30.0,0.0,2.0,26.0,56.0,0.0,114.0,4.0,-0.8660254037844385,-0.5000000000000004,5,0
2012-10-20 17:00:00,68.0,0.0,14.0,0.0,130.0,22.0,234.0,4.0,-0.9659258262890683,-0.25881904510252063,5,0
2012-10-20 18:00:00,0.0,36.0,16.0,22.0,54.0,46.0,174.0,5.0,-1.0,-1.8369701987210297e-16,5,0
2012-10-20 19:00:00,0.0,0.0,2.0,2.0,86.0,12.0,102.0,4.0,-0.9659258262890684,0.2588190451025203,5,0
2012-10-20 20:00:00,16.0,0.0,0.0,0.0,22.0,20.0,58.0,3.0,-0.8660254037844386,0.5000000000000001,5,0
2012-10-20 21:00:00,14.0,0.0,0.0,0.0,40.0,2.0,56.0,3.0,-0.7071067811865477,0.7071067811865474,5,0
2012-10-20 22:00:00,0.0,0.0,0.0,0.0,0.0,0.0,0.0,0.0,-0.5000000000000004,0.8660254037844384,5,1
2012-10-20 23:00:00,44.0,430.0,0.0,0.0,84.0,46.0,604.0,4.0,-0.25881904510252157,0.9659258262890681,5,0
2012-10-21 00:00:00,0.0,2.0,0.0,0.0,0.0,0.0,2.0,1.0,0.0,1.0,6,0
2012-10-21 01:00:00,0.0,0.0,0.0,0.0,0.0,0.0,0.0,0.0,0.25881904510252074,0.9659258262890683,6,1
2012-10-21 02:00:00,28.0,80.0,0.0,0.0,0.0,0.0,108.0,2.0,0.49999999999999994,0.8660254037844387,6,0
2012-10-21 03:00:00,0.0,4.0,0.0,0.0,0.0,0.0,4.0,1.0,0.7071067811865476,0.7071067811865476,6,0
2012-10-21 04:00:00,0.0,4.0,0.0,0.0,0.0,0.0,4.0,1.0,0.8660254037844386,0.5000000000000001,6,0
2012-10-21 05:00:00,0.0,4.0,0.0,0.0,0.0,0.0,4.0,1.0,0.9659258262890683,0.25881904510252074,6,0
2012-10-21 06:00:00,38.0,56.0,2.0,54.0,80.0,14.0,244.0,6.0,1.0,6.123233995736766e-17,6,0
2012-10-21 07:00:00,46.0,8.0,6.0,80.0,172.0,4.0,316.0,6.0,0.9659258262890683,-0.25881904510252063,6,0
2012-10-21 08:00:00,80.0,140.0,14.0,258.0,132.0,2.0,626.0,6.0,0.8660254037844387,-0.4999999999999998,6,0
2012-10-21 09:00:00,0.0,0.0,0.0,0.0,0.0,0.0,0.0,0.0,0.7071067811865476,-0.7071067811865475,6,1
2012-10-21 10:00:00,16.0,4.0,0.0,0.0,22.0,2.0,44.0,4.0,0.49999999999999994,-0.8660254037844387,6,0
2012-10-21 11:00:00,310.0,172.0,0.0,0.0,32.0,24.0,538.0,4.0,0.258819045102521,-0.9659258262890682,6,0
2012-10-21 12:00:00,0.0,0.0,4.0,14.0,100.0,24.0,142.0,4.0,1.2246467991473532e-16,-1.0,6,0
2012-10-21 13:00:00,0.0,0.0,2.0,40.0,110.0,16.0,168.0,4.0,-0.2588190451025208,-0.9659258262890683,6,0
2012-10-21 14:00:00,44.0,382.0,4.0,48.0,126.0,38.0,642.0,6.0,-0.4999999999999997,-0.8660254037844388,6,0
2012-10-21 15:00:00,0.0,186.0,0.0,0.0,92.0,24.0,302.0,3.0,-0.7071067811865471,-0.7071067811865479,6,0
2012-10-21 16:00:00,0.0,0.0,0.0,0.0,0.0,0.0,0.0,0.0,-0.8660254037844385,-0.5000000000000004,6,1
2012-10-21 17:00:00,42.0,2.0,4.0,28.0,58.0,6.0,140.0,6.0,-0.9659258262890683,-0.25881904510252063,6,0
2012-10-21 18:00:00,30.0,2.0,28.0,234.0,120.0,4.0,418.0,6.0,-1.0,-1.8369701987210297e-16,6,0
2012-10-21 19:00:00,0.0,0.0,26.0,4.0,38.0,0.0,68.0,3.0,-0.9659258262890684,0.2588190451025203,6,0
2012-10-21 20:00:00,44.0,54.0,0.0,0.0,68.0,2.0,168.0,4.0,-0.8660254037844386,0.5000000000000001,6,0
2012-10-21 21:00:00,0.0,98.0,0.0,0.0,38.0,2.0,138.0,3.0,-0.7071067811865477,0.7071067811865474,6,0
2012-10-21 22:00:00,22.0,42.0,0.0,2.0,42.0,8.0,116.0,5.0,-0.5000000000000004,0.8660254037844384,6,0
2012-10-21 23:00:00,0.0,0.0,0.0,0.0,0.0,0.0,0.0,0.0,-0.25881904510252157,0.9659258262890681,6,1
2012-10-22 00:00:00,0.0,2.0,0.0,0.0,0.0,0.0,2.0,1.0,0.0,1.0,0,0
2012-10-22 01:00:00,28.0,56.0,0.0,0.0,0.0,0.0,84.0,2.0,0.25881904510252074,0.9659258262890683,0,0
2012-10-22 02:00:00,0.0,22.0,0.0,0.0,0.0,0.0,22.0,1.0,0.49999999999999994,0.8660254037844387,0,0
2012-10-22 03:00:00,38.0,94.0,0.0,2.0,114.0,20.0,268.0,5.0,0.7071067811865476,0.7071067811865476,0,0
2012-10-22 04:00:00,42.0,44.0,8.0,48.0,136.0,2.0,280.0,6.0,0.8660254037844386,0.5000000000000001,0,0
2012-10-22 05:00:00,0.0,0.0,0.0,0.0,0.0,0.0,0.0,0.0,0.9659258262890683,0.25881904510252074,0,1
2012-10-22 06:00:00,0.0,8.0,0.0,0.0,0.0,0.0,8.0,1.0,1.0,6.123233995736766e-17,0,0
2012-10-22 07:00:00,0.0,10.0,0.0,0.0,0.0,0.0,10.0,1.0,0.9659258262890683,-0.25881904510252063,0,0
2012-10-22 08:00:00,52.0,46.0,2.0,2.0,98.0,2.0,202.0,6.0,0.8660254037844387,-0.4999999999999998,0,0
2012-10-22 09:00:00,246.0,272.0,6.0,80.0,90.0,0.0,694.0,5.0,0.7071067811865476,-0.7071067811865475,0,0
2012-10-22 10:00:00,10.0,4.0,0.0,0.0,78.0,24.0,116.0,4.0,0.49999999999999994,-0.8660254037844387,0,0
2012-10-22 11:00:00,46.0,0.0,6.0,70.0,50.0,4.0,176.0,5.0,0.258819045102521,-0.9659258262890682,0,0
2012-10-22 12:00:00,0.0,0.0,0.0,0.0,54.0,6.0,60.0,2.0,1.2246467991473532e-16,-1.0,0,0
2012-10-22 13:00:00,0.0,0.0,0.0,0.0,0.0,0.0,0.0,0.0,-0.2588190451025208,-0.9659258262890683,0,1
2012-10-22 14:00:00,0.0,0.0,0.0,2.0,0.0,0.0,2.0,1.0,-0.4999999999999997,-0.8660254037844388,0,0
2012-10-22 15:00:00,108.0,6.0,8.0,60.0,136.0,14.0,332.0,6.0,-0.7071067811865471,-0.7071067811865479,0,0
2012-10-22 16:00:00,0.0,0.0,0.0,0.0,58.0,0.0,58.0,1.0,-0.8660254037844385,-0.5000000000000004,0,0
2012-10-22 17:00:00,72.0,4.0,4.0,44.0,148.0,20.0,292.0,6.0,-0.9659258262890683,-0.25881904510252063,0,0
2012-10-22 18:00:00,0.0,0.0,0.0,0.0,98.0,0.0,98.0,1.0,-1.0,-1.8369701987210297e-16,0,0
2012-10-22 19:00:00,34.0,4.0,12.0,86.0,110.0,2.0,248.0,6.0,-0.9659258262890684,0.2588190451025203,0,0
2012-10-22 20:00:00,38.0,4.0,0.0,0.0,164.0,4.0,210.0,4.0,-0.8660254037844386,0.5000000000000001,0,0
2012-10-22 21:00:00,54.0,176.0,2.0,0.0,78.0,8.0,318.0,5.0,-0.7071067811865477,0.7071067811865474,0,0
2012-10-22 22:00:00,30.0,60.0,0.0,0.0,72.0,2.0,164.0,4.0,-0.5000000000000004,0.8660254037844384,0,0
2012-10-22 23:00:00,0.0,0.0,0.0,0.0,0.0,0.0,0.0,0.0,-0.25881904510252157,0.9659258262890681,0,1
2012-10-23 00:00:00,0.0,0.0,0.0,0.0,0.0,0.0,0.0,0.0,0.0,1.0,1,1
2012-10-23 01:00:00,0.0,16.0,0.0,0.0,0.0,0.0,16.0,1.0,0.25881904510252074,0.9659258262890683,1,0
2012-10-23 02:00:00,30.0,60.0,0.0,0.0,0.0,0.0,90.0,2.0,0.49999999999999994,0.8660254037844387,1,0
2012-10-23 03:00:00,0.0,0.0,0.0,0.0,0.0,0.0,0.0,0.0,0.7071067811865476,0.7071067811865476,1,1
2012-10-23 04:00:00,0.0,0.0,0.0,0.0,0.0,0.0,0.0,0.0,0.8660254037844386,0.5000000000000001,1,1
2012-10-23 05:00:00,0.0,2.0,0.0,0.0,0.0,0.0,2.0,1.0,0.9659258262890683,0.25881904510252074,1,0
2012-10-23 06:00:00,0.0,8.0,0.0,0.0,0.0,0.0,8.0,1.0,1.0,6.123233995736766e-17,1,0
2012-10-23 07:00:00,0.0,4.0,0.0,0.0,0.0,0.0,4.0,1.0,0.9659258262890683,-0.25881904510252063,1,0
2012-10-23 08:00:00,0.0,6.0,0.0,0.0,0.0,0.0,6.0,1.0,0.8660254037844387,-0.4999999999999998,1,0
2012-10-23 09:00:00,58.0,92.0,2.0,46.0,66.0,16.0,280.0,6.0,0.7071067811865476,-0.7071067811865475,1,0
2012-10-23 10:00:00,42.0,0.0,6.0,174.0,82.0,0.0,304.0,4.0,0.49999999999999994,-0.8660254037844387,1,0
2012-10-23 11:00:00,0.0,0.0,10.0,56.0,128.0,0.0,194.0,3.0,0.258819045102521,-0.9659258262890682,1,0
2012-10-23 12:00:00,38.0,154.0,0.0,80.0,136.0,0.0,408.0,4.0,1.2246467991473532e-16,-1.0,1,0
2012-10-23 13:00:00,246.0,62.0,0.0,0.0,24.0,2.0,334.0,4.0,-0.2588190451025208,-0.9659258262890683,1,0
2012-10-23 14:00:00,0.0,24.0,0.0,2.0,100.0,8.0,134.0,4.0,-0.4999999999999997,-0.8660254037844388,1,0
2012-10-23 15:00:00,0.0,0.0,2.0,94.0,32.0,10.0,138.0,4.0,-0.7071067811865471,-0.7071067811865479,1,0
2012-10-23 16:00:00,0.0,0.0,0.0,0.0,41.0,0.0,41.0,1.0,-0.8660254037844385,-0.5000000000000004,1,0
2012-10-23 17:00:00,50.0,2.0,0.0,0.0,99.0,14.0,165.0,4.0,-0.9659258262890683,-0.25881904510252063,1,0
2012-10-23 18:00:00,0.0,0.0,0.0,0.0,0.0,0.0,0.0,0.0,-1.0,-1.8369701987210297e-16,1,1
2012-10-23 19:00:00,0.0,0.0,0.0,0.0,24.0,12.0,36.0,2.0,-0.9659258262890684,0.2588190451025203,1,0
2012-10-23 20:00:00,0.0,0.0,6.0,98.0,152.0,0.0,256.0,3.0,-0.8660254037844386,0.5000000000000001,1,0
2012-10-23 21:00:00,0.0,0.0,0.0,0.0,30.0,0.0,30.0,1.0,-0.7071067811865477,0.7071067811865474,1,0
2012-10-23 22:00:00,0.0,42.0,0.0,0.0,60.0,2.0,104.0,3.0,-0.5000000000000004,0.8660254037844384,1,0
2012-10-23 23:00:00,112.0,146.0,0.0,2.0,24.0,12.0,296.0,5.0,-0.25881904510252157,0.9659258262890681,1,0
2012-10-24 00:00:00,0.0,0.0,0.0,0.0,0.0,0.0,0.0,0.0,0.0,1.0,2,1
2012-10-24 01:00:00,0.0,0.0,0.0,0.0,0.0,0.0,0.0,0.0,0.25881904510252074,0.9659258262890683,2,1
2012-10-24 02:00:00,0.0,2.0,0.0,0.0,0.0,0.0,2.0,1.0,0.49999999999999994,0.8660254037844387,2,0
2012-10-24 03:00:00,0.0,18.0,0.0,0.0,0.0,0.0,18.0,1.0,0.7071067811865476,0.7071067811865476,2,0
2012-10-24 04:00:00,0.0,2.0,0.0,0.0,0.0,0.0,2.0,1.0,0.8660254037844386,0.5000000000000001,2,0
2012-10-24 05:00:00,0.0,0.0,0.0,0.0,0.0,0.0,0.0,0.0,0.9659258262890683,0.25881904510252074,2,1
2012-10-24 06:00:00,0.0,14.0,0.0,0.0,0.0,0.0,14.0,1.0,1.0,6.123233995736766e-17,2,0
2012-10-24 07:00:00,0.0,2.0,0.0,0.0,0.0,0.0,2.0,1.0,0.9659258262890683,-0.25881904510252063,2,0
2012-10-24 08:00:00,66.0,66.0,2.0,50.0,48.0,18.0,250.0,6.0,0.8660254037844387,-0.4999999999999998,2,0
2012-10-24 09:00:00,52.0,0.0,8.0,196.0,74.0,2.0,332.0,5.0,0.7071067811865476,-0.7071067811865475,2,0
2012-10-24 10:00:00,0.0,0.0,0.0,0.0,78.0,2.0,80.0,2.0,0.49999999999999994,-0.8660254037844387,2,0
2012-10-24 11:00:00,308.0,302.0,2.0,28.0,52.0,8.0,700.0,6.0,0.258819045102521,-0.9659258262890682,2,0
2012-10-24 12:00:00,0.0,18.0,2.0,0.0,202.0,0.0,222.0,3.0,1.2246467991473532e-16,-1.0,2,0
2012-10-24 13:00:00,42.0,2.0,60.0,540.0,260.0,78.0,982.0,6.0,-0.2588190451025208,-0.9659258262890683,2,0
2012-10-24 14:00:00,16.0,6.0,4.0,18.0,186.0,18.0,248.0,6.0,-0.4999999999999997,-0.8660254037844388,2,0
2012-10-24 15:00:00,0.0,0.0,0.0,0.0,0.0,0.0,0.0,0.0,-0.7071067811865471,-0.7071067811865479,2,1
2012-10-24 16:00:00,0.0,0.0,26.0,298.0,264.0,24.0,612.0,4.0,-0.8660254037844385,-0.5000000000000004,2,0
2012-10-24 17:00:00,0.0,0.0,2.0,8.0,18.0,8.0,36.0,4.0,-0.9659258262890683,-0.25881904510252063,2,0
2012-10-24 18:00:00,0.0,0.0,0.0,0.0,100.0,6.0,106.0,2.0,-1.0,-1.8369701987210297e-16,2,0
2012-10-24 19:00:00,0.0,18.0,0.0,2.0,34.0,8.0,62.0,4.0,-0.9659258262890684,0.2588190451025203,2,0
2012-10-24 20:00:00,0.0,0.0,14.0,50.0,74.0,10.0,148.0,4.0,-0.8660254037844386,0.5000000000000001,2,0
2012-10-24 21:00:00,50.0,168.0,26.0,56.0,124.0,2.0,426.0,6.0,-0.7071067811865477,0.7071067811865474,2,0
2012-10-24 22:00:00,0.0,0.0,64.0,58.0,120.0,0.0,242.0,3.0,-0.5000000000000004,0.8660254037844384,2,0
2012-10-24 23:00:00,126.0,62.0,0.0,0.0,148.0,4.0,340.0,4.0,-0.25881904510252157,0.9659258262890681,2,0
2012-10-25 00:00:00,0.0,54.0,0.0,0.0,0.0,0.0,54.0,1.0,0.0,1.0,3,0
2012-10-25 01:00:00,0.0,0.0,0.0,0.0,0.0,0.0,0.0,0.0,0.25881904510252074,0.9659258262890683,3,1
2012-10-25 02:00:00,0.0,0.0,0.0,4.0,0.0,0.0,4.0,1.0,0.49999999999999994,0.8660254037844387,3,0
2012-10-25 03:00:00,0.0,0.0,0.0,0.0,0.0,0.0,0.0,0.0,0.7071067811865476,0.7071067811865476,3,1
2012-10-25 04:00:00,0.0,0.0,0.0,2.0,0.0,0.0,2.0,1.0,0.8660254037844386,0.5000000000000001,3,0
2012-10-25 05:00:00,0.0,0.0,0.0,0.0,0.0,0.0,0.0,0.0,0.9659258262890683,0.25881904510252074,3,1
2012-10-25 06:00:00,0.0,0.0,2.0,0.0,0.0,0.0,2.0,1.0,1.0,6.123233995736766e-17,3,0
2012-10-25 07:00:00,0.0,0.0,0.0,0.0,0.0,0.0,0.0,0.0,0.9659258262890683,-0.25881904510252063,3,1
2012-10-25 08:00:00,52.0,70.0,4.0,58.0,42.0,20.0,246.0,6.0,0.8660254037844387,-0.4999999999999998,3,0
2012-10-25 09:00:00,0.0,0.0,10.0,176.0,88.0,0.0,274.0,3.0,0.7071067811865476,-0.7071067811865475,3,0
2012-10-25 10:00:00,0.0,0.0,2.0,46.0,168.0,0.0,216.0,3.0,0.49999999999999994,-0.8660254037844387,3,0
2012-10-25 11:00:00,0.0,0.0,0.0,2.0,238.0,0.0,240.0,2.0,0.258819045102521,-0.9659258262890682,3,0
2012-10-25 12:00:00,26.0,124.0,6.0,14.0,254.0,10.0,434.0,6.0,1.2246467991473532e-16,-1.0,3,0
2012-10-25 13:00:00,342.0,98.0,10.0,108.0,86.0,16.0,660.0,6.0,-0.2588190451025208,-0.9659258262890683,3,0
2012-10-25 14:00:00,0.0,0.0,4.0,100.0,54.0,8.0,166.0,4.0,-0.4999999999999997,-0.8660254037844388,3,0
2012-10-25 15:00:00,0.0,2.0,0.0,0.0,10.0,0.0,12.0,2.0,-0.7071067811865471,-0.7071067811865479,3,0
2012-10-25 16:00:00,44.0,2.0,0.0,0.0,16.0,2.0,64.0,4.0,-0.8660254037844385,-0.5000000000000004,3,0
2012-10-25 17:00:00,82.0,46.0,0.0,0.0,50.0,6.0,184.0,4.0,-0.9659258262890683,-0.25881904510252063,3,0
2012-10-25 18:00:00,0.0,0.0,0.0,0.0,0.0,0.0,0.0,0.0,-1.0,-1.8369701987210297e-16,3,1
2012-10-25 19:00:00,0.0,0.0,0.0,0.0,40.0,14.0,54.0,2.0,-0.9659258262890684,0.2588190451025203,3,0
2012-10-25 20:00:00,0.0,0.0,0.0,0.0,2.0,0.0,2.0,1.0,-0.8660254037844386,0.5000000000000001,3,0
2012-10-25 21:00:00,52.0,8.0,2.0,0.0,56.0,4.0,122.0,5.0,-0.7071067811865477,0.7071067811865474,3,0
2012-10-25 22:00:00,0.0,0.0,2.0,48.0,46.0,0.0,96.0,3.0,-0.5000000000000004,0.8660254037844384,3,0
2012-10-25 23:00:00,110.0,136.0,0.0,0.0,78.0,6.0,330.0,4.0,-0.25881904510252157,0.9659258262890681,3,0
2012-10-26 00:00:00,2.0,66.0,0.0,0.0,0.0,0.0,68.0,2.0,0.0,1.0,4,0
2012-10-26 01:00:00,0.0,0.0,0.0,0.0,0.0,0.0,0.0,0.0,0.25881904510252074,0.9659258262890683,4,1
2012-10-26 02:00:00,0.0,8.0,0.0,0.0,0.0,0.0,8.0,1.0,0.49999999999999994,0.8660254037844387,4,0
2012-10-26 03:00:00,0.0,4.0,0.0,0.0,0.0,0.0,4.0,1.0,0.7071067811865476,0.7071067811865476,4,0
2012-10-26 04:00:00,0.0,2.0,0.0,0.0,0.0,0.0,2.0,1.0,0.8660254037844386,0.5000000000000001,4,0
2012-10-26 05:00:00,26.0,72.0,0.0,2.0,0.0,0.0,100.0,3.0,0.9659258262890683,0.25881904510252074,4,0
2012-10-26 06:00:00,0.0,0.0,0.0,0.0,0.0,0.0,0.0,0.0,1.0,6.123233995736766e-17,4,1
2012-10-26 07:00:00,0.0,4.0,0.0,0.0,0.0,0.0,4.0,1.0,0.9659258262890683,-0.25881904510252063,4,0
2012-10-26 08:00:00,42.0,80.0,4.0,50.0,86.0,22.0,284.0,6.0,0.8660254037844387,-0.4999999999999998,4,0
2012-10-26 09:00:00,0.0,0.0,4.0,224.0,93.0,0.0,321.0,3.0,0.7071067811865476,-0.7071067811865475,4,0
2012-10-26 10:00:00,0.0,0.0,0.0,0.0,63.0,0.0,63.0,1.0,0.49999999999999994,-0.8660254037844387,4,0
2012-10-26 11:00:00,304.0,265.0,2.0,42.0,70.0,0.0,683.0,5.0,0.258819045102521,-0.9659258262890682,4,0
2012-10-26 12:00:00,6.0,51.0,0.0,0.0,110.0,14.0,181.0,4.0,1.2246467991473532e-16,-1.0,4,0
2012-10-26 13:00:00,0.0,0.0,0.0,0.0,0.0,0.0,0.0,0.0,-0.2588190451025208,-0.9659258262890683,4,1
2012-10-26 14:00:00,0.0,0.0,0.0,0.0,0.0,0.0,0.0,0.0,-0.4999999999999997,-0.8660254037844388,4,1
2012-10-26 15:00:00,40.0,2.0,0.0,0.0,18.0,8.0,68.0,4.0,-0.7071067811865471,-0.7071067811865479,4,0
2012-10-26 16:00:00,0.0,0.0,10.0,108.0,74.0,0.0,192.0,3.0,-0.8660254037844385,-0.5000000000000004,4,0
2012-10-26 17:00:00,0.0,0.0,0.0,0.0,38.0,6.0,44.0,2.0,-0.9659258262890683,-0.25881904510252063,4,0
2012-10-26 18:00:00,0.0,0.0,0.0,0.0,34.0,10.0,44.0,2.0,-1.0,-1.8369701987210297e-16,4,0
2012-10-26 19:00:00,0.0,60.0,4.0,78.0,30.0,2.0,174.0,5.0,-0.9659258262890684,0.2588190451025203,4,0
2012-10-26 20:00:00,92.0,92.0,4.0,0.0,82.0,2.0,272.0,5.0,-0.8660254037844386,0.5000000000000001,4,0
2012-10-26 21:00:00,0.0,0.0,0.0,2.0,142.0,0.0,144.0,2.0,-0.7071067811865477,0.7071067811865474,4,0
2012-10-26 22:00:00,0.0,0.0,0.0,0.0,0.0,2.0,2.0,1.0,-0.5000000000000004,0.8660254037844384,4,0
2012-10-26 23:00:00,4.0,2.0,2.0,2.0,48.0,0.0,58.0,5.0,-0.25881904510252157,0.9659258262890681,4,0
2012-10-27 00:00:00,66.0,122.0,2.0,10.0,52.0,6.0,258.0,6.0,0.0,1.0,5,0
2012-10-27 01:00:00,0.0,0.0,0.0,0.0,0.0,0.0,0.0,0.0,0.25881904510252074,0.9659258262890683,5,1
2012-10-27 02:00:00,0.0,0.0,0.0,0.0,0.0,0.0,0.0,0.0,0.49999999999999994,0.8660254037844387,5,1
2012-10-27 03:00:00,0.0,0.0,0.0,0.0,0.0,0.0,0.0,0.0,0.7071067811865476,0.7071067811865476,5,1
2012-10-27 04:00:00,0.0,0.0,0.0,0.0,0.0,0.0,0.0,0.0,0.8660254037844386,0.5000000000000001,5,1
2012-10-27 05:00:00,0.0,0.0,0.0,0.0,0.0,0.0,0.0,0.0,0.9659258262890683,0.25881904510252074,5,1
2012-10-27 06:00:00,0.0,2.0,0.0,0.0,0.0,0.0,2.0,1.0,1.0,6.123233995736766e-17,5,0
2012-10-27 07:00:00,28.0,60.0,6.0,26.0,110.0,14.0,244.0,6.0,0.9659258262890683,-0.25881904510252063,5,0
2012-10-27 08:00:00,0.0,0.0,4.0,168.0,110.0,0.0,282.0,3.0,0.8660254037844387,-0.4999999999999998,5,0
2012-10-27 09:00:00,0.0,0.0,0.0,0.0,48.0,0.0,48.0,1.0,0.7071067811865476,-0.7071067811865475,5,0
2012-10-27 10:00:00,284.0,183.0,6.0,52.0,74.0,6.0,605.0,6.0,0.49999999999999994,-0.8660254037844387,5,0
2012-10-27 11:00:00,52.0,99.0,6.0,26.0,138.0,24.0,345.0,6.0,0.258819045102521,-0.9659258262890682,5,0
2012-10-27 12:00:00,0.0,0.0,0.0,0.0,100.0,8.0,108.0,2.0,1.2246467991473532e-16,-1.0,5,0
2012-10-27 13:00:00,0.0,0.0,0.0,0.0,104.0,8.0,112.0,2.0,-0.2588190451025208,-0.9659258262890683,5,0
2012-10-27 14:00:00,0.0,0.0,108.0,48.0,48.0,0.0,204.0,3.0,-0.4999999999999997,-0.8660254037844388,5,0
2012-10-27 15:00:00,42.0,4.0,52.0,12.0,136.0,2.0,248.0,6.0,-0.7071067811865471,-0.7071067811865479,5,0
2012-10-27 16:00:00,15.0,2.0,6.0,8.0,132.0,16.0,179.0,6.0,-0.8660254037844385,-0.5000000000000004,5,0
2012-10-27 17:00:00,51.0,120.0,10.0,44.0,100.0,20.0,345.0,6.0,-0.9659258262890683,-0.25881904510252063,5,0
2012-10-27 18:00:00,0.0,0.0,4.0,10.0,26.0,10.0,50.0,4.0,-1.0,-1.8369701987210297e-16,5,0
2012-10-27 19:00:00,0.0,0.0,0.0,0.0,38.0,0.0,38.0,1.0,-0.9659258262890684,0.2588190451025203,5,0
2012-10-27 20:00:00,60.0,166.0,0.0,18.0,84.0,6.0,334.0,5.0,-0.8660254037844386,0.5000000000000001,5,0
2012-10-27 21:00:00,0.0,0.0,2.0,40.0,130.0,0.0,172.0,3.0,-0.7071067811865477,0.7071067811865474,5,0
2012-10-27 22:00:00,80.0,84.0,6.0,18.0,90.0,12.0,290.0,6.0,-0.5000000000000004,0.8660254037844384,5,0
2012-10-27 23:00:00,0.0,6.0,0.0,0.0,0.0,0.0,6.0,1.0,-0.25881904510252157,0.9659258262890681,5,0
2012-10-28 00:00:00,0.0,0.0,0.0,0.0,0.0,0.0,0.0,0.0,0.0,1.0,6,1
2012-10-28 01:00:00,54.0,100.0,0.0,0.0,2.0,0.0,156.0,3.0,0.25881904510252074,0.9659258262890683,6,0
2012-10-28 02:00:00,0.0,0.0,0.0,0.0,0.0,0.0,0.0,0.0,0.49999999999999994,0.8660254037844387,6,1
2012-10-28 03:00:00,0.0,12.0,0.0,0.0,0.0,0.0,12.0,1.0,0.7071067811865476,0.7071067811865476,6,0
2012-10-28 04:00:00,0.0,10.0,0.0,0.0,0.0,0.0,10.0,1.0,0.8660254037844386,0.5000000000000001,6,0
2012-10-28 05:00:00,0.0,4.0,0.0,2.0,0.0,0.0,6.0,2.0,0.9659258262890683,0.25881904510252074,6,0
2012-10-28 06:00:00,36.0,100.0,2.0,64.0,38.0,16.0,256.0,6.0,1.0,6.123233995736766e-17,6,0
2012-10-28 07:00:00,34.0,2.0,0.0,0.0,110.0,2.0,148.0,4.0,0.9659258262890683,-0.25881904510252063,6,0
2012-10-28 08:00:00,78.0,0.0,10.0,296.0,94.0,2.0,480.0,5.0,0.8660254037844387,-0.4999999999999998,6,0
2012-10-28 09:00:00,34.0,0.0,4.0,72.0,104.0,2.0,216.0,5.0,0.7071067811865476,-0.7071067811865475,6,0
2012-10-28 10:00:00,89.0,220.0,2.0,22.0,84.0,0.0,417.0,5.0,0.49999999999999994,-0.8660254037844387,6,0
2012-10-28 11:00:00,105.0,108.0,0.0,0.0,120.0,2.0,335.0,4.0,0.258819045102521,-0.9659258262890682,6,0
2012-10-28 12:00:00,44.0,48.0,0.0,0.0,614.0,116.0,822.0,4.0,1.2246467991473532e-16,-1.0,6,0
2012-10-28 13:00:00,0.0,0.0,0.0,0.0,12.0,8.0,20.0,2.0,-0.2588190451025208,-0.9659258262890683,6,0
2012-10-28 14:00:00,48.0,30.0,4.0,42.0,156.0,36.0,316.0,6.0,-0.4999999999999997,-0.8660254037844388,6,0
2012-10-28 15:00:00,0.0,0.0,0.0,0.0,40.0,14.0,54.0,2.0,-0.7071067811865471,-0.7071067811865479,6,0
2012-10-28 16:00:00,34.0,2.0,0.0,2.0,14.0,0.0,52.0,4.0,-0.8660254037844385,-0.5000000000000004,6,0
2012-10-28 17:00:00,22.0,2.0,0.0,0.0,62.0,24.0,110.0,4.0,-0.9659258262890683,-0.25881904510252063,6,0
2012-10-28 18:00:00,32.0,4.0,0.0,0.0,62.0,30.0,128.0,4.0,-1.0,-1.8369701987210297e-16,6,0
2012-10-28 19:00:00,0.0,0.0,6.0,44.0,70.0,0.0,120.0,3.0,-0.9659258262890684,0.2588190451025203,6,0
2012-10-28 20:00:00,20.0,14.0,0.0,0.0,114.0,2.0,150.0,4.0,-0.8660254037844386,0.5000000000000001,6,0
2012-10-28 21:00:00,42.0,2.0,0.0,4.0,94.0,2.0,144.0,5.0,-0.7071067811865477,0.7071067811865474,6,0
2012-10-28 22:00:00,0.0,0.0,0.0,0.0,108.0,0.0,108.0,1.0,-0.5000000000000004,0.8660254037844384,6,0
2012-10-28 23:00:00,80.0,114.0,0.0,0.0,18.0,2.0,214.0,4.0,-0.25881904510252157,0.9659258262890681,6,0
2012-10-29 00:00:00,0.0,0.0,0.0,0.0,0.0,0.0,0.0,0.0,0.0,1.0,0,1
2012-10-29 01:00:00,0.0,24.0,0.0,0.0,0.0,0.0,24.0,1.0,0.25881904510252074,0.9659258262890683,0,0
2012-10-29 02:00:00,0.0,2.0,0.0,0.0,0.0,0.0,2.0,1.0,0.49999999999999994,0.8660254037844387,0,0
2012-10-29 03:00:00,0.0,4.0,0.0,0.0,0.0,0.0,4.0,1.0,0.7071067811865476,0.7071067811865476,0,0
2012-10-29 04:00:00,0.0,0.0,0.0,0.0,0.0,0.0,0.0,0.0,0.8660254037844386,0.5000000000000001,0,1
2012-10-29 05:00:00,0.0,2.0,0.0,0.0,0.0,0.0,2.0,1.0,0.9659258262890683,0.25881904510252074,0,0
2012-10-29 06:00:00,0.0,4.0,0.0,0.0,0.0,0.0,4.0,1.0,1.0,6.123233995736766e-17,0,0
2012-10-29 07:00:00,0.0,0.0,0.0,0.0,0.0,0.0,0.0,0.0,0.9659258262890683,-0.25881904510252063,0,1
2012-10-29 08:00:00,30.0,70.0,0.0,56.0,68.0,16.0,240.0,5.0,0.8660254037844387,-0.4999999999999998,0,0
2012-10-29 09:00:00,0.0,0.0,4.0,202.0,82.0,0.0,288.0,3.0,0.7071067811865476,-0.7071067811865475,0,0
2012-10-29 10:00:00,0.0,0.0,0.0,0.0,98.0,0.0,98.0,1.0,0.49999999999999994,-0.8660254037844387,0,0
2012-10-29 11:00:00,0.0,0.0,0.0,0.0,60.0,0.0,60.0,1.0,0.258819045102521,-0.9659258262890682,0,0
2012-10-29 12:00:00,234.0,294.0,6.0,36.0,46.0,18.0,634.0,6.0,1.2246467991473532e-16,-1.0,0,0
2012-10-29 13:00:00,0.0,0.0,4.0,40.0,26.0,10.0,80.0,4.0,-0.2588190451025208,-0.9659258262890683,0,0
2012-10-29 14:00:00,42.0,270.0,0.0,0.0,26.0,16.0,354.0,4.0,-0.4999999999999997,-0.8660254037844388,0,0
2012-10-29 15:00:00,0.0,0.0,0.0,0.0,16.0,8.0,24.0,2.0,-0.7071067811865471,-0.7071067811865479,0,0
2012-10-29 16:00:00,60.0,0.0,0.0,0.0,70.0,2.0,132.0,3.0,-0.8660254037844385,-0.5000000000000004,0,0
2012-10-29 17:00:00,0.0,0.0,0.0,0.0,30.0,8.0,38.0,2.0,-0.9659258262890683,-0.25881904510252063,0,0
2012-10-29 18:00:00,0.0,0.0,0.0,0.0,0.0,0.0,0.0,0.0,-1.0,-1.8369701987210297e-16,0,1
2012-10-29 19:00:00,60.0,122.0,4.0,12.0,32.0,12.0,242.0,6.0,-0.9659258262890684,0.2588190451025203,0,0
2012-10-29 20:00:00,0.0,0.0,0.0,0.0,40.0,0.0,40.0,1.0,-0.8660254037844386,0.5000000000000001,0,0
2012-10-29 21:00:00,34.0,4.0,0.0,0.0,124.0,2.0,164.0,4.0,-0.7071067811865477,0.7071067811865474,0,0
2012-10-29 22:00:00,0.0,0.0,4.0,56.0,150.0,0.0,210.0,3.0,-0.5000000000000004,0.8660254037844384,0,0
2012-10-29 23:00:00,58.0,90.0,0.0,0.0,98.0,0.0,246.0,3.0,-0.25881904510252157,0.9659258262890681,0,0
2012-10-30 00:00:00,16.0,60.0,0.0,0.0,0.0,4.0,80.0,3.0,0.0,1.0,1,0
2012-10-30 01:00:00,0.0,2.0,0.0,0.0,0.0,0.0,2.0,1.0,0.25881904510252074,0.9659258262890683,1,0
2012-10-30 02:00:00,0.0,0.0,0.0,0.0,0.0,0.0,0.0,0.0,0.49999999999999994,0.8660254037844387,1,1
2012-10-30 03:00:00,74.0,74.0,0.0,0.0,0.0,0.0,148.0,2.0,0.7071067811865476,0.7071067811865476,1,0
2012-10-30 04:00:00,0.0,0.0,0.0,0.0,2.0,0.0,2.0,1.0,0.8660254037844386,0.5000000000000001,1,0
2012-10-30 05:00:00,0.0,2.0,0.0,0.0,0.0,0.0,2.0,1.0,0.9659258262890683,0.25881904510252074,1,0
2012-10-30 06:00:00,0.0,4.0,0.0,0.0,0.0,0.0,4.0,1.0,1.0,6.123233995736766e-17,1,0
2012-10-30 07:00:00,0.0,0.0,0.0,0.0,0.0,0.0,0.0,0.0,0.9659258262890683,-0.25881904510252063,1,1
2012-10-30 08:00:00,46.0,58.0,2.0,38.0,80.0,16.0,240.0,6.0,0.8660254037844387,-0.4999999999999998,1,0
2012-10-30 09:00:00,0.0,0.0,2.0,214.0,72.0,0.0,288.0,3.0,0.7071067811865476,-0.7071067811865475,1,0
2012-10-30 10:00:00,322.0,194.0,4.0,18.0,78.0,16.0,632.0,6.0,0.49999999999999994,-0.8660254037844387,1,0
2012-10-30 11:00:00,0.0,0.0,0.0,2.0,0.0,0.0,2.0,1.0,0.258819045102521,-0.9659258262890682,1,0
2012-10-30 12:00:00,34.0,2.0,4.0,56.0,94.0,28.0,218.0,6.0,1.2246467991473532e-16,-1.0,1,0
2012-10-30 13:00:00,0.0,0.0,28.0,290.0,134.0,0.0,452.0,3.0,-0.2588190451025208,-0.9659258262890683,1,0
2012-10-30 14:00:00,0.0,0.0,0.0,0.0,82.0,14.0,96.0,2.0,-0.4999999999999997,-0.8660254037844388,1,0
2012-10-30 15:00:00,0.0,0.0,0.0,0.0,0.0,0.0,0.0,0.0,-0.7071067811865471,-0.7071067811865479,1,1
2012-10-30 16:00:00,40.0,16.0,6.0,110.0,136.0,4.0,312.0,6.0,-0.8660254037844385,-0.5000000000000004,1,0
2012-10-30 17:00:00,4.0,0.0,0.0,0.0,98.0,12.0,114.0,3.0,-0.9659258262890683,-0.25881904510252063,1,0
2012-10-30 18:00:00,10.0,4.0,0.0,0.0,56.0,14.0,84.0,4.0,-1.0,-1.8369701987210297e-16,1,0
2012-10-30 19:00:00,0.0,0.0,0.0,0.0,54.0,0.0,54.0,1.0,-0.9659258262890684,0.2588190451025203,1,0
2012-10-30 20:00:00,0.0,0.0,0.0,0.0,138.0,0.0,138.0,1.0,-0.8660254037844386,0.5000000000000001,1,0
2012-10-30 21:00:00,36.0,86.0,16.0,150.0,100.0,4.0,392.0,6.0,-0.7071067811865477,0.7071067811865474,1,0
2012-10-30 22:00:00,0.0,0.0,0.0,0.0,144.0,0.0,144.0,1.0,-0.5000000000000004,0.8660254037844384,1,0
2012-10-30 23:00:00,76.0,98.0,4.0,36.0,68.0,8.0,290.0,6.0,-0.25881904510252157,0.9659258262890681,1,0
2012-10-31 00:00:00,0.0,4.0,0.0,0.0,0.0,0.0,4.0,1.0,0.0,1.0,2,0
2012-10-31 01:00:00,0.0,0.0,0.0,0.0,0.0,0.0,0.0,0.0,0.25881904510252074,0.9659258262890683,2,1
2012-10-31 02:00:00,34.0,66.0,0.0,4.0,0.0,0.0,104.0,3.0,0.49999999999999994,0.8660254037844387,2,0
2012-10-31 03:00:00,0.0,18.0,0.0,0.0,0.0,0.0,18.0,1.0,0.7071067811865476,0.7071067811865476,2,0
2012-10-31 04:00:00,0.0,98.0,0.0,0.0,40.0,14.0,152.0,3.0,0.8660254037844386,0.5000000000000001,2,0
2012-10-31 05:00:00,0.0,0.0,0.0,0.0,82.0,0.0,82.0,1.0,0.9659258262890683,0.25881904510252074,2,0
2012-10-31 06:00:00,52.0,78.0,8.0,258.0,86.0,2.0,484.0,6.0,1.0,6.123233995736766e-17,2,0
2012-10-31 07:00:00,336.0,154.0,2.0,16.0,90.0,4.0,602.0,6.0,0.9659258262890683,-0.25881904510252063,2,0
2012-10-31 08:00:00,0.0,0.0,4.0,18.0,90.0,10.0,122.0,4.0,0.8660254037844387,-0.4999999999999998,2,0
2012-10-31 09:00:00,28.0,2.0,4.0,56.0,148.0,22.0,260.0,6.0,0.7071067811865476,-0.7071067811865475,2,0
2012-10-31 10:00:00,0.0,0.0,0.0,0.0,0.0,0.0,0.0,0.0,0.49999999999999994,-0.8660254037844387,2,1
2012-10-31 11:00:00,52.0,2.0,0.0,0.0,50.0,16.0,120.0,4.0,0.258819045102521,-0.9659258262890682,2,0
2012-10-31 12:00:00,62.0,36.0,2.0,18.0,78.0,16.0,212.0,6.0,1.2246467991473532e-16,-1.0,2,0
2012-10-31 13:00:00,0.0,0.0,4.0,32.0,48.0,6.0,90.0,4.0,-0.2588190451025208,-0.9659258262890683,2,0
2012-10-31 14:00:00,60.0,6.0,12.0,30.0,110.0,20.0,238.0,6.0,-0.4999999999999997,-0.8660254037844388,2,0
2012-10-31 15:00:00,0.0,0.0,0.0,0.0,80.0,0.0,80.0,1.0,-0.7071067811865471,-0.7071067811865479,2,0
2012-10-31 16:00:00,0.0,0.0,0.0,0.0,68.0,2.0,70.0,2.0,-0.8660254037844385,-0.5000000000000004,2,0
2012-10-31 17:00:00,84.0,8.0,4.0,52.0,50.0,12.0,210.0,6.0,-0.9659258262890683,-0.25881904510252063,2,0
2012-10-31 18:00:00,36.0,2.0,0.0,0.0,26.0,8.0,72.0,4.0,-1.0,-1.8369701987210297e-16,2,0
2012-10-31 19:00:00,0.0,0.0,0.0,0.0,8.0,0.0,8.0,1.0,-0.9659258262890684,0.2588190451025203,2,0
2012-10-31 20:00:00,0.0,0.0,0.0,0.0,12.0,0.0,12.0,1.0,-0.8660254037844386,0.5000000000000001,2,0
2012-10-31 21:00:00,130.0,568.0,0.0,2.0,70.0,12.0,782.0,5.0,-0.7071067811865477,0.7071067811865474,2,0
2012-10-31 22:00:00,0.0,0.0,0.0,2.0,204.0,0.0,206.0,2.0,-0.5000000000000004,0.8660254037844384,2,0
2012-10-31 23:00:00,92.0,46.0,4.0,38.0,62.0,10.0,252.0,6.0,-0.25881904510252157,0.9659258262890681,2,0
2012-11-01 00:00:00,0.0,0.0,0.0,0.0,0.0,0.0,0.0,0.0,0.0,1.0,3,1
2012-11-01 01:00:00,0.0,2.0,0.0,0.0,0.0,0.0,2.0,1.0,0.25881904510252074,0.9659258262890683,3,0
2012-11-01 02:00:00,0.0,0.0,0.0,0.0,2.0,0.0,2.0,1.0,0.49999999999999994,0.8660254037844387,3,0
2012-11-01 03:00:00,0.0,6.0,0.0,0.0,0.0,0.0,6.0,1.0,0.7071067811865476,0.7071067811865476,3,0
2012-11-01 04:00:00,0.0,0.0,0.0,0.0,0.0,0.0,0.0,0.0,0.8660254037844386,0.5000000000000001,3,1
2012-11-01 05:00:00,50.0,90.0,0.0,0.0,0.0,0.0,140.0,2.0,0.9659258262890683,0.25881904510252074,3,0
2012-11-01 06:00:00,0.0,2.0,0.0,0.0,0.0,0.0,2.0,1.0,1.0,6.123233995736766e-17,3,0
2012-11-01 07:00:00,0.0,2.0,0.0,0.0,0.0,0.0,2.0,1.0,0.9659258262890683,-0.25881904510252063,3,0
2012-11-01 08:00:00,50.0,76.0,6.0,46.0,28.0,16.0,222.0,6.0,0.8660254037844387,-0.4999999999999998,3,0
2012-11-01 09:00:00,32.0,4.0,14.0,260.0,85.0,2.0,397.0,6.0,0.7071067811865476,-0.7071067811865475,3,0
2012-11-01 10:00:00,0.0,0.0,0.0,0.0,131.0,0.0,131.0,1.0,0.49999999999999994,-0.8660254037844387,3,0
2012-11-01 11:00:00,346.0,514.0,8.0,20.0,94.0,6.0,988.0,6.0,0.258819045102521,-0.9659258262890682,3,0
2012-11-01 12:00:00,28.0,20.0,0.0,0.0,68.0,12.0,128.0,4.0,1.2246467991473532e-16,-1.0,3,0
2012-11-01 13:00:00,0.0,0.0,0.0,2.0,116.0,32.0,150.0,3.0,-0.2588190451025208,-0.9659258262890683,3,0
2012-11-01 14:00:00,128.0,116.0,0.0,0.0,352.0,12.0,608.0,4.0,-0.4999999999999997,-0.8660254037844388,3,0
2012-11-01 15:00:00,6.0,0.0,0.0,0.0,62.0,6.0,74.0,3.0,-0.7071067811865471,-0.7071067811865479,3,0
2012-11-01 16:00:00,0.0,0.0,0.0,0.0,0.0,0.0,0.0,0.0,-0.8660254037844385,-0.5000000000000004,3,1
2012-11-01 17:00:00,58.0,4.0,0.0,12.0,164.0,18.0,256.0,5.0,-0.9659258262890683,-0.25881904510252063,3,0
2012-11-01 18:00:00,0.0,0.0,0.0,0.0,0.0,0.0,0.0,0.0,-1.0,-1.8369701987210297e-16,3,1
2012-11-01 19:00:00,0.0,0.0,6.0,58.0,256.0,12.0,332.0,4.0,-0.9659258262890684,0.2588190451025203,3,0
2012-11-01 20:00:00,30.0,112.0,0.0,0.0,136.0,0.0,278.0,3.0,-0.8660254037844386,0.5000000000000001,3,0
2012-11-01 21:00:00,22.0,52.0,2.0,104.0,86.0,0.0,266.0,5.0,-0.7071067811865477,0.7071067811865474,3,0
2012-11-01 22:00:00,0.0,0.0,2.0,14.0,68.0,0.0,84.0,3.0,-0.5000000000000004,0.8660254037844384,3,0
2012-11-01 23:00:00,66.0,120.0,0.0,14.0,10.0,6.0,216.0,5.0,-0.25881904510252157,0.9659258262890681,3,0
2012-11-02 00:00:00,0.0,0.0,0.0,0.0,0.0,0.0,0.0,0.0,0.0,1.0,4,1
2012-11-02 01:00:00,0.0,0.0,0.0,0.0,0.0,0.0,0.0,0.0,0.25881904510252074,0.9659258262890683,4,1
2012-11-02 02:00:00,50.0,98.0,0.0,0.0,0.0,0.0,148.0,2.0,0.49999999999999994,0.8660254037844387,4,0
2012-11-02 03:00:00,0.0,98.0,0.0,0.0,42.0,16.0,156.0,3.0,0.7071067811865476,0.7071067811865476,4,0
2012-11-02 04:00:00,0.0,0.0,4.0,86.0,88.0,0.0,178.0,3.0,0.8660254037844386,0.5000000000000001,4,0
2012-11-02 05:00:00,40.0,4.0,10.0,560.0,100.0,4.0,718.0,6.0,0.9659258262890683,0.25881904510252074,4,0
2012-11-02 06:00:00,0.0,0.0,2.0,58.0,56.0,0.0,116.0,3.0,1.0,6.123233995736766e-17,4,0
2012-11-02 07:00:00,0.0,0.0,0.0,0.0,0.0,0.0,0.0,0.0,0.9659258262890683,-0.25881904510252063,4,1
2012-11-02 08:00:00,58.0,2.0,2.0,16.0,62.0,2.0,142.0,6.0,0.8660254037844387,-0.4999999999999998,4,0
2012-11-02 09:00:00,0.0,0.0,0.0,0.0,2.0,0.0,2.0,1.0,0.7071067811865476,-0.7071067811865475,4,0
2012-11-02 10:00:00,278.0,266.0,0.0,0.0,30.0,2.0,576.0,4.0,0.49999999999999994,-0.8660254037844387,4,0
2012-11-02 11:00:00,14.0,82.0,0.0,0.0,98.0,10.0,204.0,4.0,0.258819045102521,-0.9659258262890682,4,0
2012-11-02 12:00:00,0.0,2.0,0.0,0.0,0.0,0.0,2.0,1.0,1.2246467991473532e-16,-1.0,4,0
2012-11-02 13:00:00,22.0,4.0,0.0,32.0,30.0,8.0,96.0,5.0,-0.2588190451025208,-0.9659258262890683,4,0
2012-11-02 14:00:00,0.0,0.0,0.0,0.0,18.0,0.0,18.0,1.0,-0.4999999999999997,-0.8660254037844388,4,0
2012-11-02 15:00:00,10.0,4.0,58.0,104.0,104.0,26.0,306.0,6.0,-0.7071067811865471,-0.7071067811865479,4,0
2012-11-02 16:00:00,0.0,46.0,2.0,86.0,150.0,22.0,306.0,5.0,-0.8660254037844385,-0.5000000000000004,4,0
2012-11-02 17:00:00,176.0,258.0,6.0,0.0,124.0,30.0,594.0,5.0,-0.9659258262890683,-0.25881904510252063,4,0
2012-11-02 18:00:00,0.0,0.0,0.0,0.0,0.0,0.0,0.0,0.0,-1.0,-1.8369701987210297e-16,4,1
2012-11-02 19:00:00,0.0,0.0,0.0,2.0,2.0,0.0,4.0,2.0,-0.9659258262890684,0.2588190451025203,4,0
2012-11-02 20:00:00,0.0,0.0,0.0,0.0,0.0,0.0,0.0,0.0,-0.8660254037844386,0.5000000000000001,4,1
2012-11-02 21:00:00,0.0,84.0,0.0,2.0,76.0,12.0,174.0,4.0,-0.7071067811865477,0.7071067811865474,4,0
2012-11-02 22:00:00,38.0,46.0,0.0,0.0,114.0,2.0,200.0,4.0,-0.5000000000000004,0.8660254037844384,4,0
2012-11-02 23:00:00,24.0,55.0,4.0,24.0,36.0,6.0,149.0,6.0,-0.25881904510252157,0.9659258262890681,4,0
2012-11-03 00:00:00,0.0,31.0,0.0,0.0,0.0,0.0,31.0,1.0,0.0,1.0,5,0
2012-11-03 01:00:00,0.0,0.0,0.0,0.0,0.0,0.0,0.0,0.0,0.25881904510252074,0.9659258262890683,5,1
2012-11-03 02:00:00,0.0,6.0,0.0,0.0,0.0,0.0,6.0,1.0,0.49999999999999994,0.8660254037844387,5,0
2012-11-03 03:00:00,0.0,0.0,0.0,0.0,0.0,0.0,0.0,0.0,0.7071067811865476,0.7071067811865476,5,1
2012-11-03 04:00:00,0.0,6.0,0.0,0.0,0.0,0.0,6.0,1.0,0.8660254037844386,0.5000000000000001,5,0
2012-11-03 05:00:00,0.0,2.0,0.0,0.0,0.0,0.0,2.0,1.0,0.9659258262890683,0.25881904510252074,5,0
2012-11-03 06:00:00,0.0,0.0,0.0,0.0,0.0,0.0,0.0,0.0,1.0,6.123233995736766e-17,5,1
2012-11-03 07:00:00,60.0,84.0,4.0,52.0,76.0,22.0,298.0,6.0,0.9659258262890683,-0.25881904510252063,5,0
2012-11-03 08:00:00,0.0,0.0,6.0,256.0,64.0,0.0,326.0,3.0,0.8660254037844387,-0.4999999999999998,5,0
2012-11-03 09:00:00,32.0,65.0,4.0,18.0,98.0,2.0,219.0,6.0,0.7071067811865476,-0.7071067811865475,5,0
2012-11-03 10:00:00,284.0,215.0,0.0,0.0,44.0,0.0,543.0,3.0,0.49999999999999994,-0.8660254037844387,5,0
2012-11-03 11:00:00,0.0,0.0,0.0,0.0,0.0,0.0,0.0,0.0,0.258819045102521,-0.9659258262890682,5,1
2012-11-03 12:00:00,28.0,0.0,0.0,0.0,40.0,8.0,76.0,3.0,1.2246467991473532e-16,-1.0,5,0
2012-11-03 13:00:00,0.0,0.0,6.0,72.0,56.0,12.0,146.0,4.0,-0.2588190451025208,-0.9659258262890683,5,0
2012-11-03 14:00:00,0.0,0.0,0.0,0.0,48.0,8.0,56.0,2.0,-0.4999999999999997,-0.8660254037844388,5,0
2012-11-03 15:00:00,72.0,2.0,4.0,20.0,62.0,8.0,168.0,6.0,-0.7071067811865471,-0.7071067811865479,5,0
2012-11-03 16:00:00,34.0,4.0,4.0,118.0,86.0,2.0,248.0,6.0,-0.8660254037844385,-0.5000000000000004,5,0
2012-11-03 17:00:00,90.0,66.0,4.0,24.0,154.0,10.0,348.0,6.0,-0.9659258262890683,-0.25881904510252063,5,0
2012-11-03 18:00:00,0.0,0.0,0.0,0.0,0.0,0.0,0.0,0.0,-1.0,-1.8369701987210297e-16,5,1
2012-11-03 19:00:00,0.0,0.0,0.0,0.0,176.0,6.0,182.0,2.0,-0.9659258262890684,0.2588190451025203,5,0
2012-11-03 20:00:00,0.0,0.0,0.0,0.0,2.0,0.0,2.0,1.0,-0.8660254037844386,0.5000000000000001,5,0
2012-11-03 21:00:00,0.0,0.0,24.0,316.0,34.0,0.0,374.0,3.0,-0.7071067811865477,0.7071067811865474,5,0
2012-11-03 22:00:00,0.0,0.0,0.0,2.0,92.0,0.0,94.0,2.0,-0.5000000000000004,0.8660254037844384,5,0
2012-11-03 23:00:00,4.0,114.0,2.0,138.0,106.0,8.0,372.0,6.0,-0.25881904510252157,0.9659258262890681,5,0
2012-11-04 00:00:00,114.0,130.0,0.0,0.0,0.0,0.0,244.0,2.0,0.0,1.0,6,0
2012-11-04 01:00:00,0.0,10.0,0.0,2.0,0.0,0.0,12.0,2.0,0.25881904510252074,0.9659258262890683,6,0
2012-11-04 02:00:00,0.0,0.0,0.0,0.0,0.0,0.0,0.0,0.0,0.49999999999999994,0.8660254037844387,6,1
2012-11-04 03:00:00,0.0,0.0,0.0,0.0,0.0,0.0,0.0,0.0,0.7071067811865476,0.7071067811865476,6,1
2012-11-04 04:00:00,0.0,12.0,0.0,2.0,0.0,0.0,14.0,2.0,0.8660254037844386,0.5000000000000001,6,0
2012-11-04 05:00:00,40.0,54.0,2.0,60.0,54.0,14.0,224.0,6.0,0.9659258262890683,0.25881904510252074,6,0
2012-11-04 06:00:00,0.0,0.0,2.0,34.0,74.0,0.0,110.0,3.0,1.0,6.123233995736766e-17,6,0
2012-11-04 07:00:00,150.0,0.0,2.0,168.0,46.0,6.0,372.0,5.0,0.9659258262890683,-0.25881904510252063,6,0
2012-11-04 08:00:00,0.0,0.0,0.0,0.0,0.0,2.0,2.0,1.0,0.8660254037844387,-0.4999999999999998,6,0
2012-11-04 09:00:00,244.0,128.0,0.0,0.0,22.0,14.0,408.0,4.0,0.7071067811865476,-0.7071067811865475,6,0
2012-11-04 10:00:00,0.0,52.0,6.0,28.0,36.0,12.0,134.0,5.0,0.49999999999999994,-0.8660254037844387,6,0
2012-11-04 11:00:00,42.0,94.0,4.0,70.0,150.0,42.0,402.0,6.0,0.258819045102521,-0.9659258262890682,6,0
2012-11-04 12:00:00,26.0,4.0,10.0,22.0,200.0,22.0,284.0,6.0,1.2246467991473532e-16,-1.0,6,0
2012-11-04 13:00:00,0.0,0.0,4.0,14.0,102.0,30.0,150.0,4.0,-0.2588190451025208,-0.9659258262890683,6,0
2012-11-04 14:00:00,28.0,474.0,0.0,0.0,156.0,34.0,692.0,4.0,-0.4999999999999997,-0.8660254037844388,6,0
2012-11-04 15:00:00,30.0,414.0,0.0,0.0,108.0,24.0,576.0,4.0,-0.7071067811865471,-0.7071067811865479,6,0
2012-11-04 16:00:00,0.0,0.0,0.0,0.0,48.0,0.0,48.0,1.0,-0.8660254037844385,-0.5000000000000004,6,0
2012-11-04 17:00:00,60.0,112.0,6.0,4.0,98.0,12.0,292.0,6.0,-0.9659258262890683,-0.25881904510252063,6,0
2012-11-04 18:00:00,0.0,0.0,0.0,0.0,0.0,0.0,0.0,0.0,-1.0,-1.8369701987210297e-16,6,1
2012-11-04 19:00:00,0.0,0.0,0.0,0.0,104.0,14.0,118.0,2.0,-0.9659258262890684,0.2588190451025203,6,0
2012-11-04 20:00:00,34.0,164.0,0.0,28.0,128.0,4.0,358.0,5.0,-0.8660254037844386,0.5000000000000001,6,0
2012-11-04 21:00:00,0.0,0.0,0.0,0.0,106.0,0.0,106.0,1.0,-0.7071067811865477,0.7071067811865474,6,0
2012-11-04 22:00:00,32.0,2.0,10.0,110.0,88.0,0.0,242.0,5.0,-0.5000000000000004,0.8660254037844384,6,0
2012-11-04 23:00:00,116.0,120.0,0.0,0.0,42.0,12.0,290.0,4.0,-0.25881904510252157,0.9659258262890681,6,0
2012-11-05 00:00:00,0.0,4.0,0.0,0.0,0.0,0.0,4.0,1.0,0.0,1.0,0,0
2012-11-05 01:00:00,0.0,0.0,0.0,0.0,0.0,0.0,0.0,0.0,0.25881904510252074,0.9659258262890683,0,1
2012-11-05 02:00:00,0.0,4.0,0.0,0.0,0.0,0.0,4.0,1.0,0.49999999999999994,0.8660254037844387,0,0
2012-11-05 03:00:00,62.0,51.0,0.0,2.0,0.0,0.0,115.0,3.0,0.7071067811865476,0.7071067811865476,0,0
2012-11-05 04:00:00,0.0,31.0,0.0,2.0,0.0,0.0,33.0,2.0,0.8660254037844386,0.5000000000000001,0,0
2012-11-05 05:00:00,0.0,16.0,0.0,0.0,0.0,0.0,16.0,1.0,0.9659258262890683,0.25881904510252074,0,0
2012-11-05 06:00:00,62.0,52.0,2.0,42.0,60.0,14.0,232.0,6.0,1.0,6.123233995736766e-17,0,0
2012-11-05 07:00:00,0.0,0.0,2.0,202.0,58.0,0.0,262.0,3.0,0.9659258262890683,-0.25881904510252063,0,0
2012-11-05 08:00:00,40.0,4.0,0.0,84.0,94.0,0.0,222.0,4.0,0.8660254037844387,-0.4999999999999998,0,0
2012-11-05 09:00:00,52.0,6.0,8.0,30.0,132.0,4.0,232.0,6.0,0.7071067811865476,-0.7071067811865475,0,0
2012-11-05 10:00:00,0.0,0.0,0.0,2.0,146.0,0.0,148.0,2.0,0.49999999999999994,-0.8660254037844387,0,0
2012-11-05 11:00:00,258.0,268.0,0.0,0.0,110.0,4.0,640.0,4.0,0.258819045102521,-0.9659258262890682,0,0
2012-11-05 12:00:00,34.0,2.0,0.0,2.0,60.0,8.0,106.0,5.0,1.2246467991473532e-16,-1.0,0,0
2012-11-05 13:00:00,0.0,0.0,14.0,94.0,64.0,4.0,176.0,4.0,-0.2588190451025208,-0.9659258262890683,0,0
2012-11-05 14:00:00,0.0,0.0,2.0,2.0,116.0,26.0,146.0,4.0,-0.4999999999999997,-0.8660254037844388,0,0
2012-11-05 15:00:00,0.0,0.0,0.0,0.0,75.0,14.0,89.0,2.0,-0.7071067811865471,-0.7071067811865479,0,0
2012-11-05 16:00:00,60.0,4.0,6.0,8.0,119.0,4.0,201.0,6.0,-0.8660254037844385,-0.5000000000000004,0,0
2012-11-05 17:00:00,104.0,38.0,0.0,0.0,104.0,10.0,256.0,4.0,-0.9659258262890683,-0.25881904510252063,0,0
2012-11-05 18:00:00,0.0,0.0,0.0,0.0,0.0,0.0,0.0,0.0,-1.0,-1.8369701987210297e-16,0,1
2012-11-05 19:00:00,0.0,0.0,6.0,48.0,116.0,10.0,180.0,4.0,-0.9659258262890684,0.2588190451025203,0,0
2012-11-05 20:00:00,0.0,0.0,0.0,0.0,12.0,0.0,12.0,1.0,-0.8660254037844386,0.5000000000000001,0,0
2012-11-05 21:00:00,46.0,118.0,0.0,0.0,58.0,0.0,222.0,3.0,-0.7071067811865477,0.7071067811865474,0,0
2012-11-05 22:00:00,0.0,0.0,0.0,0.0,49.0,0.0,49.0,1.0,-0.5000000000000004,0.8660254037844384,0,0
2012-11-05 23:00:00,34.0,162.0,4.0,12.0,29.0,4.0,245.0,6.0,-0.25881904510252157,0.9659258262890681,0,0
2012-11-06 00:00:00,0.0,6.0,0.0,0.0,0.0,0.0,6.0,1.0,0.0,1.0,1,0
2012-11-06 01:00:00,0.0,10.0,0.0,0.0,0.0,0.0,10.0,1.0,0.25881904510252074,0.9659258262890683,1,0
2012-11-06 02:00:00,0.0,0.0,0.0,0.0,0.0,0.0,0.0,0.0,0.49999999999999994,0.8660254037844387,1,1
2012-11-06 03:00:00,0.0,4.0,0.0,0.0,0.0,0.0,4.0,1.0,0.7071067811865476,0.7071067811865476,1,0
2012-11-06 04:00:00,0.0,4.0,0.0,0.0,0.0,0.0,4.0,1.0,0.8660254037844386,0.5000000000000001,1,0
2012-11-06 05:00:00,0.0,6.0,0.0,0.0,0.0,0.0,6.0,1.0,0.9659258262890683,0.25881904510252074,1,0
2012-11-06 06:00:00,0.0,2.0,0.0,0.0,0.0,0.0,2.0,1.0,1.0,6.123233995736766e-17,1,0
2012-11-06 07:00:00,56.0,73.0,0.0,0.0,0.0,0.0,129.0,2.0,0.9659258262890683,-0.25881904510252063,1,0
2012-11-06 08:00:00,268.0,119.0,0.0,0.0,24.0,18.0,429.0,4.0,0.8660254037844387,-0.4999999999999998,1,0
2012-11-06 09:00:00,0.0,0.0,4.0,6.0,128.0,10.0,148.0,4.0,0.7071067811865476,-0.7071067811865475,1,0
2012-11-06 10:00:00,42.0,100.0,30.0,50.0,100.0,6.0,328.0,6.0,0.49999999999999994,-0.8660254037844387,1,0
2012-11-06 11:00:00,56.0,2.0,36.0,6.0,34.0,8.0,142.0,6.0,0.258819045102521,-0.9659258262890682,1,0
2012-11-06 12:00:00,0.0,0.0,0.0,0.0,0.0,0.0,0.0,0.0,1.2246467991473532e-16,-1.0,1,1
2012-11-06 13:00:00,26.0,6.0,1.0,3.0,35.0,6.0,77.0,6.0,-0.2588190451025208,-0.9659258262890683,1,0
2012-11-06 14:00:00,48.0,52.0,14.0,72.0,152.0,4.0,342.0,6.0,-0.4999999999999997,-0.8660254037844388,1,0
2012-11-06 15:00:00,0.0,0.0,0.0,0.0,116.0,0.0,116.0,1.0,-0.7071067811865471,-0.7071067811865479,1,0
2012-11-06 16:00:00,68.0,74.0,0.0,2.0,60.0,4.0,208.0,5.0,-0.8660254037844385,-0.5000000000000004,1,0
2012-11-06 17:00:00,0.0,0.0,0.0,0.0,80.0,6.0,86.0,2.0,-0.9659258262890683,-0.25881904510252063,1,0
2012-11-06 18:00:00,0.0,0.0,0.0,2.0,22.0,6.0,30.0,3.0,-1.0,-1.8369701987210297e-16,1,0
2012-11-06 19:00:00,0.0,0.0,0.0,0.0,30.0,0.0,30.0,1.0,-0.9659258262890684,0.2588190451025203,1,0
2012-11-06 20:00:00,18.0,4.0,0.0,0.0,64.0,4.0,90.0,4.0,-0.8660254037844386,0.5000000000000001,1,0
2012-11-06 21:00:00,0.0,0.0,0.0,0.0,88.0,0.0,88.0,1.0,-0.7071067811865477,0.7071067811865474,1,0
2012-11-06 22:00:00,40.0,4.0,2.0,28.0,124.0,4.0,202.0,6.0,-0.5000000000000004,0.8660254037844384,1,0
2012-11-06 23:00:00,0.0,0.0,0.0,0.0,100.0,0.0,100.0,1.0,-0.25881904510252157,0.9659258262890681,1,0
2012-11-07 00:00:00,70.0,178.0,8.0,40.0,62.0,8.0,366.0,6.0,0.0,1.0,2,0
2012-11-07 01:00:00,0.0,0.0,0.0,2.0,0.0,0.0,2.0,1.0,0.25881904510252074,0.9659258262890683,2,0
2012-11-07 02:00:00,0.0,8.0,0.0,0.0,0.0,2.0,10.0,2.0,0.49999999999999994,0.8660254037844387,2,0
2012-11-07 03:00:00,0.0,6.0,0.0,0.0,0.0,0.0,6.0,1.0,0.7071067811865476,0.7071067811865476,2,0
2012-11-07 04:00:00,0.0,2.0,0.0,0.0,0.0,2.0,4.0,2.0,0.8660254037844386,0.5000000000000001,2,0
2012-11-07 05:00:00,0.0,4.0,0.0,0.0,0.0,0.0,4.0,1.0,0.9659258262890683,0.25881904510252074,2,0
2012-11-07 06:00:00,50.0,68.0,6.0,32.0,72.0,14.0,242.0,6.0,1.0,6.123233995736766e-17,2,0
2012-11-07 07:00:00,32.0,2.0,4.0,76.0,142.0,2.0,258.0,6.0,0.9659258262890683,-0.25881904510252063,2,0
2012-11-07 08:00:00,0.0,0.0,2.0,100.0,32.0,0.0,134.0,3.0,0.8660254037844387,-0.4999999999999998,2,0
2012-11-07 09:00:00,0.0,0.0,0.0,0.0,0.0,0.0,0.0,0.0,0.7071067811865476,-0.7071067811865475,2,1
2012-11-07 10:00:00,233.0,132.0,0.0,2.0,24.0,2.0,393.0,5.0,0.49999999999999994,-0.8660254037844387,2,0
2012-11-07 11:00:00,233.0,154.0,4.0,18.0,62.0,14.0,485.0,6.0,0.258819045102521,-0.9659258262890682,2,0
2012-11-07 12:00:00,0.0,0.0,0.0,0.0,0.0,0.0,0.0,0.0,1.2246467991473532e-16,-1.0,2,1
2012-11-07 13:00:00,0.0,0.0,0.0,0.0,22.0,6.0,28.0,2.0,-0.2588190451025208,-0.9659258262890683,2,0
2012-11-07 14:00:00,36.0,4.0,22.0,244.0,68.0,2.0,376.0,6.0,-0.4999999999999997,-0.8660254037844388,2,0
2012-11-07 15:00:00,0.0,0.0,2.0,122.0,80.0,18.0,222.0,4.0,-0.7071067811865471,-0.7071067811865479,2,0
2012-11-07 16:00:00,0.0,0.0,0.0,0.0,82.0,0.0,82.0,1.0,-0.8660254037844385,-0.5000000000000004,2,0
2012-11-07 17:00:00,74.0,6.0,6.0,12.0,94.0,8.0,200.0,6.0,-0.9659258262890683,-0.25881904510252063,2,0
2012-11-07 18:00:00,0.0,0.0,0.0,0.0,0.0,0.0,0.0,0.0,-1.0,-1.8369701987210297e-16,2,1
2012-11-07 19:00:00,26.0,4.0,0.0,0.0,46.0,18.0,94.0,4.0,-0.9659258262890684,0.2588190451025203,2,0
2012-11-07 20:00:00,0.0,0.0,8.0,26.0,56.0,10.0,100.0,4.0,-0.8660254037844386,0.5000000000000001,2,0
2012-11-07 21:00:00,0.0,0.0,0.0,0.0,66.0,0.0,66.0,1.0,-0.7071067811865477,0.7071067811865474,2,0
2012-11-07 22:00:00,0.0,0.0,0.0,0.0,102.0,0.0,102.0,1.0,-0.5000000000000004,0.8660254037844384,2,0
2012-11-07 23:00:00,108.0,192.0,2.0,56.0,72.0,10.0,440.0,6.0,-0.25881904510252157,0.9659258262890681,2,0
2012-11-08 00:00:00,0.0,0.0,0.0,0.0,0.0,0.0,0.0,0.0,0.0,1.0,3,1
2012-11-08 01:00:00,0.0,2.0,0.0,0.0,0.0,0.0,2.0,1.0,0.25881904510252074,0.9659258262890683,3,0
2012-11-08 02:00:00,0.0,2.0,0.0,0.0,0.0,0.0,2.0,1.0,0.49999999999999994,0.8660254037844387,3,0
2012-11-08 03:00:00,34.0,78.0,0.0,0.0,0.0,0.0,112.0,2.0,0.7071067811865476,0.7071067811865476,3,0
2012-11-08 04:00:00,0.0,0.0,0.0,0.0,0.0,0.0,0.0,0.0,0.8660254037844386,0.5000000000000001,3,1
2012-11-08 05:00:00,0.0,12.0,0.0,0.0,0.0,0.0,12.0,1.0,0.9659258262890683,0.25881904510252074,3,0
2012-11-08 06:00:00,0.0,8.0,0.0,0.0,0.0,0.0,8.0,1.0,1.0,6.123233995736766e-17,3,0
2012-11-08 07:00:00,0.0,0.0,0.0,0.0,0.0,0.0,0.0,0.0,0.9659258262890683,-0.25881904510252063,3,1
2012-11-08 08:00:00,0.0,8.0,0.0,0.0,0.0,0.0,8.0,1.0,0.8660254037844387,-0.4999999999999998,3,0
2012-11-08 09:00:00,38.0,44.0,4.0,48.0,64.0,18.0,216.0,6.0,0.7071067811865476,-0.7071067811865475,3,0
2012-11-08 10:00:00,46.0,4.0,6.0,160.0,104.0,2.0,322.0,6.0,0.49999999999999994,-0.8660254037844387,3,0
2012-11-08 11:00:00,0.0,0.0,0.0,0.0,114.0,0.0,114.0,1.0,0.258819045102521,-0.9659258262890682,3,0
2012-11-08 12:00:00,296.0,182.0,6.0,154.0,88.0,0.0,726.0,5.0,1.2246467991473532e-16,-1.0,3,0
2012-11-08 13:00:00,146.0,116.0,0.0,0.0,142.0,6.0,410.0,4.0,-0.2588190451025208,-0.9659258262890683,3,0
2012-11-08 14:00:00,24.0,52.0,0.0,0.0,146.0,16.0,238.0,4.0,-0.4999999999999997,-0.8660254037844388,3,0
2012-11-08 15:00:00,0.0,0.0,0.0,0.0,0.0,0.0,0.0,0.0,-0.7071067811865471,-0.7071067811865479,3,1
2012-11-08 16:00:00,0.0,0.0,6.0,52.0,54.0,10.0,122.0,4.0,-0.8660254037844385,-0.5000000000000004,3,0
2012-11-08 17:00:00,58.0,8.0,0.0,0.0,84.0,6.0,156.0,4.0,-0.9659258262890683,-0.25881904510252063,3,0
2012-11-08 18:00:00,0.0,68.0,0.0,2.0,8.0,12.0,90.0,4.0,-1.0,-1.8369701987210297e-16,3,0
2012-11-08 19:00:00,26.0,66.0,0.0,2.0,150.0,0.0,244.0,4.0,-0.9659258262890684,0.2588190451025203,3,0
2012-11-08 20:00:00,0.0,0.0,0.0,0.0,2.0,0.0,2.0,1.0,-0.8660254037844386,0.5000000000000001,3,0
2012-11-08 21:00:00,0.0,0.0,0.0,0.0,0.0,2.0,2.0,1.0,-0.7071067811865477,0.7071067811865474,3,0
2012-11-08 22:00:00,22.0,6.0,20.0,170.0,78.0,6.0,302.0,6.0,-0.5000000000000004,0.8660254037844384,3,0
2012-11-08 23:00:00,0.0,0.0,0.0,0.0,160.0,0.0,160.0,1.0,-0.25881904510252157,0.9659258262890681,3,0
2012-11-09 00:00:00,46.0,120.0,0.0,0.0,32.0,2.0,200.0,4.0,0.0,1.0,4,0
2012-11-09 01:00:00,0.0,0.0,0.0,2.0,0.0,0.0,2.0,1.0,0.25881904510252074,0.9659258262890683,4,0
2012-11-09 02:00:00,0.0,0.0,0.0,0.0,0.0,0.0,0.0,0.0,0.49999999999999994,0.8660254037844387,4,1
2012-11-09 03:00:00,0.0,2.0,0.0,0.0,0.0,0.0,2.0,1.0,0.7071067811865476,0.7071067811865476,4,0
2012-11-09 04:00:00,0.0,2.0,0.0,0.0,0.0,0.0,2.0,1.0,0.8660254037844386,0.5000000000000001,4,0
2012-11-09 05:00:00,0.0,8.0,0.0,0.0,0.0,0.0,8.0,1.0,0.9659258262890683,0.25881904510252074,4,0
2012-11-09 06:00:00,0.0,0.0,0.0,0.0,0.0,0.0,0.0,0.0,1.0,6.123233995736766e-17,4,1
2012-11-09 07:00:00,14.0,46.0,0.0,0.0,0.0,0.0,60.0,2.0,0.9659258262890683,-0.25881904510252063,4,0
2012-11-09 08:00:00,34.0,20.0,4.0,42.0,108.0,16.0,224.0,6.0,0.8660254037844387,-0.4999999999999998,4,0
2012-11-09 09:00:00,32.0,2.0,8.0,236.0,102.0,2.0,382.0,6.0,0.7071067811865476,-0.7071067811865475,4,0
2012-11-09 10:00:00,0.0,0.0,2.0,0.0,48.0,0.0,50.0,2.0,0.49999999999999994,-0.8660254037844387,4,0
2012-11-09 11:00:00,0.0,0.0,0.0,2.0,28.0,0.0,30.0,2.0,0.258819045102521,-0.9659258262890682,4,0
2012-11-09 12:00:00,352.0,292.0,8.0,238.0,86.0,6.0,982.0,6.0,1.2246467991473532e-16,-1.0,4,0
2012-11-09 13:00:00,0.0,0.0,12.0,60.0,78.0,16.0,166.0,4.0,-0.2588190451025208,-0.9659258262890683,4,0
2012-11-09 14:00:00,0.0,0.0,0.0,2.0,0.0,0.0,2.0,1.0,-0.4999999999999997,-0.8660254037844388,4,0
2012-11-09 15:00:00,0.0,0.0,0.0,0.0,30.0,4.0,34.0,2.0,-0.7071067811865471,-0.7071067811865479,4,0
2012-11-09 16:00:00,0.0,0.0,2.0,30.0,120.0,20.0,172.0,4.0,-0.8660254037844385,-0.5000000000000004,4,0
2012-11-09 17:00:00,68.0,64.0,0.0,0.0,94.0,8.0,234.0,4.0,-0.9659258262890683,-0.25881904510252063,4,0
2012-11-09 18:00:00,0.0,0.0,0.0,0.0,2.0,0.0,2.0,1.0,-1.0,-1.8369701987210297e-16,4,0
2012-11-09 19:00:00,0.0,0.0,0.0,0.0,44.0,6.0,50.0,2.0,-0.9659258262890684,0.2588190451025203,4,0
2012-11-09 20:00:00,0.0,0.0,0.0,0.0,2.0,0.0,2.0,1.0,-0.8660254037844386,0.5000000000000001,4,0
2012-11-09 21:00:00,0.0,0.0,0.0,0.0,12.0,0.0,12.0,1.0,-0.7071067811865477,0.7071067811865474,4,0
2012-11-09 22:00:00,24.0,190.0,0.0,0.0,62.0,12.0,288.0,4.0,-0.5000000000000004,0.8660254037844384,4,0
2012-11-09 23:00:00,0.0,0.0,0.0,0.0,0.0,0.0,0.0,0.0,-0.25881904510252157,0.9659258262890681,4,1
2012-11-10 00:00:00,14.0,26.0,0.0,0.0,24.0,0.0,64.0,3.0,0.0,1.0,5,0
2012-11-10 01:00:00,0.0,2.0,0.0,2.0,0.0,0.0,4.0,2.0,0.25881904510252074,0.9659258262890683,5,0
2012-11-10 02:00:00,0.0,2.0,0.0,0.0,0.0,0.0,2.0,1.0,0.49999999999999994,0.8660254037844387,5,0
2012-11-10 03:00:00,0.0,2.0,0.0,0.0,0.0,0.0,2.0,1.0,0.7071067811865476,0.7071067811865476,5,0
2012-11-10 04:00:00,0.0,2.0,0.0,0.0,0.0,0.0,2.0,1.0,0.8660254037844386,0.5000000000000001,5,0
2012-11-10 05:00:00,38.0,64.0,0.0,0.0,0.0,0.0,102.0,2.0,0.9659258262890683,0.25881904510252074,5,0
2012-11-10 06:00:00,0.0,2.0,0.0,0.0,0.0,0.0,2.0,1.0,1.0,6.123233995736766e-17,5,0
2012-11-10 07:00:00,0.0,0.0,0.0,0.0,0.0,0.0,0.0,0.0,0.9659258262890683,-0.25881904510252063,5,1
2012-11-10 08:00:00,0.0,0.0,0.0,0.0,0.0,0.0,0.0,0.0,0.8660254037844387,-0.4999999999999998,5,1
2012-11-10 09:00:00,38.0,24.0,8.0,46.0,58.0,14.0,188.0,6.0,0.7071067811865476,-0.7071067811865475,5,0
2012-11-10 10:00:00,28.0,18.0,16.0,268.0,72.0,2.0,404.0,6.0,0.49999999999999994,-0.8660254037844387,5,0
2012-11-10 11:00:00,354.0,110.0,0.0,0.0,40.0,6.0,510.0,4.0,0.258819045102521,-0.9659258262890682,5,0
2012-11-10 12:00:00,14.0,126.0,4.0,26.0,90.0,22.0,282.0,6.0,1.2246467991473532e-16,-1.0,5,0
2012-11-10 13:00:00,36.0,4.0,0.0,0.0,96.0,22.0,158.0,4.0,-0.2588190451025208,-0.9659258262890683,5,0
2012-11-10 14:00:00,36.0,2.0,4.0,92.0,62.0,18.0,214.0,6.0,-0.4999999999999997,-0.8660254037844388,5,0
2012-11-10 15:00:00,38.0,0.0,12.0,22.0,178.0,14.0,264.0,5.0,-0.7071067811865471,-0.7071067811865479,5,0
2012-11-10 16:00:00,10.0,2.0,4.0,26.0,94.0,2.0,138.0,6.0,-0.8660254037844385,-0.5000000000000004,5,0
2012-11-10 17:00:00,86.0,138.0,0.0,0.0,44.0,8.0,276.0,4.0,-0.9659258262890683,-0.25881904510252063,5,0
2012-11-10 18:00:00,0.0,0.0,0.0,0.0,82.0,26.0,108.0,2.0,-1.0,-1.8369701987210297e-16,5,0
2012-11-10 19:00:00,0.0,2.0,0.0,0.0,92.0,0.0,94.0,2.0,-0.9659258262890684,0.2588190451025203,5,0
2012-11-10 20:00:00,96.0,402.0,4.0,94.0,154.0,6.0,756.0,6.0,-0.8660254037844386,0.5000000000000001,5,0
2012-11-10 21:00:00,0.0,0.0,0.0,6.0,222.0,0.0,228.0,2.0,-0.7071067811865477,0.7071067811865474,5,0
2012-11-10 22:00:00,42.0,46.0,0.0,0.0,178.0,8.0,274.0,4.0,-0.5000000000000004,0.8660254037844384,5,0
2012-11-10 23:00:00,0.0,0.0,0.0,0.0,0.0,0.0,0.0,0.0,-0.25881904510252157,0.9659258262890681,5,1
2012-11-11 00:00:00,0.0,2.0,0.0,0.0,0.0,0.0,2.0,1.0,0.0,1.0,6,0
2012-11-11 01:00:00,0.0,6.0,0.0,0.0,0.0,0.0,6.0,1.0,0.25881904510252074,0.9659258262890683,6,0
2012-11-11 02:00:00,0.0,6.0,0.0,0.0,0.0,0.0,6.0,1.0,0.49999999999999994,0.8660254037844387,6,0
2012-11-11 03:00:00,0.0,0.0,0.0,0.0,0.0,0.0,0.0,0.0,0.7071067811865476,0.7071067811865476,6,1
2012-11-11 04:00:00,0.0,0.0,0.0,2.0,0.0,0.0,2.0,1.0,0.8660254037844386,0.5000000000000001,6,0
2012-11-11 05:00:00,50.0,62.0,0.0,0.0,0.0,0.0,112.0,2.0,0.9659258262890683,0.25881904510252074,6,0
2012-11-11 06:00:00,0.0,0.0,0.0,0.0,0.0,0.0,0.0,0.0,1.0,6.123233995736766e-17,6,1
2012-11-11 07:00:00,0.0,2.0,0.0,0.0,0.0,0.0,2.0,1.0,0.9659258262890683,-0.25881904510252063,6,0
2012-11-11 08:00:00,29.0,38.0,0.0,0.0,0.0,0.0,67.0,2.0,0.8660254037844387,-0.4999999999999998,6,0
2012-11-11 09:00:00,7.0,0.0,8.0,58.0,78.0,10.0,161.0,5.0,0.7071067811865476,-0.7071067811865475,6,0
2012-11-11 10:00:00,54.0,2.0,4.0,233.0,176.0,0.0,469.0,5.0,0.49999999999999994,-0.8660254037844387,6,0
2012-11-11 11:00:00,0.0,0.0,4.0,61.0,80.0,0.0,145.0,3.0,0.258819045102521,-0.9659258262890682,6,0
2012-11-11 12:00:00,279.0,166.0,10.0,40.0,66.0,0.0,561.0,5.0,1.2246467991473532e-16,-1.0,6,0
2012-11-11 13:00:00,11.0,102.0,12.0,78.0,172.0,40.0,415.0,6.0,-0.2588190451025208,-0.9659258262890683,6,0
2012-11-11 14:00:00,44.0,4.0,4.0,56.0,102.0,18.0,228.0,6.0,-0.4999999999999997,-0.8660254037844388,6,0
2012-11-11 15:00:00,0.0,0.0,2.0,58.0,60.0,0.0,120.0,3.0,-0.7071067811865471,-0.7071067811865479,6,0
2012-11-11 16:00:00,127.0,376.0,0.0,4.0,216.0,18.0,741.0,5.0,-0.8660254037844385,-0.5000000000000004,6,0
2012-11-11 17:00:00,47.0,12.0,0.0,0.0,58.0,10.0,127.0,4.0,-0.9659258262890683,-0.25881904510252063,6,0
2012-11-11 18:00:00,0.0,0.0,0.0,2.0,0.0,0.0,2.0,1.0,-1.0,-1.8369701987210297e-16,6,0
2012-11-11 19:00:00,40.0,4.0,0.0,2.0,172.0,8.0,226.0,5.0,-0.9659258262890684,0.2588190451025203,6,0
2012-11-11 20:00:00,46.0,4.0,2.0,50.0,180.0,2.0,284.0,6.0,-0.8660254037844386,0.5000000000000001,6,0
2012-11-11 21:00:00,2.0,130.0,8.0,60.0,80.0,12.0,292.0,6.0,-0.7071067811865477,0.7071067811865474,6,0
2012-11-11 22:00:00,0.0,0.0,0.0,0.0,50.0,0.0,50.0,1.0,-0.5000000000000004,0.8660254037844384,6,0
2012-11-11 23:00:00,100.0,104.0,0.0,2.0,48.0,6.0,260.0,5.0,-0.25881904510252157,0.9659258262890681,6,0
2012-11-12 00:00:00,0.0,10.0,0.0,0.0,0.0,0.0,10.0,1.0,0.0,1.0,0,0
2012-11-12 01:00:00,0.0,6.0,0.0,2.0,0.0,0.0,8.0,2.0,0.25881904510252074,0.9659258262890683,0,0
2012-11-12 02:00:00,0.0,34.0,0.0,0.0,0.0,0.0,34.0,1.0,0.49999999999999994,0.8660254037844387,0,0
2012-11-12 03:00:00,0.0,4.0,0.0,2.0,0.0,0.0,6.0,2.0,0.7071067811865476,0.7071067811865476,0,0
2012-11-12 04:00:00,42.0,70.0,0.0,0.0,0.0,0.0,112.0,2.0,0.8660254037844386,0.5000000000000001,0,0
2012-11-12 05:00:00,0.0,22.0,0.0,0.0,0.0,0.0,22.0,1.0,0.9659258262890683,0.25881904510252074,0,0
2012-11-12 06:00:00,0.0,0.0,0.0,0.0,0.0,0.0,0.0,0.0,1.0,6.123233995736766e-17,0,1
2012-11-12 07:00:00,0.0,0.0,0.0,0.0,0.0,0.0,0.0,0.0,0.9659258262890683,-0.25881904510252063,0,1
2012-11-12 08:00:00,44.0,36.0,6.0,50.0,80.0,16.0,232.0,6.0,0.8660254037844387,-0.4999999999999998,0,0
2012-11-12 09:00:00,358.0,242.0,16.0,288.0,98.0,16.0,1018.0,6.0,0.7071067811865476,-0.7071067811865475,0,0
2012-11-12 10:00:00,0.0,0.0,0.0,0.0,0.0,0.0,0.0,0.0,0.49999999999999994,-0.8660254037844387,0,1
2012-11-12 11:00:00,0.0,0.0,0.0,2.0,2.0,0.0,4.0,2.0,0.258819045102521,-0.9659258262890682,0,0
2012-11-12 12:00:00,0.0,0.0,10.0,96.0,110.0,26.0,242.0,4.0,1.2246467991473532e-16,-1.0,0,0
2012-11-12 13:00:00,0.0,0.0,0.0,0.0,4.0,0.0,4.0,1.0,-0.2588190451025208,-0.9659258262890683,0,0
2012-11-12 14:00:00,0.0,0.0,0.0,0.0,2.0,0.0,2.0,1.0,-0.4999999999999997,-0.8660254037844388,0,0
2012-11-12 15:00:00,98.0,8.0,48.0,278.0,126.0,2.0,560.0,6.0,-0.7071067811865471,-0.7071067811865479,0,0
2012-11-12 16:00:00,2.0,13.0,12.0,22.0,96.0,2.0,147.0,6.0,-0.8660254037844385,-0.5000000000000004,0,0
2012-11-12 17:00:00,84.0,77.0,8.0,48.0,182.0,10.0,409.0,6.0,-0.9659258262890683,-0.25881904510252063,0,0
2012-11-12 18:00:00,0.0,0.0,0.0,0.0,0.0,0.0,0.0,0.0,-1.0,-1.8369701987210297e-16,0,1
2012-11-12 19:00:00,0.0,0.0,0.0,0.0,156.0,12.0,168.0,2.0,-0.9659258262890684,0.2588190451025203,0,0
2012-11-12 20:00:00,0.0,0.0,0.0,0.0,114.0,0.0,114.0,1.0,-0.8660254037844386,0.5000000000000001,0,0
2012-11-12 21:00:00,50.0,182.0,6.0,114.0,80.0,4.0,436.0,6.0,-0.7071067811865477,0.7071067811865474,0,0
2012-11-12 22:00:00,0.0,0.0,0.0,0.0,84.0,0.0,84.0,1.0,-0.5000000000000004,0.8660254037844384,0,0
2012-11-12 23:00:00,0.0,0.0,0.0,0.0,118.0,0.0,118.0,1.0,-0.25881904510252157,0.9659258262890681,0,0
2012-11-13 00:00:00,0.0,0.0,0.0,2.0,192.0,0.0,194.0,2.0,0.0,1.0,1,0
2012-11-13 01:00:00,48.0,136.0,0.0,0.0,70.0,4.0,258.0,4.0,0.25881904510252074,0.9659258262890683,1,0
2012-11-13 02:00:00,0.0,22.0,0.0,0.0,0.0,0.0,22.0,1.0,0.49999999999999994,0.8660254037844387,1,0
2012-11-13 03:00:00,0.0,2.0,0.0,0.0,0.0,0.0,2.0,1.0,0.7071067811865476,0.7071067811865476,1,0
2012-11-13 04:00:00,0.0,8.0,0.0,0.0,0.0,0.0,8.0,1.0,0.8660254037844386,0.5000000000000001,1,0
2012-11-13 05:00:00,0.0,2.0,0.0,0.0,0.0,0.0,2.0,1.0,0.9659258262890683,0.25881904510252074,1,0
2012-11-13 06:00:00,0.0,0.0,0.0,0.0,0.0,0.0,0.0,0.0,1.0,6.123233995736766e-17,1,1
2012-11-13 07:00:00,0.0,0.0,0.0,0.0,0.0,0.0,0.0,0.0,0.9659258262890683,-0.25881904510252063,1,1
2012-11-13 08:00:00,0.0,4.0,0.0,0.0,0.0,0.0,4.0,1.0,0.8660254037844387,-0.4999999999999998,1,0
2012-11-13 09:00:00,54.0,54.0,2.0,54.0,58.0,14.0,236.0,6.0,0.7071067811865476,-0.7071067811865475,1,0
2012-11-13 10:00:00,0.0,0.0,6.0,236.0,88.0,0.0,330.0,3.0,0.49999999999999994,-0.8660254037844387,1,0
2012-11-13 11:00:00,0.0,0.0,0.0,0.0,28.0,0.0,28.0,1.0,0.258819045102521,-0.9659258262890682,1,0
2012-11-13 12:00:00,320.0,230.0,4.0,76.0,62.0,4.0,696.0,6.0,1.2246467991473532e-16,-1.0,1,0
2012-11-13 13:00:00,0.0,0.0,8.0,58.0,88.0,20.0,174.0,4.0,-0.2588190451025208,-0.9659258262890683,1,0
2012-11-13 14:00:00,0.0,0.0,0.0,0.0,54.0,10.0,64.0,2.0,-0.4999999999999997,-0.8660254037844388,1,0
2012-11-13 15:00:00,0.0,0.0,0.0,0.0,2.0,0.0,2.0,1.0,-0.7071067811865471,-0.7071067811865479,1,0
2012-11-13 16:00:00,0.0,0.0,4.0,38.0,136.0,4.0,182.0,4.0,-0.8660254037844385,-0.5000000000000004,1,0
2012-11-13 17:00:00,36.0,2.0,12.0,172.0,192.0,2.0,416.0,6.0,-0.9659258262890683,-0.25881904510252063,1,0
2012-11-13 18:00:00,0.0,0.0,0.0,0.0,96.0,0.0,96.0,1.0,-1.0,-1.8369701987210297e-16,1,0
2012-11-13 19:00:00,46.0,4.0,6.0,120.0,106.0,8.0,290.0,6.0,-0.9659258262890684,0.2588190451025203,1,0
2012-11-13 20:00:00,44.0,196.0,0.0,0.0,168.0,2.0,410.0,4.0,-0.8660254037844386,0.5000000000000001,1,0
2012-11-13 21:00:00,0.0,0.0,0.0,0.0,246.0,0.0,246.0,1.0,-0.7071067811865477,0.7071067811865474,1,0
2012-11-13 22:00:00,20.0,2.0,12.0,108.0,136.0,12.0,290.0,6.0,-0.5000000000000004,0.8660254037844384,1,0
2012-11-13 23:00:00,76.0,112.0,0.0,0.0,18.0,6.0,212.0,4.0,-0.25881904510252157,0.9659258262890681,1,0
2012-11-14 00:00:00,0.0,4.0,0.0,0.0,0.0,0.0,4.0,1.0,0.0,1.0,2,0
2012-11-14 01:00:00,0.0,2.0,0.0,0.0,0.0,0.0,2.0,1.0,0.25881904510252074,0.9659258262890683,2,0
2012-11-14 02:00:00,0.0,0.0,0.0,0.0,0.0,0.0,0.0,0.0,0.49999999999999994,0.8660254037844387,2,1
2012-11-14 03:00:00,0.0,0.0,0.0,0.0,0.0,0.0,0.0,0.0,0.7071067811865476,0.7071067811865476,2,1
2012-11-14 04:00:00,0.0,4.0,0.0,0.0,0.0,0.0,4.0,1.0,0.8660254037844386,0.5000000000000001,2,0
2012-11-14 05:00:00,0.0,2.0,0.0,0.0,0.0,0.0,2.0,1.0,0.9659258262890683,0.25881904510252074,2,0
2012-11-14 06:00:00,0.0,2.0,0.0,2.0,0.0,0.0,4.0,2.0,1.0,6.123233995736766e-17,2,0
2012-11-14 07:00:00,0.0,0.0,0.0,0.0,0.0,0.0,0.0,0.0,0.9659258262890683,-0.25881904510252063,2,1
2012-11-14 08:00:00,40.0,52.0,4.0,32.0,78.0,12.0,218.0,6.0,0.8660254037844387,-0.4999999999999998,2,0
2012-11-14 09:00:00,198.0,174.0,10.0,128.0,60.0,6.0,576.0,6.0,0.7071067811865476,-0.7071067811865475,2,0
2012-11-14 10:00:00,0.0,0.0,0.0,0.0,16.0,8.0,24.0,2.0,0.49999999999999994,-0.8660254037844387,2,0
2012-11-14 11:00:00,24.0,2.0,4.0,26.0,68.0,14.0,138.0,6.0,0.258819045102521,-0.9659258262890682,2,0
2012-11-14 12:00:00,0.0,0.0,0.0,0.0,0.0,0.0,0.0,0.0,1.2246467991473532e-16,-1.0,2,1
2012-11-14 13:00:00,0.0,0.0,0.0,0.0,0.0,0.0,0.0,0.0,-0.2588190451025208,-0.9659258262890683,2,1
2012-11-14 14:00:00,0.0,0.0,6.0,150.0,106.0,8.0,270.0,4.0,-0.4999999999999997,-0.8660254037844388,2,0
2012-11-14 15:00:00,0.0,0.0,0.0,0.0,126.0,0.0,126.0,1.0,-0.7071067811865471,-0.7071067811865479,2,0
2012-11-14 16:00:00,52.0,4.0,10.0,94.0,124.0,4.0,288.0,6.0,-0.8660254037844385,-0.5000000000000004,2,0
2012-11-14 17:00:00,2.0,34.0,0.0,0.0,130.0,8.0,174.0,4.0,-0.9659258262890683,-0.25881904510252063,2,0
2012-11-14 18:00:00,0.0,0.0,0.0,0.0,72.0,10.0,82.0,2.0,-1.0,-1.8369701987210297e-16,2,0
2012-11-14 19:00:00,0.0,2.0,0.0,0.0,66.0,10.0,78.0,3.0,-0.9659258262890684,0.2588190451025203,2,0
2012-11-14 20:00:00,36.0,6.0,4.0,34.0,38.0,26.0,144.0,6.0,-0.8660254037844386,0.5000000000000001,2,0
2012-11-14 21:00:00,68.0,176.0,4.0,104.0,66.0,16.0,434.0,6.0,-0.7071067811865477,0.7071067811865474,2,0
2012-11-14 22:00:00,0.0,0.0,0.0,2.0,92.0,0.0,94.0,2.0,-0.5000000000000004,0.8660254037844384,2,0
2012-11-14 23:00:00,60.0,94.0,0.0,0.0,120.0,4.0,278.0,4.0,-0.25881904510252157,0.9659258262890681,2,0
2012-11-15 00:00:00,0.0,22.0,0.0,0.0,0.0,0.0,22.0,1.0,0.0,1.0,3,0
2012-11-15 01:00:00,0.0,2.0,0.0,0.0,0.0,0.0,2.0,1.0,0.25881904510252074,0.9659258262890683,3,0
2012-11-15 02:00:00,0.0,2.0,0.0,0.0,0.0,0.0,2.0,1.0,0.49999999999999994,0.8660254037844387,3,0
2012-11-15 03:00:00,0.0,2.0,0.0,0.0,0.0,0.0,2.0,1.0,0.7071067811865476,0.7071067811865476,3,0
2012-11-15 04:00:00,0.0,4.0,0.0,0.0,0.0,2.0,6.0,2.0,0.8660254037844386,0.5000000000000001,3,0
2012-11-15 05:00:00,46.0,68.0,0.0,0.0,0.0,0.0,114.0,2.0,0.9659258262890683,0.25881904510252074,3,0
2012-11-15 06:00:00,0.0,0.0,0.0,0.0,0.0,0.0,0.0,0.0,1.0,6.123233995736766e-17,3,1
2012-11-15 07:00:00,3.0,48.0,0.0,0.0,0.0,0.0,51.0,2.0,0.9659258262890683,-0.25881904510252063,3,0
2012-11-15 08:00:00,33.0,2.0,6.0,44.0,88.0,12.0,185.0,6.0,0.8660254037844387,-0.4999999999999998,3,0
2012-11-15 09:00:00,248.0,256.0,2.0,108.0,104.0,8.0,726.0,6.0,0.7071067811865476,-0.7071067811865475,3,0
2012-11-15 10:00:00,0.0,0.0,0.0,0.0,0.0,0.0,0.0,0.0,0.49999999999999994,-0.8660254037844387,3,1
2012-11-15 11:00:00,0.0,0.0,0.0,0.0,0.0,0.0,0.0,0.0,0.258819045102521,-0.9659258262890682,3,1
2012-11-15 12:00:00,56.0,4.0,4.0,10.0,42.0,12.0,128.0,6.0,1.2246467991473532e-16,-1.0,3,0
2012-11-15 13:00:00,0.0,0.0,4.0,180.0,34.0,0.0,218.0,3.0,-0.2588190451025208,-0.9659258262890683,3,0
2012-11-15 14:00:00,44.0,22.0,10.0,44.0,100.0,10.0,230.0,6.0,-0.4999999999999997,-0.8660254037844388,3,0
2012-11-15 15:00:00,0.0,0.0,0.0,0.0,0.0,0.0,0.0,0.0,-0.7071067811865471,-0.7071067811865479,3,1
2012-11-15 16:00:00,0.0,0.0,0.0,0.0,102.0,8.0,110.0,2.0,-0.8660254037844385,-0.5000000000000004,3,0
2012-11-15 17:00:00,54.0,28.0,6.0,86.0,92.0,12.0,278.0,6.0,-0.9659258262890683,-0.25881904510252063,3,0
2012-11-15 18:00:00,0.0,0.0,0.0,0.0,38.0,12.0,50.0,2.0,-1.0,-1.8369701987210297e-16,3,0
2012-11-15 19:00:00,0.0,0.0,0.0,0.0,174.0,0.0,174.0,1.0,-0.9659258262890684,0.2588190451025203,3,0
2012-11-15 20:00:00,0.0,0.0,0.0,0.0,152.0,0.0,152.0,1.0,-0.8660254037844386,0.5000000000000001,3,0
2012-11-15 21:00:00,54.0,132.0,18.0,58.0,128.0,2.0,392.0,6.0,-0.7071067811865477,0.7071067811865474,3,0
2012-11-15 22:00:00,0.0,0.0,0.0,0.0,104.0,0.0,104.0,1.0,-0.5000000000000004,0.8660254037844384,3,0
2012-11-15 23:00:00,30.0,122.0,4.0,64.0,26.0,2.0,248.0,6.0,-0.25881904510252157,0.9659258262890681,3,0
2012-11-16 00:00:00,0.0,2.0,0.0,0.0,0.0,0.0,2.0,1.0,0.0,1.0,4,0
2012-11-16 01:00:00,0.0,8.0,0.0,0.0,0.0,0.0,8.0,1.0,0.25881904510252074,0.9659258262890683,4,0
2012-11-16 02:00:00,0.0,12.0,0.0,0.0,0.0,0.0,12.0,1.0,0.49999999999999994,0.8660254037844387,4,0
2012-11-16 03:00:00,0.0,2.0,0.0,2.0,0.0,0.0,4.0,2.0,0.7071067811865476,0.7071067811865476,4,0
2012-11-16 04:00:00,0.0,4.0,0.0,0.0,0.0,0.0,4.0,1.0,0.8660254037844386,0.5000000000000001,4,0
2012-11-16 05:00:00,28.0,66.0,0.0,0.0,0.0,0.0,94.0,2.0,0.9659258262890683,0.25881904510252074,4,0
2012-11-16 06:00:00,0.0,0.0,0.0,0.0,0.0,0.0,0.0,0.0,1.0,6.123233995736766e-17,4,1
2012-11-16 07:00:00,10.0,70.0,0.0,0.0,0.0,0.0,80.0,2.0,0.9659258262890683,-0.25881904510252063,4,0
2012-11-16 08:00:00,32.0,2.0,2.0,26.0,92.0,16.0,170.0,6.0,0.8660254037844387,-0.4999999999999998,4,0
2012-11-16 09:00:00,0.0,0.0,10.0,304.0,130.0,0.0,444.0,3.0,0.7071067811865476,-0.7071067811865475,4,0
2012-11-16 10:00:00,0.0,0.0,0.0,0.0,52.0,0.0,52.0,1.0,0.49999999999999994,-0.8660254037844387,4,0
2012-11-16 11:00:00,260.0,366.0,2.0,52.0,64.0,2.0,746.0,6.0,0.258819045102521,-0.9659258262890682,4,0
2012-11-16 12:00:00,54.0,78.0,0.0,0.0,36.0,6.0,174.0,4.0,1.2246467991473532e-16,-1.0,4,0
2012-11-16 13:00:00,0.0,0.0,0.0,0.0,0.0,0.0,0.0,0.0,-0.2588190451025208,-0.9659258262890683,4,1
2012-11-16 14:00:00,28.0,4.0,2.0,36.0,40.0,26.0,136.0,6.0,-0.4999999999999997,-0.8660254037844388,4,0
2012-11-16 15:00:00,0.0,0.0,4.0,82.0,82.0,0.0,168.0,3.0,-0.7071067811865471,-0.7071067811865479,4,0
2012-11-16 16:00:00,0.0,0.0,0.0,0.0,12.0,0.0,12.0,1.0,-0.8660254037844385,-0.5000000000000004,4,0
2012-11-16 17:00:00,0.0,0.0,0.0,0.0,36.0,6.0,42.0,2.0,-0.9659258262890683,-0.25881904510252063,4,0
2012-11-16 18:00:00,22.0,2.0,4.0,42.0,74.0,14.0,158.0,6.0,-1.0,-1.8369701987210297e-16,4,0
2012-11-16 19:00:00,20.0,2.0,0.0,86.0,92.0,2.0,202.0,5.0,-0.9659258262890684,0.2588190451025203,4,0
2012-11-16 20:00:00,0.0,0.0,0.0,0.0,174.0,0.0,174.0,1.0,-0.8660254037844386,0.5000000000000001,4,0
2012-11-16 21:00:00,4.0,108.0,2.0,2.0,154.0,8.0,278.0,6.0,-0.7071067811865477,0.7071067811865474,4,0
2012-11-16 22:00:00,0.0,0.0,0.0,0.0,100.0,0.0,100.0,1.0,-0.5000000000000004,0.8660254037844384,4,0
2012-11-16 23:00:00,76.0,116.0,0.0,0.0,20.0,0.0,212.0,3.0,-0.25881904510252157,0.9659258262890681,4,0
2012-11-17 00:00:00,0.0,0.0,0.0,0.0,0.0,0.0,0.0,0.0,0.0,1.0,5,1
2012-11-17 01:00:00,0.0,4.0,0.0,0.0,0.0,0.0,4.0,1.0,0.25881904510252074,0.9659258262890683,5,0
2012-11-17 02:00:00,0.0,8.0,0.0,0.0,0.0,0.0,8.0,1.0,0.49999999999999994,0.8660254037844387,5,0
2012-11-17 03:00:00,0.0,0.0,0.0,0.0,0.0,0.0,0.0,0.0,0.7071067811865476,0.7071067811865476,5,1
2012-11-17 04:00:00,26.0,58.0,0.0,0.0,0.0,0.0,84.0,2.0,0.8660254037844386,0.5000000000000001,5,0
2012-11-17 05:00:00,0.0,2.0,0.0,0.0,0.0,0.0,2.0,1.0,0.9659258262890683,0.25881904510252074,5,0
2012-11-17 06:00:00,0.0,0.0,0.0,0.0,0.0,0.0,0.0,0.0,1.0,6.123233995736766e-17,5,1
2012-11-17 07:00:00,0.0,8.0,0.0,0.0,0.0,0.0,8.0,1.0,0.9659258262890683,-0.25881904510252063,5,0
2012-11-17 08:00:00,38.0,84.0,2.0,20.0,32.0,20.0,196.0,6.0,0.8660254037844387,-0.4999999999999998,5,0
2012-11-17 09:00:00,0.0,0.0,2.0,96.0,102.0,0.0,200.0,3.0,0.7071067811865476,-0.7071067811865475,5,0
2012-11-17 10:00:00,0.0,0.0,0.0,52.0,60.0,0.0,112.0,2.0,0.49999999999999994,-0.8660254037844387,5,0
2012-11-17 11:00:00,139.0,140.0,0.0,54.0,66.0,2.0,401.0,5.0,0.258819045102521,-0.9659258262890682,5,0
2012-11-17 12:00:00,235.0,126.0,0.0,0.0,10.0,2.0,373.0,4.0,1.2246467991473532e-16,-1.0,5,0
2012-11-17 13:00:00,0.0,0.0,0.0,0.0,0.0,0.0,0.0,0.0,-0.2588190451025208,-0.9659258262890683,5,1
2012-11-17 14:00:00,2.0,14.0,4.0,44.0,118.0,20.0,202.0,6.0,-0.4999999999999997,-0.8660254037844388,5,0
2012-11-17 15:00:00,0.0,0.0,0.0,0.0,110.0,16.0,126.0,2.0,-0.7071067811865471,-0.7071067811865479,5,0
2012-11-17 16:00:00,2.0,6.0,0.0,0.0,176.0,30.0,214.0,4.0,-0.8660254037844385,-0.5000000000000004,5,0
2012-11-17 17:00:00,0.0,0.0,0.0,0.0,12.0,0.0,12.0,1.0,-0.9659258262890683,-0.25881904510252063,5,0
2012-11-17 18:00:00,44.0,284.0,6.0,150.0,136.0,38.0,658.0,6.0,-1.0,-1.8369701987210297e-16,5,0
2012-11-17 19:00:00,4.0,40.0,4.0,180.0,100.0,6.0,334.0,6.0,-0.9659258262890684,0.2588190451025203,5,0
2012-11-17 20:00:00,0.0,0.0,12.0,220.0,174.0,0.0,406.0,3.0,-0.8660254037844386,0.5000000000000001,5,0
2012-11-17 21:00:00,12.0,122.0,0.0,0.0,90.0,2.0,226.0,4.0,-0.7071067811865477,0.7071067811865474,5,0
2012-11-17 22:00:00,80.0,108.0,12.0,20.0,96.0,6.0,322.0,6.0,-0.5000000000000004,0.8660254037844384,5,0
2012-11-17 23:00:00,0.0,12.0,0.0,0.0,0.0,0.0,12.0,1.0,-0.25881904510252157,0.9659258262890681,5,0
2012-11-18 00:00:00,0.0,4.0,0.0,0.0,0.0,0.0,4.0,1.0,0.0,1.0,6,0
2012-11-18 01:00:00,0.0,4.0,0.0,0.0,0.0,0.0,4.0,1.0,0.25881904510252074,0.9659258262890683,6,0
2012-11-18 02:00:00,0.0,4.0,0.0,2.0,0.0,0.0,6.0,2.0,0.49999999999999994,0.8660254037844387,6,0
2012-11-18 03:00:00,0.0,6.0,0.0,0.0,0.0,0.0,6.0,1.0,0.7071067811865476,0.7071067811865476,6,0
2012-11-18 04:00:00,34.0,76.0,0.0,2.0,0.0,0.0,112.0,3.0,0.8660254037844386,0.5000000000000001,6,0
2012-11-18 05:00:00,0.0,0.0,0.0,0.0,0.0,0.0,0.0,0.0,0.9659258262890683,0.25881904510252074,6,1
2012-11-18 06:00:00,0.0,4.0,0.0,0.0,0.0,0.0,4.0,1.0,1.0,6.123233995736766e-17,6,0
2012-11-18 07:00:00,40.0,56.0,4.0,50.0,26.0,12.0,188.0,6.0,0.9659258262890683,-0.25881904510252063,6,0
2012-11-18 08:00:00,0.0,0.0,0.0,0.0,78.0,0.0,78.0,1.0,0.8660254037844387,-0.4999999999999998,6,0
2012-11-18 09:00:00,102.0,0.0,2.0,298.0,156.0,4.0,562.0,5.0,0.7071067811865476,-0.7071067811865475,6,0
2012-11-18 10:00:00,0.0,0.0,0.0,0.0,120.0,0.0,120.0,1.0,0.49999999999999994,-0.8660254037844387,6,0
2012-11-18 11:00:00,138.0,0.0,20.0,148.0,146.0,18.0,470.0,5.0,0.258819045102521,-0.9659258262890682,6,0
2012-11-18 12:00:00,352.0,266.0,0.0,0.0,74.0,4.0,696.0,4.0,1.2246467991473532e-16,-1.0,6,0
2012-11-18 13:00:00,0.0,0.0,0.0,0.0,12.0,0.0,12.0,1.0,-0.2588190451025208,-0.9659258262890683,6,0
2012-11-18 14:00:00,40.0,4.0,4.0,60.0,84.0,4.0,196.0,6.0,-0.4999999999999997,-0.8660254037844388,6,0
2012-11-18 15:00:00,8.0,6.0,94.0,136.0,102.0,24.0,370.0,6.0,-0.7071067811865471,-0.7071067811865479,6,0
2012-11-18 16:00:00,0.0,0.0,0.0,0.0,2.0,0.0,2.0,1.0,-0.8660254037844385,-0.5000000000000004,6,0
2012-11-18 17:00:00,64.0,32.0,0.0,0.0,58.0,8.0,162.0,4.0,-0.9659258262890683,-0.25881904510252063,6,0
2012-11-18 18:00:00,0.0,0.0,0.0,2.0,0.0,0.0,2.0,1.0,-1.0,-1.8369701987210297e-16,6,0
2012-11-18 19:00:00,4.0,0.0,0.0,0.0,80.0,12.0,96.0,3.0,-0.9659258262890684,0.2588190451025203,6,0
2012-11-18 20:00:00,0.0,0.0,8.0,190.0,44.0,0.0,242.0,3.0,-0.8660254037844386,0.5000000000000001,6,0
2012-11-18 21:00:00,0.0,2.0,0.0,0.0,0.0,0.0,2.0,1.0,-0.7071067811865477,0.7071067811865474,6,0
2012-11-18 22:00:00,0.0,0.0,8.0,234.0,76.0,0.0,318.0,3.0,-0.5000000000000004,0.8660254037844384,6,0
2012-11-18 23:00:00,88.0,234.0,0.0,0.0,60.0,6.0,388.0,4.0,-0.25881904510252157,0.9659258262890681,6,0
2012-11-19 00:00:00,0.0,16.0,0.0,0.0,0.0,0.0,16.0,1.0,0.0,1.0,0,0
2012-11-19 01:00:00,0.0,26.0,0.0,0.0,0.0,0.0,26.0,1.0,0.25881904510252074,0.9659258262890683,0,0
2012-11-19 02:00:00,0.0,4.0,0.0,0.0,0.0,0.0,4.0,1.0,0.49999999999999994,0.8660254037844387,0,0
2012-11-19 03:00:00,0.0,0.0,0.0,0.0,0.0,0.0,0.0,0.0,0.7071067811865476,0.7071067811865476,0,1
2012-11-19 04:00:00,0.0,2.0,0.0,0.0,0.0,0.0,2.0,1.0,0.8660254037844386,0.5000000000000001,0,0
2012-11-19 05:00:00,0.0,4.0,0.0,0.0,0.0,0.0,4.0,1.0,0.9659258262890683,0.25881904510252074,0,0
2012-11-19 06:00:00,26.0,104.0,0.0,0.0,0.0,0.0,130.0,2.0,1.0,6.123233995736766e-17,0,0
2012-11-19 07:00:00,32.0,76.0,6.0,60.0,40.0,14.0,228.0,6.0,0.9659258262890683,-0.25881904510252063,0,0
2012-11-19 08:00:00,0.0,0.0,10.0,212.0,104.0,0.0,326.0,3.0,0.8660254037844387,-0.4999999999999998,0,0
2012-11-19 09:00:00,0.0,0.0,0.0,0.0,90.0,0.0,90.0,1.0,0.7071067811865476,-0.7071067811865475,0,0
2012-11-19 10:00:00,16.0,202.0,34.0,132.0,146.0,2.0,532.0,6.0,0.49999999999999994,-0.8660254037844387,0,0
2012-11-19 11:00:00,340.0,72.0,4.0,0.0,16.0,4.0,436.0,5.0,0.258819045102521,-0.9659258262890682,0,0
2012-11-19 12:00:00,0.0,0.0,0.0,0.0,4.0,0.0,4.0,1.0,1.2246467991473532e-16,-1.0,0,0
2012-11-19 13:00:00,38.0,4.0,0.0,0.0,26.0,10.0,78.0,4.0,-0.2588190451025208,-0.9659258262890683,0,0
2012-11-19 14:00:00,10.0,18.0,16.0,56.0,80.0,30.0,210.0,6.0,-0.4999999999999997,-0.8660254037844388,0,0
2012-11-19 15:00:00,26.0,6.0,10.0,0.0,54.0,16.0,112.0,5.0,-0.7071067811865471,-0.7071067811865479,0,0
2012-11-19 16:00:00,0.0,0.0,0.0,0.0,68.0,14.0,82.0,2.0,-0.8660254037844385,-0.5000000000000004,0,0
2012-11-19 17:00:00,0.0,2.0,0.0,2.0,14.0,6.0,24.0,4.0,-0.9659258262890683,-0.25881904510252063,0,0
2012-11-19 18:00:00,58.0,4.0,0.0,0.0,74.0,18.0,154.0,4.0,-1.0,-1.8369701987210297e-16,0,0
2012-11-19 19:00:00,0.0,0.0,0.0,0.0,0.0,0.0,0.0,0.0,-0.9659258262890684,0.2588190451025203,0,1
2012-11-19 20:00:00,0.0,0.0,0.0,0.0,0.0,0.0,0.0,0.0,-0.8660254037844386,0.5000000000000001,0,1
2012-11-19 21:00:00,46.0,122.0,0.0,0.0,88.0,28.0,284.0,4.0,-0.7071067811865477,0.7071067811865474,0,0
2012-11-19 22:00:00,0.0,0.0,18.0,54.0,104.0,2.0,178.0,4.0,-0.5000000000000004,0.8660254037844384,0,0
2012-11-19 23:00:00,18.0,364.0,0.0,0.0,56.0,6.0,444.0,4.0,-0.25881904510252157,0.9659258262890681,0,0
2012-11-20 00:00:00,0.0,0.0,0.0,0.0,2.0,0.0,2.0,1.0,0.0,1.0,1,0
2012-11-20 01:00:00,0.0,18.0,0.0,0.0,0.0,0.0,18.0,1.0,0.25881904510252074,0.9659258262890683,1,0
2012-11-20 02:00:00,0.0,0.0,0.0,0.0,0.0,0.0,0.0,0.0,0.49999999999999994,0.8660254037844387,1,1
2012-11-20 03:00:00,0.0,8.0,0.0,0.0,0.0,0.0,8.0,1.0,0.7071067811865476,0.7071067811865476,1,0
2012-11-20 04:00:00,26.0,68.0,0.0,0.0,0.0,0.0,94.0,2.0,0.8660254037844386,0.5000000000000001,1,0
2012-11-20 05:00:00,0.0,2.0,0.0,0.0,0.0,0.0,2.0,1.0,0.9659258262890683,0.25881904510252074,1,0
2012-11-20 06:00:00,0.0,2.0,0.0,2.0,0.0,0.0,4.0,2.0,1.0,6.123233995736766e-17,1,0
2012-11-20 07:00:00,0.0,4.0,0.0,0.0,0.0,0.0,4.0,1.0,0.9659258262890683,-0.25881904510252063,1,0
2012-11-20 08:00:00,36.0,68.0,6.0,24.0,64.0,14.0,212.0,6.0,0.8660254037844387,-0.4999999999999998,1,0
2012-11-20 09:00:00,2.0,78.0,12.0,282.0,76.0,2.0,452.0,6.0,0.7071067811865476,-0.7071067811865475,1,0
2012-11-20 10:00:00,244.0,192.0,0.0,0.0,78.0,2.0,516.0,4.0,0.49999999999999994,-0.8660254037844387,1,0
2012-11-20 11:00:00,0.0,0.0,10.0,688.0,38.0,0.0,736.0,3.0,0.258819045102521,-0.9659258262890682,1,0
2012-11-20 12:00:00,0.0,0.0,26.0,790.0,152.0,0.0,968.0,3.0,1.2246467991473532e-16,-1.0,1,0
2012-11-20 13:00:00,38.0,4.0,4.0,52.0,98.0,4.0,200.0,6.0,-0.2588190451025208,-0.9659258262890683,1,0
2012-11-20 14:00:00,28.0,14.0,4.0,156.0,38.0,12.0,252.0,6.0,-0.4999999999999997,-0.8660254037844388,1,0
2012-11-20 15:00:00,0.0,0.0,14.0,374.0,54.0,12.0,454.0,4.0,-0.7071067811865471,-0.7071067811865479,1,0
2012-11-20 16:00:00,0.0,0.0,26.0,292.0,110.0,2.0,430.0,4.0,-0.8660254037844385,-0.5000000000000004,1,0
2012-11-20 17:00:00,0.0,0.0,12.0,52.0,102.0,16.0,182.0,4.0,-0.9659258262890683,-0.25881904510252063,1,0
2012-11-20 18:00:00,0.0,0.0,0.0,2.0,70.0,0.0,72.0,2.0,-1.0,-1.8369701987210297e-16,1,0
2012-11-20 19:00:00,0.0,0.0,0.0,0.0,118.0,0.0,118.0,1.0,-0.9659258262890684,0.2588190451025203,1,0
2012-11-20 20:00:00,108.0,10.0,50.0,402.0,102.0,8.0,680.0,6.0,-0.8660254037844386,0.5000000000000001,1,0
2012-11-20 21:00:00,50.0,62.0,0.0,0.0,136.0,7.0,255.0,4.0,-0.7071067811865477,0.7071067811865474,1,0
2012-11-20 22:00:00,1.0,0.0,6.0,46.0,152.0,3.0,208.0,5.0,-0.5000000000000004,0.8660254037844384,1,0
2012-11-20 23:00:00,27.0,118.0,0.0,2.0,0.0,0.0,147.0,3.0,-0.25881904510252157,0.9659258262890681,1,0
2012-11-21 00:00:00,0.0,16.0,0.0,0.0,0.0,0.0,16.0,1.0,0.0,1.0,2,0
2012-11-21 01:00:00,0.0,4.0,0.0,0.0,0.0,0.0,4.0,1.0,0.25881904510252074,0.9659258262890683,2,0
2012-11-21 02:00:00,0.0,36.0,2.0,0.0,0.0,0.0,38.0,2.0,0.49999999999999994,0.8660254037844387,2,0
2012-11-21 03:00:00,0.0,4.0,0.0,0.0,0.0,0.0,4.0,1.0,0.7071067811865476,0.7071067811865476,2,0
2012-11-21 04:00:00,0.0,2.0,0.0,0.0,2.0,0.0,4.0,2.0,0.8660254037844386,0.5000000000000001,2,0
2012-11-21 05:00:00,0.0,8.0,0.0,2.0,0.0,0.0,10.0,2.0,0.9659258262890683,0.25881904510252074,2,0
2012-11-21 06:00:00,34.0,68.0,4.0,48.0,104.0,12.0,270.0,6.0,1.0,6.123233995736766e-17,2,0
2012-11-21 07:00:00,2.0,0.0,8.0,384.0,96.0,0.0,490.0,4.0,0.9659258262890683,-0.25881904510252063,2,0
2012-11-21 08:00:00,40.0,96.0,0.0,60.0,66.0,0.0,262.0,4.0,0.8660254037844387,-0.4999999999999998,2,0
2012-11-21 09:00:00,50.0,4.0,0.0,2.0,180.0,2.0,238.0,5.0,0.7071067811865476,-0.7071067811865475,2,0
2012-11-21 10:00:00,0.0,0.0,0.0,2.0,6.0,0.0,8.0,2.0,0.49999999999999994,-0.8660254037844387,2,0
2012-11-21 11:00:00,164.0,162.0,14.0,20.0,80.0,14.0,454.0,6.0,0.258819045102521,-0.9659258262890682,2,0
2012-11-21 12:00:00,0.0,0.0,0.0,0.0,0.0,0.0,0.0,0.0,1.2246467991473532e-16,-1.0,2,1
2012-11-21 13:00:00,0.0,0.0,2.0,42.0,76.0,6.0,126.0,4.0,-0.2588190451025208,-0.9659258262890683,2,0
2012-11-21 14:00:00,0.0,0.0,14.0,128.0,146.0,12.0,300.0,4.0,-0.4999999999999997,-0.8660254037844388,2,0
2012-11-21 15:00:00,38.0,4.0,0.0,0.0,98.0,26.0,166.0,4.0,-0.7071067811865471,-0.7071067811865479,2,0
2012-11-21 16:00:00,1.0,0.0,0.0,2.0,8.0,8.0,19.0,4.0,-0.8660254037844385,-0.5000000000000004,2,0
2012-11-21 17:00:00,35.0,2.0,0.0,0.0,56.0,12.0,105.0,4.0,-0.9659258262890683,-0.25881904510252063,2,0
2012-11-21 18:00:00,0.0,0.0,0.0,0.0,62.0,14.0,76.0,2.0,-1.0,-1.8369701987210297e-16,2,0
2012-11-21 19:00:00,0.0,0.0,0.0,0.0,128.0,0.0,128.0,1.0,-0.9659258262890684,0.2588190451025203,2,0
2012-11-21 20:00:00,34.0,88.0,0.0,0.0,126.0,4.0,252.0,4.0,-0.8660254037844386,0.5000000000000001,2,0
2012-11-21 21:00:00,0.0,0.0,12.0,174.0,98.0,0.0,284.0,3.0,-0.7071067811865477,0.7071067811865474,2,0
2012-11-21 22:00:00,6.0,6.0,0.0,0.0,84.0,10.0,106.0,4.0,-0.5000000000000004,0.8660254037844384,2,0
2012-11-21 23:00:00,102.0,166.0,0.0,0.0,16.0,0.0,284.0,3.0,-0.25881904510252157,0.9659258262890681,2,0
2012-11-22 00:00:00,0.0,4.0,0.0,0.0,0.0,0.0,4.0,1.0,0.0,1.0,3,0
2012-11-22 01:00:00,0.0,6.0,0.0,0.0,0.0,0.0,6.0,1.0,0.25881904510252074,0.9659258262890683,3,0
2012-11-22 02:00:00,0.0,16.0,0.0,0.0,0.0,0.0,16.0,1.0,0.49999999999999994,0.8660254037844387,3,0
2012-11-22 03:00:00,0.0,12.0,0.0,0.0,0.0,0.0,12.0,1.0,0.7071067811865476,0.7071067811865476,3,0
2012-11-22 04:00:00,0.0,6.0,0.0,0.0,0.0,0.0,6.0,1.0,0.8660254037844386,0.5000000000000001,3,0
2012-11-22 05:00:00,36.0,96.0,0.0,0.0,0.0,0.0,132.0,2.0,0.9659258262890683,0.25881904510252074,3,0
2012-11-22 06:00:00,0.0,0.0,0.0,0.0,0.0,0.0,0.0,0.0,1.0,6.123233995736766e-17,3,1
2012-11-22 07:00:00,44.0,62.0,2.0,44.0,42.0,10.0,204.0,6.0,0.9659258262890683,-0.25881904510252063,3,0
2012-11-22 08:00:00,44.0,4.0,4.0,90.0,124.0,2.0,268.0,6.0,0.8660254037844387,-0.4999999999999998,3,0
2012-11-22 09:00:00,0.0,0.0,4.0,128.0,48.0,0.0,180.0,3.0,0.7071067811865476,-0.7071067811865475,3,0
2012-11-22 10:00:00,0.0,0.0,0.0,0.0,100.0,0.0,100.0,1.0,0.49999999999999994,-0.8660254037844387,3,0
2012-11-22 11:00:00,6.0,14.0,2.0,96.0,128.0,0.0,246.0,5.0,0.258819045102521,-0.9659258262890682,3,0
2012-11-22 12:00:00,316.0,290.0,2.0,2.0,54.0,8.0,672.0,6.0,1.2246467991473532e-16,-1.0,3,0
2012-11-22 13:00:00,24.0,4.0,6.0,22.0,112.0,20.0,188.0,6.0,-0.2588190451025208,-0.9659258262890683,3,0
2012-11-22 14:00:00,0.0,0.0,0.0,0.0,18.0,0.0,18.0,1.0,-0.4999999999999997,-0.8660254037844388,3,0
2012-11-22 15:00:00,24.0,7.0,0.0,2.0,14.0,2.0,49.0,5.0,-0.7071067811865471,-0.7071067811865479,3,0
2012-11-22 16:00:00,50.0,133.0,0.0,0.0,38.0,12.0,233.0,4.0,-0.8660254037844385,-0.5000000000000004,3,0
2012-11-22 17:00:00,0.0,0.0,0.0,0.0,0.0,0.0,0.0,0.0,-0.9659258262890683,-0.25881904510252063,3,1
2012-11-22 18:00:00,0.0,0.0,0.0,0.0,0.0,0.0,0.0,0.0,-1.0,-1.8369701987210297e-16,3,1
2012-11-22 19:00:00,0.0,0.0,0.0,0.0,0.0,0.0,0.0,0.0,-0.9659258262890684,0.2588190451025203,3,1
2012-11-22 20:00:00,48.0,8.0,33.0,80.0,140.0,14.0,323.0,6.0,-0.8660254037844386,0.5000000000000001,3,0
2012-11-22 21:00:00,0.0,0.0,5.0,38.0,6.0,0.0,49.0,3.0,-0.7071067811865477,0.7071067811865474,3,0
2012-11-22 22:00:00,0.0,0.0,0.0,0.0,2.0,0.0,2.0,1.0,-0.5000000000000004,0.8660254037844384,3,0
2012-11-22 23:00:00,0.0,0.0,0.0,0.0,0.0,0.0,0.0,0.0,-0.25881904510252157,0.9659258262890681,3,1
2012-11-23 00:00:00,26.0,188.0,2.0,44.0,56.0,8.0,324.0,6.0,0.0,1.0,4,0
2012-11-23 01:00:00,0.0,0.0,0.0,0.0,0.0,0.0,0.0,0.0,0.25881904510252074,0.9659258262890683,4,1
2012-11-23 02:00:00,0.0,0.0,0.0,0.0,0.0,0.0,0.0,0.0,0.49999999999999994,0.8660254037844387,4,1
2012-11-23 03:00:00,0.0,24.0,0.0,0.0,0.0,0.0,24.0,1.0,0.7071067811865476,0.7071067811865476,4,0
2012-11-23 04:00:00,0.0,6.0,0.0,2.0,0.0,0.0,8.0,2.0,0.8660254037844386,0.5000000000000001,4,0
2012-11-23 05:00:00,0.0,0.0,0.0,0.0,0.0,0.0,0.0,0.0,0.9659258262890683,0.25881904510252074,4,1
2012-11-23 06:00:00,0.0,0.0,0.0,0.0,0.0,0.0,0.0,0.0,1.0,6.123233995736766e-17,4,1
2012-11-23 07:00:00,24.0,56.0,4.0,40.0,112.0,10.0,246.0,6.0,0.9659258262890683,-0.25881904510252063,4,0
2012-11-23 08:00:00,0.0,0.0,4.0,184.0,50.0,0.0,238.0,3.0,0.8660254037844387,-0.4999999999999998,4,0
2012-11-23 09:00:00,0.0,0.0,0.0,68.0,26.0,0.0,94.0,2.0,0.7071067811865476,-0.7071067811865475,4,0
2012-11-23 10:00:00,82.0,122.0,0.0,0.0,64.0,12.0,280.0,4.0,0.49999999999999994,-0.8660254037844387,4,0
2012-11-23 11:00:00,34.0,4.0,0.0,0.0,42.0,14.0,94.0,4.0,0.258819045102521,-0.9659258262890682,4,0
2012-11-23 12:00:00,0.0,0.0,0.0,2.0,36.0,20.0,58.0,3.0,1.2246467991473532e-16,-1.0,4,0
2012-11-23 13:00:00,42.0,104.0,12.0,188.0,132.0,2.0,480.0,6.0,-0.2588190451025208,-0.9659258262890683,4,0
2012-11-23 14:00:00,0.0,0.0,2.0,42.0,96.0,0.0,140.0,3.0,-0.4999999999999997,-0.8660254037844388,4,0
2012-11-23 15:00:00,0.0,0.0,0.0,0.0,136.0,0.0,136.0,1.0,-0.7071067811865471,-0.7071067811865479,4,0
2012-11-23 16:00:00,32.0,34.0,4.0,36.0,166.0,14.0,286.0,6.0,-0.8660254037844385,-0.5000000000000004,4,0
2012-11-23 17:00:00,0.0,0.0,0.0,0.0,92.0,6.0,98.0,2.0,-0.9659258262890683,-0.25881904510252063,4,0
2012-11-23 18:00:00,0.0,0.0,0.0,0.0,0.0,0.0,0.0,0.0,-1.0,-1.8369701987210297e-16,4,1
2012-11-23 19:00:00,0.0,0.0,0.0,2.0,72.0,14.0,88.0,3.0,-0.9659258262890684,0.2588190451025203,4,0
2012-11-23 20:00:00,0.0,0.0,0.0,0.0,20.0,0.0,20.0,1.0,-0.8660254037844386,0.5000000000000001,4,0
2012-11-23 21:00:00,0.0,0.0,0.0,0.0,8.0,0.0,8.0,1.0,-0.7071067811865477,0.7071067811865474,4,0
2012-11-23 22:00:00,0.0,0.0,0.0,0.0,8.0,0.0,8.0,1.0,-0.5000000000000004,0.8660254037844384,4,0
2012-11-23 23:00:00,100.0,240.0,22.0,54.0,128.0,18.0,562.0,6.0,-0.25881904510252157,0.9659258262890681,4,0
2012-11-24 00:00:00,0.0,4.0,0.0,0.0,0.0,0.0,4.0,1.0,0.0,1.0,5,0
2012-11-24 01:00:00,0.0,2.0,0.0,0.0,0.0,0.0,2.0,1.0,0.25881904510252074,0.9659258262890683,5,0
2012-11-24 02:00:00,0.0,12.0,0.0,0.0,0.0,0.0,12.0,1.0,0.49999999999999994,0.8660254037844387,5,0
2012-11-24 03:00:00,0.0,6.0,0.0,0.0,0.0,0.0,6.0,1.0,0.7071067811865476,0.7071067811865476,5,0
2012-11-24 04:00:00,0.0,4.0,0.0,0.0,0.0,0.0,4.0,1.0,0.8660254037844386,0.5000000000000001,5,0
2012-11-24 05:00:00,0.0,12.0,0.0,0.0,2.0,0.0,14.0,2.0,0.9659258262890683,0.25881904510252074,5,0
2012-11-24 06:00:00,0.0,0.0,0.0,0.0,0.0,0.0,0.0,0.0,1.0,6.123233995736766e-17,5,1
2012-11-24 07:00:00,0.0,4.0,0.0,0.0,0.0,0.0,4.0,1.0,0.9659258262890683,-0.25881904510252063,5,0
2012-11-24 08:00:00,32.0,58.0,6.0,32.0,46.0,20.0,194.0,6.0,0.8660254037844387,-0.4999999999999998,5,0
2012-11-24 09:00:00,34.0,2.0,6.0,152.0,80.0,2.0,276.0,6.0,0.7071067811865476,-0.7071067811865475,5,0
2012-11-24 10:00:00,116.0,154.0,4.0,94.0,50.0,0.0,418.0,5.0,0.49999999999999994,-0.8660254037844387,5,0
2012-11-24 11:00:00,142.0,90.0,8.0,16.0,312.0,68.0,636.0,6.0,0.258819045102521,-0.9659258262890682,5,0
2012-11-24 12:00:00,0.0,0.0,16.0,30.0,532.0,32.0,610.0,4.0,1.2246467991473532e-16,-1.0,5,0
2012-11-24 13:00:00,28.0,0.0,0.0,0.0,16.0,8.0,52.0,3.0,-0.2588190451025208,-0.9659258262890683,5,0
2012-11-24 14:00:00,0.0,0.0,4.0,134.0,58.0,0.0,196.0,3.0,-0.4999999999999997,-0.8660254037844388,5,0
2012-11-24 15:00:00,0.0,0.0,0.0,0.0,52.0,16.0,68.0,2.0,-0.7071067811865471,-0.7071067811865479,5,0
2012-11-24 16:00:00,0.0,0.0,0.0,0.0,0.0,0.0,0.0,0.0,-0.8660254037844385,-0.5000000000000004,5,1
2012-11-24 17:00:00,56.0,0.0,10.0,24.0,88.0,12.0,190.0,5.0,-0.9659258262890683,-0.25881904510252063,5,0
2012-11-24 18:00:00,0.0,0.0,0.0,0.0,0.0,0.0,0.0,0.0,-1.0,-1.8369701987210297e-16,5,1
2012-11-24 19:00:00,2.0,64.0,8.0,34.0,156.0,32.0,296.0,6.0,-0.9659258262890684,0.2588190451025203,5,0
2012-11-24 20:00:00,42.0,6.0,0.0,0.0,180.0,36.0,264.0,4.0,-0.8660254037844386,0.5000000000000001,5,0
2012-11-24 21:00:00,0.0,0.0,0.0,2.0,18.0,0.0,20.0,2.0,-0.7071067811865477,0.7071067811865474,5,0
2012-11-24 22:00:00,0.0,493.0,0.0,0.0,30.0,22.0,545.0,3.0,-0.5000000000000004,0.8660254037844384,5,0
2012-11-24 23:00:00,28.0,79.0,0.0,0.0,126.0,2.0,235.0,4.0,-0.25881904510252157,0.9659258262890681,5,0
2012-11-25 00:00:00,64.0,176.0,6.0,100.0,38.0,6.0,390.0,6.0,0.0,1.0,6,0
2012-11-25 01:00:00,0.0,4.0,0.0,0.0,0.0,0.0,4.0,1.0,0.25881904510252074,0.9659258262890683,6,0
2012-11-25 02:00:00,0.0,18.0,0.0,0.0,0.0,0.0,18.0,1.0,0.49999999999999994,0.8660254037844387,6,0
2012-11-25 03:00:00,0.0,2.0,0.0,0.0,0.0,0.0,2.0,1.0,0.7071067811865476,0.7071067811865476,6,0
2012-11-25 04:00:00,0.0,2.0,0.0,0.0,0.0,0.0,2.0,1.0,0.8660254037844386,0.5000000000000001,6,0
2012-11-25 05:00:00,0.0,6.0,0.0,0.0,0.0,0.0,6.0,1.0,0.9659258262890683,0.25881904510252074,6,0
2012-11-25 06:00:00,34.0,96.0,0.0,0.0,0.0,0.0,130.0,2.0,1.0,6.123233995736766e-17,6,0
2012-11-25 07:00:00,54.0,54.0,4.0,52.0,102.0,10.0,276.0,6.0,0.9659258262890683,-0.25881904510252063,6,0
2012-11-25 08:00:00,0.0,0.0,2.0,16.0,166.0,0.0,184.0,3.0,0.8660254037844387,-0.4999999999999998,6,0
2012-11-25 09:00:00,52.0,10.0,8.0,384.0,104.0,2.0,560.0,6.0,0.7071067811865476,-0.7071067811865475,6,0
2012-11-25 10:00:00,28.0,106.0,0.0,0.0,62.0,0.0,196.0,3.0,0.49999999999999994,-0.8660254037844387,6,0
2012-11-25 11:00:00,290.0,274.0,0.0,0.0,118.0,6.0,688.0,4.0,0.258819045102521,-0.9659258262890682,6,0
2012-11-25 12:00:00,0.0,0.0,0.0,0.0,8.0,0.0,8.0,1.0,1.2246467991473532e-16,-1.0,6,0
2012-11-25 13:00:00,0.0,0.0,0.0,0.0,0.0,0.0,0.0,0.0,-0.2588190451025208,-0.9659258262890683,6,1
2012-11-25 14:00:00,0.0,2.0,0.0,2.0,4.0,0.0,8.0,3.0,-0.4999999999999997,-0.8660254037844388,6,0
2012-11-25 15:00:00,26.0,40.0,0.0,222.0,76.0,20.0,384.0,5.0,-0.7071067811865471,-0.7071067811865479,6,0
2012-11-25 16:00:00,0.0,0.0,2.0,60.0,78.0,14.0,154.0,4.0,-0.8660254037844385,-0.5000000000000004,6,0
2012-11-25 17:00:00,52.0,348.0,0.0,0.0,60.0,52.0,512.0,4.0,-0.9659258262890683,-0.25881904510252063,6,0
2012-11-25 18:00:00,0.0,0.0,0.0,0.0,12.0,6.0,18.0,2.0,-1.0,-1.8369701987210297e-16,6,0
2012-11-25 19:00:00,20.0,250.0,0.0,0.0,34.0,30.0,334.0,4.0,-0.9659258262890684,0.2588190451025203,6,0
2012-11-25 20:00:00,20.0,2.0,0.0,0.0,66.0,24.0,112.0,4.0,-0.8660254037844386,0.5000000000000001,6,0
2012-11-25 21:00:00,0.0,0.0,0.0,0.0,0.0,0.0,0.0,0.0,-0.7071067811865477,0.7071067811865474,6,1
2012-11-25 22:00:00,0.0,0.0,0.0,0.0,0.0,0.0,0.0,0.0,-0.5000000000000004,0.8660254037844384,6,1
2012-11-25 23:00:00,28.0,154.0,0.0,0.0,26.0,4.0,212.0,4.0,-0.25881904510252157,0.9659258262890681,6,0
2012-11-26 00:00:00,0.0,12.0,0.0,0.0,0.0,0.0,12.0,1.0,0.0,1.0,0,0
2012-11-26 01:00:00,0.0,6.0,0.0,0.0,0.0,0.0,6.0,1.0,0.25881904510252074,0.9659258262890683,0,0
2012-11-26 02:00:00,0.0,2.0,0.0,2.0,0.0,0.0,4.0,2.0,0.49999999999999994,0.8660254037844387,0,0
2012-11-26 03:00:00,0.0,4.0,0.0,0.0,0.0,0.0,4.0,1.0,0.7071067811865476,0.7071067811865476,0,0
2012-11-26 04:00:00,0.0,0.0,0.0,0.0,0.0,0.0,0.0,0.0,0.8660254037844386,0.5000000000000001,0,1
2012-11-26 05:00:00,32.0,86.0,0.0,0.0,0.0,0.0,118.0,2.0,0.9659258262890683,0.25881904510252074,0,0
2012-11-26 06:00:00,0.0,70.0,4.0,42.0,76.0,14.0,206.0,5.0,1.0,6.123233995736766e-17,0,0
2012-11-26 07:00:00,0.0,0.0,14.0,266.0,128.0,0.0,408.0,3.0,0.9659258262890683,-0.25881904510252063,0,0
2012-11-26 08:00:00,296.0,206.0,2.0,14.0,92.0,16.0,626.0,6.0,0.8660254037844387,-0.4999999999999998,0,0
2012-11-26 09:00:00,0.0,0.0,0.0,0.0,0.0,0.0,0.0,0.0,0.7071067811865476,-0.7071067811865475,0,1
2012-11-26 10:00:00,0.0,0.0,0.0,0.0,0.0,0.0,0.0,0.0,0.49999999999999994,-0.8660254037844387,0,1
2012-11-26 11:00:00,0.0,0.0,0.0,0.0,0.0,0.0,0.0,0.0,0.258819045102521,-0.9659258262890682,0,1
2012-11-26 12:00:00,0.0,0.0,0.0,2.0,0.0,0.0,2.0,1.0,1.2246467991473532e-16,-1.0,0,0
2012-11-26 13:00:00,0.0,0.0,0.0,0.0,0.0,0.0,0.0,0.0,-0.2588190451025208,-0.9659258262890683,0,1
2012-11-26 14:00:00,34.0,0.0,0.0,0.0,88.0,18.0,140.0,3.0,-0.4999999999999997,-0.8660254037844388,0,0
2012-11-26 15:00:00,0.0,0.0,0.0,0.0,0.0,0.0,0.0,0.0,-0.7071067811865471,-0.7071067811865479,0,1
2012-11-26 16:00:00,46.0,0.0,8.0,152.0,102.0,12.0,320.0,5.0,-0.8660254037844385,-0.5000000000000004,0,0
2012-11-26 17:00:00,0.0,0.0,0.0,0.0,16.0,8.0,24.0,2.0,-0.9659258262890683,-0.25881904510252063,0,0
2012-11-26 18:00:00,0.0,0.0,0.0,0.0,0.0,0.0,0.0,0.0,-1.0,-1.8369701987210297e-16,0,1
2012-11-26 19:00:00,0.0,0.0,0.0,2.0,32.0,10.0,44.0,3.0,-0.9659258262890684,0.2588190451025203,0,0
2012-11-26 20:00:00,0.0,0.0,0.0,0.0,0.0,0.0,0.0,0.0,-0.8660254037844386,0.5000000000000001,0,1
2012-11-26 21:00:00,0.0,0.0,0.0,0.0,0.0,0.0,0.0,0.0,-0.7071067811865477,0.7071067811865474,0,1
2012-11-26 22:00:00,0.0,0.0,0.0,0.0,2.0,0.0,2.0,1.0,-0.5000000000000004,0.8660254037844384,0,0
2012-11-26 23:00:00,0.0,0.0,0.0,0.0,0.0,0.0,0.0,0.0,-0.25881904510252157,0.9659258262890681,0,1
2012-11-27 00:00:00,82.0,88.0,6.0,42.0,84.0,10.0,312.0,6.0,0.0,1.0,1,0
2012-11-27 01:00:00,0.0,68.0,0.0,0.0,0.0,0.0,68.0,1.0,0.25881904510252074,0.9659258262890683,1,0
2012-11-27 02:00:00,0.0,0.0,0.0,0.0,0.0,0.0,0.0,0.0,0.49999999999999994,0.8660254037844387,1,1
2012-11-27 03:00:00,0.0,2.0,0.0,2.0,0.0,0.0,4.0,2.0,0.7071067811865476,0.7071067811865476,1,0
2012-11-27 04:00:00,0.0,2.0,0.0,0.0,0.0,0.0,2.0,1.0,0.8660254037844386,0.5000000000000001,1,0
2012-11-27 05:00:00,0.0,4.0,0.0,0.0,0.0,0.0,4.0,1.0,0.9659258262890683,0.25881904510252074,1,0
2012-11-27 06:00:00,40.0,118.0,0.0,0.0,0.0,0.0,158.0,2.0,1.0,6.123233995736766e-17,1,0
2012-11-27 07:00:00,0.0,18.0,0.0,0.0,0.0,0.0,18.0,1.0,0.9659258262890683,-0.25881904510252063,1,0
2012-11-27 08:00:00,68.0,56.0,4.0,44.0,150.0,12.0,334.0,6.0,0.8660254037844387,-0.4999999999999998,1,0
2012-11-27 09:00:00,20.0,2.0,2.0,208.0,96.0,0.0,328.0,5.0,0.7071067811865476,-0.7071067811865475,1,0
2012-11-27 10:00:00,0.0,0.0,0.0,0.0,116.0,0.0,116.0,1.0,0.49999999999999994,-0.8660254037844387,1,0
2012-11-27 11:00:00,281.0,136.0,66.0,106.0,84.0,4.0,677.0,6.0,0.258819045102521,-0.9659258262890682,1,0
2012-11-27 12:00:00,129.0,160.0,0.0,0.0,12.0,2.0,303.0,4.0,1.2246467991473532e-16,-1.0,1,0
2012-11-27 13:00:00,44.0,2.0,0.0,0.0,14.0,2.0,62.0,4.0,-0.2588190451025208,-0.9659258262890683,1,0
2012-11-27 14:00:00,16.0,6.0,4.0,18.0,70.0,26.0,140.0,6.0,-0.4999999999999997,-0.8660254037844388,1,0
2012-11-27 15:00:00,0.0,0.0,0.0,0.0,0.0,0.0,0.0,0.0,-0.7071067811865471,-0.7071067811865479,1,1
2012-11-27 16:00:00,14.0,70.0,0.0,0.0,38.0,8.0,130.0,4.0,-0.8660254037844385,-0.5000000000000004,1,0
2012-11-27 17:00:00,0.0,36.0,0.0,0.0,68.0,8.0,112.0,3.0,-0.9659258262890683,-0.25881904510252063,1,0
2012-11-27 18:00:00,0.0,0.0,0.0,0.0,6.0,12.0,18.0,2.0,-1.0,-1.8369701987210297e-16,1,0
2012-11-27 19:00:00,0.0,0.0,0.0,0.0,26.0,4.0,30.0,2.0,-0.9659258262890684,0.2588190451025203,1,0
2012-11-27 20:00:00,118.0,6.0,0.0,0.0,52.0,2.0,178.0,4.0,-0.8660254037844386,0.5000000000000001,1,0
2012-11-27 21:00:00,0.0,96.0,6.0,70.0,94.0,22.0,288.0,5.0,-0.7071067811865477,0.7071067811865474,1,0
2012-11-27 22:00:00,58.0,60.0,6.0,44.0,80.0,0.0,248.0,5.0,-0.5000000000000004,0.8660254037844384,1,0
2012-11-27 23:00:00,26.0,64.0,0.0,0.0,0.0,0.0,90.0,2.0,-0.25881904510252157,0.9659258262890681,1,0
2012-11-28 00:00:00,0.0,10.0,0.0,0.0,0.0,0.0,10.0,1.0,0.0,1.0,2,0
2012-11-28 01:00:00,0.0,12.0,0.0,2.0,0.0,0.0,14.0,2.0,0.25881904510252074,0.9659258262890683,2,0
2012-11-28 02:00:00,0.0,38.0,0.0,0.0,0.0,0.0,38.0,1.0,0.49999999999999994,0.8660254037844387,2,0
2012-11-28 03:00:00,0.0,14.0,0.0,0.0,0.0,0.0,14.0,1.0,0.7071067811865476,0.7071067811865476,2,0
2012-11-28 04:00:00,0.0,0.0,0.0,0.0,0.0,0.0,0.0,0.0,0.8660254037844386,0.5000000000000001,2,1
2012-11-28 05:00:00,26.0,58.0,0.0,0.0,0.0,0.0,84.0,2.0,0.9659258262890683,0.25881904510252074,2,0
2012-11-28 06:00:00,0.0,0.0,0.0,0.0,0.0,0.0,0.0,0.0,1.0,6.123233995736766e-17,2,1
2012-11-28 07:00:00,46.0,78.0,4.0,56.0,30.0,16.0,230.0,6.0,0.9659258262890683,-0.25881904510252063,2,0
2012-11-28 08:00:00,0.0,0.0,2.0,52.0,82.0,0.0,136.0,3.0,0.8660254037844387,-0.4999999999999998,2,0
2012-11-28 09:00:00,0.0,0.0,8.0,196.0,72.0,0.0,276.0,3.0,0.7071067811865476,-0.7071067811865475,2,0
2012-11-28 10:00:00,24.0,149.0,12.0,114.0,160.0,6.0,465.0,6.0,0.49999999999999994,-0.8660254037844387,2,0
2012-11-28 11:00:00,282.0,187.0,0.0,0.0,32.0,6.0,507.0,4.0,0.258819045102521,-0.9659258262890682,2,0
2012-11-28 12:00:00,0.0,0.0,0.0,0.0,0.0,0.0,0.0,0.0,1.2246467991473532e-16,-1.0,2,1
2012-11-28 13:00:00,50.0,4.0,10.0,184.0,136.0,20.0,404.0,6.0,-0.2588190451025208,-0.9659258262890683,2,0
2012-11-28 14:00:00,48.0,12.0,28.0,2.0,226.0,16.0,332.0,6.0,-0.4999999999999997,-0.8660254037844388,2,0
2012-11-28 15:00:00,0.0,0.0,0.0,0.0,0.0,0.0,0.0,0.0,-0.7071067811865471,-0.7071067811865479,2,1
2012-11-28 16:00:00,0.0,0.0,0.0,0.0,0.0,0.0,0.0,0.0,-0.8660254037844385,-0.5000000000000004,2,1
2012-11-28 17:00:00,0.0,0.0,0.0,2.0,162.0,30.0,194.0,3.0,-0.9659258262890683,-0.25881904510252063,2,0
2012-11-28 18:00:00,0.0,0.0,0.0,0.0,0.0,0.0,0.0,0.0,-1.0,-1.8369701987210297e-16,2,1
2012-11-28 19:00:00,0.0,0.0,0.0,2.0,30.0,22.0,54.0,3.0,-0.9659258262890684,0.2588190451025203,2,0
2012-11-28 20:00:00,0.0,0.0,0.0,0.0,48.0,20.0,68.0,2.0,-0.8660254037844386,0.5000000000000001,2,0
2012-11-28 21:00:00,0.0,0.0,0.0,0.0,60.0,18.0,78.0,2.0,-0.7071067811865477,0.7071067811865474,2,0
2012-11-28 22:00:00,48.0,626.0,2.0,52.0,82.0,32.0,842.0,6.0,-0.5000000000000004,0.8660254037844384,2,0
2012-11-28 23:00:00,0.0,22.0,0.0,0.0,0.0,0.0,22.0,1.0,-0.25881904510252157,0.9659258262890681,2,0
2012-11-29 00:00:00,0.0,0.0,0.0,0.0,0.0,0.0,0.0,0.0,0.0,1.0,3,1
2012-11-29 01:00:00,0.0,0.0,0.0,0.0,0.0,0.0,0.0,0.0,0.25881904510252074,0.9659258262890683,3,1
2012-11-29 02:00:00,0.0,10.0,0.0,0.0,0.0,0.0,10.0,1.0,0.49999999999999994,0.8660254037844387,3,0
2012-11-29 03:00:00,0.0,8.0,0.0,0.0,0.0,0.0,8.0,1.0,0.7071067811865476,0.7071067811865476,3,0
2012-11-29 04:00:00,0.0,12.0,0.0,2.0,0.0,0.0,14.0,2.0,0.8660254037844386,0.5000000000000001,3,0
2012-11-29 05:00:00,0.0,14.0,0.0,0.0,0.0,0.0,14.0,1.0,0.9659258262890683,0.25881904510252074,3,0
2012-11-29 06:00:00,46.0,126.0,2.0,28.0,58.0,20.0,280.0,6.0,1.0,6.123233995736766e-17,3,0
2012-11-29 07:00:00,0.0,0.0,6.0,120.0,80.0,0.0,206.0,3.0,0.9659258262890683,-0.25881904510252063,3,0
2012-11-29 08:00:00,188.0,194.0,30.0,122.0,154.0,22.0,710.0,6.0,0.8660254037844387,-0.4999999999999998,3,0
2012-11-29 09:00:00,0.0,0.0,0.0,0.0,0.0,0.0,0.0,0.0,0.7071067811865476,-0.7071067811865475,3,1
2012-11-29 10:00:00,0.0,0.0,8.0,24.0,60.0,14.0,106.0,4.0,0.49999999999999994,-0.8660254037844387,3,0
2012-11-29 11:00:00,0.0,0.0,0.0,0.0,4.0,0.0,4.0,1.0,0.258819045102521,-0.9659258262890682,3,0
2012-11-29 12:00:00,0.0,0.0,0.0,0.0,6.0,0.0,6.0,1.0,1.2246467991473532e-16,-1.0,3,0
2012-11-29 13:00:00,38.0,44.0,6.0,124.0,84.0,20.0,316.0,6.0,-0.2588190451025208,-0.9659258262890683,3,0
2012-11-29 14:00:00,0.0,0.0,0.0,0.0,6.0,0.0,6.0,1.0,-0.4999999999999997,-0.8660254037844388,3,0
2012-11-29 15:00:00,0.0,0.0,0.0,0.0,3.0,2.0,5.0,2.0,-0.7071067811865471,-0.7071067811865479,3,0
2012-11-29 16:00:00,68.0,66.0,2.0,106.0,93.0,0.0,335.0,5.0,-0.8660254037844385,-0.5000000000000004,3,0
2012-11-29 17:00:00,8.0,0.0,0.0,0.0,68.0,16.0,92.0,3.0,-0.9659258262890683,-0.25881904510252063,3,0
2012-11-29 18:00:00,0.0,2.0,0.0,0.0,0.0,0.0,2.0,1.0,-1.0,-1.8369701987210297e-16,3,0
2012-11-29 19:00:00,0.0,0.0,8.0,6.0,26.0,8.0,48.0,4.0,-0.9659258262890684,0.2588190451025203,3,0
2012-11-29 20:00:00,0.0,0.0,2.0,0.0,8.0,0.0,10.0,2.0,-0.8660254037844386,0.5000000000000001,3,0
2012-11-29 21:00:00,44.0,98.0,4.0,28.0,52.0,6.0,232.0,6.0,-0.7071067811865477,0.7071067811865474,3,0
2012-11-29 22:00:00,0.0,0.0,0.0,2.0,60.0,0.0,62.0,2.0,-0.5000000000000004,0.8660254037844384,3,0
2012-11-29 23:00:00,44.0,110.0,0.0,0.0,34.0,0.0,188.0,3.0,-0.25881904510252157,0.9659258262890681,3,0
2012-11-30 00:00:00,0.0,10.0,2.0,0.0,0.0,0.0,12.0,2.0,0.0,1.0,4,0
2012-11-30 01:00:00,0.0,10.0,0.0,0.0,0.0,0.0,10.0,1.0,0.25881904510252074,0.9659258262890683,4,0
2012-11-30 02:00:00,0.0,6.0,0.0,0.0,0.0,0.0,6.0,1.0,0.49999999999999994,0.8660254037844387,4,0
2012-11-30 03:00:00,32.0,78.0,0.0,0.0,0.0,0.0,110.0,2.0,0.7071067811865476,0.7071067811865476,4,0
2012-11-30 04:00:00,0.0,0.0,0.0,2.0,0.0,0.0,2.0,1.0,0.8660254037844386,0.5000000000000001,4,0
2012-11-30 05:00:00,0.0,2.0,0.0,0.0,0.0,0.0,2.0,1.0,0.9659258262890683,0.25881904510252074,4,0
2012-11-30 06:00:00,48.0,70.0,0.0,46.0,108.0,20.0,292.0,5.0,1.0,6.123233995736766e-17,4,0
2012-11-30 07:00:00,54.0,6.0,4.0,266.0,74.0,2.0,406.0,6.0,0.9659258262890683,-0.25881904510252063,4,0
2012-11-30 08:00:00,0.0,0.0,2.0,28.0,108.0,0.0,138.0,3.0,0.8660254037844387,-0.4999999999999998,4,0
2012-11-30 09:00:00,236.0,502.0,4.0,62.0,72.0,22.0,898.0,6.0,0.7071067811865476,-0.7071067811865475,4,0
2012-11-30 10:00:00,50.0,82.0,0.0,0.0,50.0,18.0,200.0,4.0,0.49999999999999994,-0.8660254037844387,4,0
2012-11-30 11:00:00,28.0,6.0,0.0,0.0,122.0,32.0,188.0,4.0,0.258819045102521,-0.9659258262890682,4,0
2012-11-30 12:00:00,52.0,38.0,4.0,16.0,108.0,36.0,254.0,6.0,1.2246467991473532e-16,-1.0,4,0
2012-11-30 13:00:00,66.0,136.0,0.0,0.0,14.0,14.0,230.0,4.0,-0.2588190451025208,-0.9659258262890683,4,0
2012-11-30 14:00:00,0.0,0.0,0.0,0.0,0.0,0.0,0.0,0.0,-0.4999999999999997,-0.8660254037844388,4,1
2012-11-30 15:00:00,0.0,2.0,0.0,0.0,0.0,0.0,2.0,1.0,-0.7071067811865471,-0.7071067811865479,4,0
2012-11-30 16:00:00,0.0,0.0,0.0,0.0,0.0,0.0,0.0,0.0,-0.8660254037844385,-0.5000000000000004,4,1
2012-11-30 17:00:00,0.0,0.0,2.0,0.0,0.0,0.0,2.0,1.0,-0.9659258262890683,-0.25881904510252063,4,0
2012-11-30 18:00:00,0.0,0.0,10.0,2.0,42.0,6.0,60.0,4.0,-1.0,-1.8369701987210297e-16,4,0
2012-11-30 19:00:00,0.0,0.0,0.0,0.0,164.0,32.0,196.0,2.0,-0.9659258262890684,0.2588190451025203,4,0
2012-11-30 20:00:00,0.0,0.0,0.0,0.0,129.0,0.0,129.0,1.0,-0.8660254037844386,0.5000000000000001,4,0
2012-11-30 21:00:00,78.0,366.0,2.0,0.0,61.0,0.0,507.0,4.0,-0.7071067811865477,0.7071067811865474,4,0
2012-11-30 22:00:00,0.0,0.0,0.0,0.0,14.0,0.0,14.0,1.0,-0.5000000000000004,0.8660254037844384,4,0
2012-11-30 23:00:00,86.0,158.0,2.0,64.0,60.0,6.0,376.0,6.0,-0.25881904510252157,0.9659258262890681,4,0
2012-12-01 00:00:00,0.0,2.0,0.0,0.0,0.0,0.0,2.0,1.0,0.0,1.0,5,0
2012-12-01 01:00:00,0.0,6.0,0.0,0.0,0.0,0.0,6.0,1.0,0.25881904510252074,0.9659258262890683,5,0
2012-12-01 02:00:00,0.0,12.0,0.0,0.0,0.0,0.0,12.0,1.0,0.49999999999999994,0.8660254037844387,5,0
2012-12-01 03:00:00,0.0,10.0,0.0,0.0,0.0,0.0,10.0,1.0,0.7071067811865476,0.7071067811865476,5,0
2012-12-01 04:00:00,34.0,90.0,0.0,0.0,0.0,0.0,124.0,2.0,0.8660254037844386,0.5000000000000001,5,0
2012-12-01 05:00:00,0.0,0.0,0.0,0.0,0.0,0.0,0.0,0.0,0.9659258262890683,0.25881904510252074,5,1
2012-12-01 06:00:00,0.0,0.0,0.0,0.0,0.0,0.0,0.0,0.0,1.0,6.123233995736766e-17,5,1
2012-12-01 07:00:00,0.0,0.0,0.0,0.0,0.0,0.0,0.0,0.0,0.9659258262890683,-0.25881904510252063,5,1
2012-12-01 08:00:00,26.0,54.0,0.0,0.0,0.0,0.0,80.0,2.0,0.8660254037844387,-0.4999999999999998,5,0
2012-12-01 09:00:00,28.0,50.0,2.0,52.0,62.0,20.0,214.0,6.0,0.7071067811865476,-0.7071067811865475,5,0
2012-12-01 10:00:00,0.0,0.0,6.0,192.0,94.0,0.0,292.0,3.0,0.49999999999999994,-0.8660254037844387,5,0
2012-12-01 11:00:00,0.0,0.0,0.0,0.0,70.0,0.0,70.0,1.0,0.258819045102521,-0.9659258262890682,5,0
2012-12-01 12:00:00,251.0,386.0,14.0,16.0,74.0,0.0,741.0,5.0,1.2246467991473532e-16,-1.0,5,0
2012-12-01 13:00:00,193.0,88.0,6.0,72.0,48.0,24.0,431.0,6.0,-0.2588190451025208,-0.9659258262890683,5,0
2012-12-01 14:00:00,0.0,0.0,2.0,16.0,120.0,0.0,138.0,3.0,-0.4999999999999997,-0.8660254037844388,5,0
2012-12-01 15:00:00,0.0,0.0,0.0,0.0,94.0,36.0,130.0,2.0,-0.7071067811865471,-0.7071067811865479,5,0
2012-12-01 16:00:00,40.0,6.0,0.0,0.0,12.0,10.0,68.0,4.0,-0.8660254037844385,-0.5000000000000004,5,0
2012-12-01 17:00:00,0.0,0.0,12.0,50.0,124.0,30.0,216.0,4.0,-0.9659258262890683,-0.25881904510252063,5,0
2012-12-01 18:00:00,0.0,0.0,0.0,0.0,0.0,0.0,0.0,0.0,-1.0,-1.8369701987210297e-16,5,1
2012-12-01 19:00:00,4.0,14.0,10.0,10.0,38.0,16.0,92.0,6.0,-0.9659258262890684,0.2588190451025203,5,0
2012-12-01 20:00:00,10.0,16.0,0.0,4.0,184.0,30.0,244.0,5.0,-0.8660254037844386,0.5000000000000001,5,0
2012-12-01 21:00:00,42.0,332.0,0.0,0.0,50.0,4.0,428.0,4.0,-0.7071067811865477,0.7071067811865474,5,0
2012-12-01 22:00:00,22.0,206.0,6.0,54.0,158.0,2.0,448.0,6.0,-0.5000000000000004,0.8660254037844384,5,0
2012-12-01 23:00:00,56.0,108.0,0.0,0.0,2.0,4.0,170.0,4.0,-0.25881904510252157,0.9659258262890681,5,0
2012-12-02 00:00:00,0.0,0.0,0.0,0.0,0.0,0.0,0.0,0.0,0.0,1.0,6,1
2012-12-02 01:00:00,0.0,28.0,0.0,0.0,0.0,0.0,28.0,1.0,0.25881904510252074,0.9659258262890683,6,0
2012-12-02 02:00:00,0.0,4.0,0.0,0.0,0.0,0.0,4.0,1.0,0.49999999999999994,0.8660254037844387,6,0
2012-12-02 03:00:00,0.0,2.0,0.0,0.0,0.0,0.0,2.0,1.0,0.7071067811865476,0.7071067811865476,6,0
2012-12-02 04:00:00,30.0,68.0,0.0,0.0,0.0,0.0,98.0,2.0,0.8660254037844386,0.5000000000000001,6,0
2012-12-02 05:00:00,0.0,0.0,0.0,0.0,0.0,0.0,0.0,0.0,0.9659258262890683,0.25881904510252074,6,1
2012-12-02 06:00:00,0.0,2.0,0.0,0.0,0.0,0.0,2.0,1.0,1.0,6.123233995736766e-17,6,0
2012-12-02 07:00:00,0.0,2.0,0.0,0.0,0.0,2.0,4.0,2.0,0.9659258262890683,-0.25881904510252063,6,0
2012-12-02 08:00:00,60.0,156.0,4.0,28.0,16.0,14.0,278.0,6.0,0.8660254037844387,-0.4999999999999998,6,0
2012-12-02 09:00:00,0.0,0.0,0.0,18.0,62.0,0.0,80.0,2.0,0.7071067811865476,-0.7071067811865475,6,0
2012-12-02 10:00:00,56.0,4.0,0.0,0.0,148.0,0.0,208.0,3.0,0.49999999999999994,-0.8660254037844387,6,0
2012-12-02 11:00:00,88.0,2.0,22.0,182.0,96.0,0.0,390.0,5.0,0.258819045102521,-0.9659258262890682,6,0
2012-12-02 12:00:00,322.0,316.0,24.0,72.0,92.0,8.0,834.0,6.0,1.2246467991473532e-16,-1.0,6,0
2012-12-02 13:00:00,44.0,6.0,90.0,54.0,92.0,34.0,320.0,6.0,-0.2588190451025208,-0.9659258262890683,6,0
2012-12-02 14:00:00,0.0,0.0,0.0,0.0,22.0,22.0,44.0,2.0,-0.4999999999999997,-0.8660254037844388,6,0
2012-12-02 15:00:00,0.0,0.0,0.0,0.0,0.0,0.0,0.0,0.0,-0.7071067811865471,-0.7071067811865479,6,1
2012-12-02 16:00:00,168.0,44.0,8.0,60.0,60.0,0.0,340.0,5.0,-0.8660254037844385,-0.5000000000000004,6,0
2012-12-02 17:00:00,0.0,0.0,0.0,0.0,30.0,8.0,38.0,2.0,-0.9659258262890683,-0.25881904510252063,6,0
2012-12-02 18:00:00,0.0,0.0,0.0,0.0,0.0,0.0,0.0,0.0,-1.0,-1.8369701987210297e-16,6,1
2012-12-02 19:00:00,0.0,0.0,0.0,0.0,62.0,12.0,74.0,2.0,-0.9659258262890684,0.2588190451025203,6,0
2012-12-02 20:00:00,0.0,0.0,0.0,0.0,28.0,0.0,28.0,1.0,-0.8660254037844386,0.5000000000000001,6,0
2012-12-02 21:00:00,24.0,142.0,12.0,86.0,134.0,6.0,404.0,6.0,-0.7071067811865477,0.7071067811865474,6,0
2012-12-02 22:00:00,0.0,0.0,0.0,0.0,130.0,0.0,130.0,1.0,-0.5000000000000004,0.8660254037844384,6,0
2012-12-02 23:00:00,98.0,445.0,10.0,72.0,44.0,2.0,671.0,6.0,-0.25881904510252157,0.9659258262890681,6,0
2012-12-03 00:00:00,0.0,27.0,0.0,0.0,0.0,0.0,27.0,1.0,0.0,1.0,0,0
2012-12-03 01:00:00,0.0,0.0,0.0,0.0,0.0,0.0,0.0,0.0,0.25881904510252074,0.9659258262890683,0,1
2012-12-03 02:00:00,0.0,0.0,0.0,0.0,0.0,0.0,0.0,0.0,0.49999999999999994,0.8660254037844387,0,1
2012-12-03 03:00:00,0.0,0.0,0.0,0.0,0.0,0.0,0.0,0.0,0.7071067811865476,0.7071067811865476,0,1
2012-12-03 04:00:00,0.0,8.0,0.0,0.0,0.0,0.0,8.0,1.0,0.8660254037844386,0.5000000000000001,0,0
2012-12-03 05:00:00,0.0,4.0,0.0,0.0,0.0,0.0,4.0,1.0,0.9659258262890683,0.25881904510252074,0,0
2012-12-03 06:00:00,0.0,0.0,0.0,0.0,0.0,0.0,0.0,0.0,1.0,6.123233995736766e-17,0,1
2012-12-03 07:00:00,38.0,82.0,8.0,40.0,100.0,24.0,292.0,6.0,0.9659258262890683,-0.25881904510252063,0,0
2012-12-03 08:00:00,0.0,0.0,4.0,212.0,84.0,0.0,300.0,3.0,0.8660254037844387,-0.4999999999999998,0,0
2012-12-03 09:00:00,188.0,100.0,4.0,12.0,54.0,2.0,360.0,6.0,0.7071067811865476,-0.7071067811865475,0,0
2012-12-03 10:00:00,14.0,114.0,0.0,204.0,44.0,24.0,400.0,5.0,0.49999999999999994,-0.8660254037844387,0,0
2012-12-03 11:00:00,31.0,130.0,12.0,30.0,160.0,8.0,371.0,6.0,0.258819045102521,-0.9659258262890682,0,0
2012-12-03 12:00:00,27.0,2.0,2.0,8.0,38.0,20.0,97.0,6.0,1.2246467991473532e-16,-1.0,0,0
2012-12-03 13:00:00,0.0,0.0,0.0,0.0,120.0,34.0,154.0,2.0,-0.2588190451025208,-0.9659258262890683,0,0
2012-12-03 14:00:00,0.0,0.0,14.0,6.0,214.0,26.0,260.0,4.0,-0.4999999999999997,-0.8660254037844388,0,0
2012-12-03 15:00:00,0.0,10.0,0.0,0.0,36.0,12.0,58.0,3.0,-0.7071067811865471,-0.7071067811865479,0,0
2012-12-03 16:00:00,0.0,0.0,0.0,0.0,44.0,0.0,44.0,1.0,-0.8660254037844385,-0.5000000000000004,0,0
2012-12-03 17:00:00,56.0,118.0,52.0,8.0,70.0,10.0,314.0,6.0,-0.9659258262890683,-0.25881904510252063,0,0
2012-12-03 18:00:00,0.0,0.0,0.0,0.0,0.0,0.0,0.0,0.0,-1.0,-1.8369701987210297e-16,0,1
2012-12-03 19:00:00,0.0,0.0,0.0,0.0,50.0,8.0,58.0,2.0,-0.9659258262890684,0.2588190451025203,0,0
2012-12-03 20:00:00,0.0,0.0,0.0,0.0,20.0,0.0,20.0,1.0,-0.8660254037844386,0.5000000000000001,0,0
2012-12-03 21:00:00,0.0,0.0,0.0,0.0,6.0,0.0,6.0,1.0,-0.7071067811865477,0.7071067811865474,0,0
2012-12-03 22:00:00,46.0,4.0,0.0,0.0,84.0,2.0,136.0,4.0,-0.5000000000000004,0.8660254037844384,0,0
2012-12-03 23:00:00,98.0,592.0,4.0,46.0,92.0,6.0,838.0,6.0,-0.25881904510252157,0.9659258262890681,0,0
2012-12-04 00:00:00,0.0,66.0,0.0,2.0,0.0,0.0,68.0,2.0,0.0,1.0,1,0
2012-12-04 01:00:00,0.0,0.0,0.0,2.0,0.0,0.0,2.0,1.0,0.25881904510252074,0.9659258262890683,1,0
2012-12-04 02:00:00,0.0,2.0,0.0,0.0,0.0,2.0,4.0,2.0,0.49999999999999994,0.8660254037844387,1,0
2012-12-04 03:00:00,0.0,0.0,0.0,0.0,0.0,0.0,0.0,0.0,0.7071067811865476,0.7071067811865476,1,1
2012-12-04 04:00:00,0.0,16.0,0.0,0.0,0.0,0.0,16.0,1.0,0.8660254037844386,0.5000000000000001,1,0
2012-12-04 05:00:00,50.0,110.0,0.0,0.0,0.0,0.0,160.0,2.0,0.9659258262890683,0.25881904510252074,1,0
2012-12-04 06:00:00,0.0,0.0,0.0,0.0,0.0,0.0,0.0,0.0,1.0,6.123233995736766e-17,1,1
2012-12-04 07:00:00,0.0,6.0,0.0,0.0,0.0,0.0,6.0,1.0,0.9659258262890683,-0.25881904510252063,1,0
2012-12-04 08:00:00,0.0,8.0,0.0,0.0,0.0,0.0,8.0,1.0,0.8660254037844387,-0.4999999999999998,1,0
2012-12-04 09:00:00,31.0,56.0,0.0,0.0,0.0,0.0,87.0,2.0,0.7071067811865476,-0.7071067811865475,1,0
2012-12-04 10:00:00,41.0,0.0,4.0,52.0,54.0,14.0,165.0,5.0,0.49999999999999994,-0.8660254037844387,1,0
2012-12-04 11:00:00,0.0,0.0,4.0,196.0,88.0,0.0,288.0,3.0,0.258819045102521,-0.9659258262890682,1,0
2012-12-04 12:00:00,294.0,266.0,2.0,28.0,110.0,8.0,708.0,6.0,1.2246467991473532e-16,-1.0,1,0
2012-12-04 13:00:00,12.0,0.0,62.0,0.0,133.0,24.0,231.0,4.0,-0.2588190451025208,-0.9659258262890683,1,0
2012-12-04 14:00:00,0.0,18.0,0.0,0.0,307.0,38.0,363.0,3.0,-0.4999999999999997,-0.8660254037844388,1,0
2012-12-04 15:00:00,36.0,4.0,4.0,34.0,118.0,18.0,214.0,6.0,-0.7071067811865471,-0.7071067811865479,1,0
2012-12-04 16:00:00,0.0,0.0,8.0,38.0,66.0,0.0,112.0,3.0,-0.8660254037844385,-0.5000000000000004,1,0
2012-12-04 17:00:00,36.0,34.0,6.0,82.0,72.0,22.0,252.0,6.0,-0.9659258262890683,-0.25881904510252063,1,0
2012-12-04 18:00:00,0.0,0.0,0.0,0.0,0.0,0.0,0.0,0.0,-1.0,-1.8369701987210297e-16,1,1
2012-12-04 19:00:00,0.0,0.0,2.0,0.0,32.0,6.0,40.0,3.0,-0.9659258262890684,0.2588190451025203,1,0
2012-12-04 20:00:00,0.0,0.0,0.0,0.0,6.0,0.0,6.0,1.0,-0.8660254037844386,0.5000000000000001,1,0
2012-12-04 21:00:00,68.0,156.0,8.0,8.0,64.0,16.0,320.0,6.0,-0.7071067811865477,0.7071067811865474,1,0
2012-12-04 22:00:00,0.0,0.0,0.0,0.0,16.0,0.0,16.0,1.0,-0.5000000000000004,0.8660254037844384,1,0
2012-12-04 23:00:00,70.0,78.0,4.0,24.0,60.0,0.0,236.0,5.0,-0.25881904510252157,0.9659258262890681,1,0
2012-12-05 00:00:00,0.0,14.0,0.0,0.0,0.0,0.0,14.0,1.0,0.0,1.0,2,0
2012-12-05 01:00:00,0.0,2.0,0.0,0.0,0.0,0.0,2.0,1.0,0.25881904510252074,0.9659258262890683,2,0
2012-12-05 02:00:00,0.0,6.0,0.0,0.0,0.0,0.0,6.0,1.0,0.49999999999999994,0.8660254037844387,2,0
2012-12-05 03:00:00,28.0,84.0,0.0,0.0,0.0,0.0,112.0,2.0,0.7071067811865476,0.7071067811865476,2,0
2012-12-05 04:00:00,0.0,2.0,0.0,0.0,0.0,0.0,2.0,1.0,0.8660254037844386,0.5000000000000001,2,0
2012-12-05 05:00:00,0.0,8.0,0.0,0.0,0.0,0.0,8.0,1.0,0.9659258262890683,0.25881904510252074,2,0
2012-12-05 06:00:00,0.0,10.0,0.0,0.0,0.0,0.0,10.0,1.0,1.0,6.123233995736766e-17,2,0
2012-12-05 07:00:00,18.0,54.0,0.0,0.0,0.0,0.0,72.0,2.0,0.9659258262890683,-0.25881904510252063,2,0
2012-12-05 08:00:00,28.0,2.0,2.0,40.0,100.0,18.0,190.0,6.0,0.8660254037844387,-0.4999999999999998,2,0
2012-12-05 09:00:00,54.0,18.0,4.0,200.0,84.0,2.0,362.0,6.0,0.7071067811865476,-0.7071067811865475,2,0
2012-12-05 10:00:00,290.0,306.0,0.0,0.0,80.0,0.0,676.0,3.0,0.49999999999999994,-0.8660254037844387,2,0
2012-12-05 11:00:00,48.0,14.0,6.0,18.0,128.0,26.0,240.0,6.0,0.258819045102521,-0.9659258262890682,2,0
2012-12-05 12:00:00,0.0,0.0,0.0,2.0,46.0,8.0,56.0,3.0,1.2246467991473532e-16,-1.0,2,0
2012-12-05 13:00:00,0.0,0.0,0.0,0.0,0.0,0.0,0.0,0.0,-0.2588190451025208,-0.9659258262890683,2,1
2012-12-05 14:00:00,0.0,0.0,0.0,0.0,0.0,0.0,0.0,0.0,-0.4999999999999997,-0.8660254037844388,2,1
2012-12-05 15:00:00,0.0,0.0,24.0,106.0,54.0,8.0,192.0,4.0,-0.7071067811865471,-0.7071067811865479,2,0
2012-12-05 16:00:00,0.0,0.0,6.0,50.0,54.0,16.0,126.0,4.0,-0.8660254037844385,-0.5000000000000004,2,0
2012-12-05 17:00:00,0.0,0.0,18.0,250.0,96.0,18.0,382.0,4.0,-0.9659258262890683,-0.25881904510252063,2,0
2012-12-05 18:00:00,38.0,42.0,18.0,32.0,82.0,0.0,212.0,5.0,-1.0,-1.8369701987210297e-16,2,0
2012-12-05 19:00:00,0.0,0.0,0.0,0.0,24.0,10.0,34.0,2.0,-0.9659258262890684,0.2588190451025203,2,0
2012-12-05 20:00:00,0.0,0.0,0.0,0.0,72.0,6.0,78.0,2.0,-0.8660254037844386,0.5000000000000001,2,0
2012-12-05 21:00:00,74.0,126.0,2.0,64.0,106.0,4.0,376.0,6.0,-0.7071067811865477,0.7071067811865474,2,0
2012-12-05 22:00:00,0.0,0.0,0.0,0.0,150.0,0.0,150.0,1.0,-0.5000000000000004,0.8660254037844384,2,0
2012-12-05 23:00:00,0.0,0.0,0.0,0.0,20.0,0.0,20.0,1.0,-0.25881904510252157,0.9659258262890681,2,0
2012-12-06 00:00:00,18.0,110.0,0.0,0.0,12.0,0.0,140.0,3.0,0.0,1.0,3,0
2012-12-06 01:00:00,0.0,0.0,0.0,0.0,0.0,0.0,0.0,0.0,0.25881904510252074,0.9659258262890683,3,1
2012-12-06 02:00:00,0.0,0.0,0.0,0.0,0.0,0.0,0.0,0.0,0.49999999999999994,0.8660254037844387,3,1
2012-12-06 03:00:00,0.0,0.0,0.0,0.0,0.0,0.0,0.0,0.0,0.7071067811865476,0.7071067811865476,3,1
2012-12-06 04:00:00,0.0,0.0,0.0,0.0,0.0,0.0,0.0,0.0,0.8660254037844386,0.5000000000000001,3,1
2012-12-06 05:00:00,0.0,6.0,0.0,2.0,0.0,0.0,8.0,2.0,0.9659258262890683,0.25881904510252074,3,0
2012-12-06 06:00:00,0.0,2.0,0.0,0.0,0.0,0.0,2.0,1.0,1.0,6.123233995736766e-17,3,0
2012-12-06 07:00:00,0.0,20.0,0.0,0.0,0.0,0.0,20.0,1.0,0.9659258262890683,-0.25881904510252063,3,0
2012-12-06 08:00:00,60.0,56.0,0.0,52.0,70.0,14.0,252.0,5.0,0.8660254037844387,-0.4999999999999998,3,0
2012-12-06 09:00:00,0.0,0.0,6.0,210.0,52.0,0.0,268.0,3.0,0.7071067811865476,-0.7071067811865475,3,0
2012-12-06 10:00:00,0.0,0.0,0.0,0.0,40.0,0.0,40.0,1.0,0.49999999999999994,-0.8660254037844387,3,0
2012-12-06 11:00:00,22.0,102.0,4.0,2.0,36.0,12.0,178.0,6.0,0.258819045102521,-0.9659258262890682,3,0
2012-12-06 12:00:00,34.0,176.0,12.0,74.0,64.0,10.0,370.0,6.0,1.2246467991473532e-16,-1.0,3,0
2012-12-06 13:00:00,0.0,0.0,6.0,188.0,222.0,0.0,416.0,3.0,-0.2588190451025208,-0.9659258262890683,3,0
2012-12-06 14:00:00,10.0,16.0,0.0,0.0,88.0,24.0,138.0,4.0,-0.4999999999999997,-0.8660254037844388,3,0
2012-12-06 15:00:00,0.0,0.0,0.0,0.0,137.0,16.0,153.0,2.0,-0.7071067811865471,-0.7071067811865479,3,0
2012-12-06 16:00:00,46.0,8.0,4.0,40.0,51.0,20.0,169.0,6.0,-0.8660254037844385,-0.5000000000000004,3,0
2012-12-06 17:00:00,26.0,34.0,0.0,0.0,60.0,28.0,148.0,4.0,-0.9659258262890683,-0.25881904510252063,3,0
2012-12-06 18:00:00,0.0,0.0,0.0,0.0,0.0,0.0,0.0,0.0,-1.0,-1.8369701987210297e-16,3,1
2012-12-06 19:00:00,42.0,6.0,0.0,2.0,50.0,10.0,110.0,5.0,-0.9659258262890684,0.2588190451025203,3,0
2012-12-06 20:00:00,0.0,0.0,0.0,0.0,58.0,0.0,58.0,1.0,-0.8660254037844386,0.5000000000000001,3,0
2012-12-06 21:00:00,68.0,166.0,4.0,50.0,60.0,10.0,358.0,6.0,-0.7071067811865477,0.7071067811865474,3,0
2012-12-06 22:00:00,0.0,0.0,0.0,0.0,112.0,0.0,112.0,1.0,-0.5000000000000004,0.8660254037844384,3,0
2012-12-06 23:00:00,82.0,76.0,2.0,20.0,36.0,4.0,220.0,6.0,-0.25881904510252157,0.9659258262890681,3,0
2012-12-07 00:00:00,0.0,24.0,0.0,2.0,0.0,0.0,26.0,2.0,0.0,1.0,4,0
2012-12-07 01:00:00,0.0,10.0,0.0,0.0,0.0,0.0,10.0,1.0,0.25881904510252074,0.9659258262890683,4,0
2012-12-07 02:00:00,0.0,22.0,0.0,0.0,0.0,0.0,22.0,1.0,0.49999999999999994,0.8660254037844387,4,0
2012-12-07 03:00:00,0.0,2.0,0.0,0.0,0.0,0.0,2.0,1.0,0.7071067811865476,0.7071067811865476,4,0
2012-12-07 04:00:00,30.0,94.0,0.0,0.0,0.0,0.0,124.0,2.0,0.8660254037844386,0.5000000000000001,4,0
2012-12-07 05:00:00,0.0,0.0,0.0,0.0,0.0,0.0,0.0,0.0,0.9659258262890683,0.25881904510252074,4,1
2012-12-07 06:00:00,0.0,2.0,0.0,0.0,2.0,0.0,4.0,2.0,1.0,6.123233995736766e-17,4,0
2012-12-07 07:00:00,0.0,0.0,0.0,0.0,0.0,0.0,0.0,0.0,0.9659258262890683,-0.25881904510252063,4,1
2012-12-07 08:00:00,34.0,94.0,4.0,44.0,76.0,16.0,268.0,6.0,0.8660254037844387,-0.4999999999999998,4,0
2012-12-07 09:00:00,0.0,0.0,2.0,222.0,62.0,0.0,286.0,3.0,0.7071067811865476,-0.7071067811865475,4,0
2012-12-07 10:00:00,34.0,68.0,4.0,20.0,74.0,0.0,200.0,5.0,0.49999999999999994,-0.8660254037844387,4,0
2012-12-07 11:00:00,324.0,364.0,0.0,2.0,30.0,2.0,722.0,5.0,0.258819045102521,-0.9659258262890682,4,0
2012-12-07 12:00:00,48.0,4.0,0.0,0.0,70.0,24.0,146.0,4.0,1.2246467991473532e-16,-1.0,4,0
2012-12-07 13:00:00,0.0,0.0,0.0,0.0,0.0,0.0,0.0,0.0,-0.2588190451025208,-0.9659258262890683,4,1
2012-12-07 14:00:00,2.0,2.0,12.0,60.0,68.0,28.0,172.0,6.0,-0.4999999999999997,-0.8660254037844388,4,0
2012-12-07 15:00:00,0.0,0.0,0.0,0.0,28.0,8.0,36.0,2.0,-0.7071067811865471,-0.7071067811865479,4,0
2012-12-07 16:00:00,72.0,4.0,0.0,0.0,66.0,10.0,152.0,4.0,-0.8660254037844385,-0.5000000000000004,4,0
2012-12-07 17:00:00,0.0,46.0,0.0,0.0,48.0,8.0,102.0,3.0,-0.9659258262890683,-0.25881904510252063,4,0
2012-12-07 18:00:00,0.0,0.0,0.0,2.0,0.0,0.0,2.0,1.0,-1.0,-1.8369701987210297e-16,4,0
2012-12-07 19:00:00,0.0,0.0,0.0,0.0,100.0,10.0,110.0,2.0,-0.9659258262890684,0.2588190451025203,4,0
2012-12-07 20:00:00,0.0,2.0,0.0,0.0,52.0,0.0,54.0,2.0,-0.8660254037844386,0.5000000000000001,4,0
2012-12-07 21:00:00,28.0,6.0,28.0,270.0,122.0,12.0,466.0,6.0,-0.7071067811865477,0.7071067811865474,4,0
2012-12-07 22:00:00,0.0,0.0,0.0,0.0,124.0,0.0,124.0,1.0,-0.5000000000000004,0.8660254037844384,4,0
2012-12-07 23:00:00,94.0,214.0,10.0,86.0,122.0,2.0,528.0,6.0,-0.25881904510252157,0.9659258262890681,4,0
2012-12-08 00:00:00,0.0,42.0,0.0,0.0,0.0,0.0,42.0,1.0,0.0,1.0,5,0
2012-12-08 01:00:00,0.0,4.0,0.0,0.0,0.0,0.0,4.0,1.0,0.25881904510252074,0.9659258262890683,5,0
2012-12-08 02:00:00,0.0,14.0,0.0,0.0,0.0,0.0,14.0,1.0,0.49999999999999994,0.8660254037844387,5,0
2012-12-08 03:00:00,30.0,82.0,0.0,0.0,0.0,0.0,112.0,2.0,0.7071067811865476,0.7071067811865476,5,0
2012-12-08 04:00:00,0.0,4.0,0.0,0.0,0.0,0.0,4.0,1.0,0.8660254037844386,0.5000000000000001,5,0
2012-12-08 05:00:00,0.0,0.0,0.0,0.0,0.0,0.0,0.0,0.0,0.9659258262890683,0.25881904510252074,5,1
2012-12-08 06:00:00,0.0,6.0,0.0,0.0,0.0,0.0,6.0,1.0,1.0,6.123233995736766e-17,5,0
2012-12-08 07:00:00,0.0,2.0,0.0,0.0,0.0,0.0,2.0,1.0,0.9659258262890683,-0.25881904510252063,5,0
2012-12-08 08:00:00,36.0,52.0,8.0,32.0,78.0,20.0,226.0,6.0,0.8660254037844387,-0.4999999999999998,5,0
2012-12-08 09:00:00,0.0,0.0,8.0,176.0,88.0,0.0,272.0,3.0,0.7071067811865476,-0.7071067811865475,5,0
2012-12-08 10:00:00,40.0,352.0,22.0,54.0,94.0,6.0,568.0,6.0,0.49999999999999994,-0.8660254037844387,5,0
2012-12-08 11:00:00,0.0,2.0,0.0,0.0,94.0,0.0,96.0,2.0,0.258819045102521,-0.9659258262890682,5,0
2012-12-08 12:00:00,0.0,0.0,0.0,0.0,98.0,0.0,98.0,1.0,1.2246467991473532e-16,-1.0,5,0
2012-12-08 13:00:00,314.0,384.0,6.0,68.0,68.0,4.0,844.0,6.0,-0.2588190451025208,-0.9659258262890683,5,0
2012-12-08 14:00:00,0.0,0.0,2.0,40.0,81.0,16.0,139.0,4.0,-0.4999999999999997,-0.8660254037844388,5,0
2012-12-08 15:00:00,44.0,14.0,6.0,102.0,85.0,4.0,255.0,6.0,-0.7071067811865471,-0.7071067811865479,5,0
2012-12-08 16:00:00,58.0,2.0,66.0,144.0,80.0,26.0,376.0,6.0,-0.8660254037844385,-0.5000000000000004,5,0
2012-12-08 17:00:00,0.0,0.0,8.0,118.0,22.0,0.0,148.0,3.0,-0.9659258262890683,-0.25881904510252063,5,0
2012-12-08 18:00:00,0.0,0.0,20.0,220.0,42.0,0.0,282.0,3.0,-1.0,-1.8369701987210297e-16,5,0
2012-12-08 19:00:00,0.0,0.0,8.0,92.0,54.0,2.0,156.0,4.0,-0.9659258262890684,0.2588190451025203,5,0
2012-12-08 20:00:00,42.0,10.0,6.0,132.0,64.0,0.0,254.0,5.0,-0.8660254037844386,0.5000000000000001,5,0
2012-12-08 21:00:00,0.0,0.0,0.0,0.0,16.0,0.0,16.0,1.0,-0.7071067811865477,0.7071067811865474,5,0
2012-12-08 22:00:00,0.0,0.0,0.0,0.0,22.0,0.0,22.0,1.0,-0.5000000000000004,0.8660254037844384,5,0
2012-12-08 23:00:00,112.0,202.0,6.0,94.0,70.0,10.0,494.0,6.0,-0.25881904510252157,0.9659258262890681,5,0
2012-12-09 00:00:00,0.0,0.0,0.0,0.0,0.0,0.0,0.0,0.0,0.0,1.0,6,1
2012-12-09 01:00:00,0.0,34.0,0.0,2.0,0.0,0.0,36.0,2.0,0.25881904510252074,0.9659258262890683,6,0
2012-12-09 02:00:00,0.0,0.0,0.0,0.0,0.0,0.0,0.0,0.0,0.49999999999999994,0.8660254037844387,6,1
2012-12-09 03:00:00,0.0,10.0,0.0,0.0,0.0,0.0,10.0,1.0,0.7071067811865476,0.7071067811865476,6,0
2012-12-09 04:00:00,0.0,14.0,0.0,0.0,0.0,0.0,14.0,1.0,0.8660254037844386,0.5000000000000001,6,0
2012-12-09 05:00:00,0.0,4.0,0.0,0.0,0.0,0.0,4.0,1.0,0.9659258262890683,0.25881904510252074,6,0
2012-12-09 06:00:00,38.0,92.0,0.0,0.0,0.0,0.0,130.0,2.0,1.0,6.123233995736766e-17,6,0
2012-12-09 07:00:00,0.0,0.0,0.0,0.0,0.0,0.0,0.0,0.0,0.9659258262890683,-0.25881904510252063,6,1
2012-12-09 08:00:00,0.0,0.0,0.0,0.0,0.0,0.0,0.0,0.0,0.8660254037844387,-0.4999999999999998,6,1
2012-12-09 09:00:00,56.0,62.0,6.0,86.0,60.0,18.0,288.0,6.0,0.7071067811865476,-0.7071067811865475,6,0
2012-12-09 10:00:00,0.0,0.0,0.0,0.0,76.0,0.0,76.0,1.0,0.49999999999999994,-0.8660254037844387,6,0
2012-12-09 11:00:00,56.0,2.0,8.0,280.0,96.0,2.0,444.0,6.0,0.258819045102521,-0.9659258262890682,6,0
2012-12-09 12:00:00,0.0,0.0,0.0,2.0,44.0,0.0,46.0,2.0,1.2246467991473532e-16,-1.0,6,0
2012-12-09 13:00:00,58.0,106.0,4.0,202.0,70.0,2.0,442.0,6.0,-0.2588190451025208,-0.9659258262890683,6,0
2012-12-09 14:00:00,0.0,0.0,0.0,0.0,2.0,0.0,2.0,1.0,-0.4999999999999997,-0.8660254037844388,6,0
2012-12-09 15:00:00,312.0,138.0,2.0,50.0,58.0,2.0,562.0,6.0,-0.7071067811865471,-0.7071067811865479,6,0
2012-12-09 16:00:00,40.0,46.0,4.0,6.0,60.0,2.0,158.0,6.0,-0.8660254037844385,-0.5000000000000004,6,0
2012-12-09 17:00:00,4.0,4.0,0.0,0.0,106.0,10.0,124.0,4.0,-0.9659258262890683,-0.25881904510252063,6,0
2012-12-09 18:00:00,0.0,0.0,0.0,0.0,0.0,0.0,0.0,0.0,-1.0,-1.8369701987210297e-16,6,1
2012-12-09 19:00:00,28.0,142.0,12.0,14.0,80.0,12.0,288.0,6.0,-0.9659258262890684,0.2588190451025203,6,0
2012-12-09 20:00:00,16.0,4.0,0.0,0.0,24.0,4.0,48.0,4.0,-0.8660254037844386,0.5000000000000001,6,0
2012-12-09 21:00:00,0.0,0.0,0.0,0.0,8.0,0.0,8.0,1.0,-0.7071067811865477,0.7071067811865474,6,0
2012-12-09 22:00:00,0.0,0.0,0.0,0.0,18.0,0.0,18.0,1.0,-0.5000000000000004,0.8660254037844384,6,0
2012-12-09 23:00:00,106.0,202.0,10.0,44.0,82.0,12.0,456.0,6.0,-0.25881904510252157,0.9659258262890681,6,0
2012-12-10 00:00:00,0.0,64.0,0.0,0.0,0.0,0.0,64.0,1.0,0.0,1.0,0,0
2012-12-10 01:00:00,0.0,2.0,0.0,0.0,0.0,0.0,2.0,1.0,0.25881904510252074,0.9659258262890683,0,0
2012-12-10 02:00:00,0.0,0.0,0.0,0.0,0.0,0.0,0.0,0.0,0.49999999999999994,0.8660254037844387,0,1
2012-12-10 03:00:00,0.0,34.0,0.0,0.0,0.0,0.0,34.0,1.0,0.7071067811865476,0.7071067811865476,0,0
2012-12-10 04:00:00,0.0,8.0,0.0,0.0,0.0,0.0,8.0,1.0,0.8660254037844386,0.5000000000000001,0,0
2012-12-10 05:00:00,0.0,2.0,0.0,0.0,0.0,0.0,2.0,1.0,0.9659258262890683,0.25881904510252074,0,0
2012-12-10 06:00:00,0.0,0.0,0.0,0.0,0.0,0.0,0.0,0.0,1.0,6.123233995736766e-17,0,1
2012-12-10 07:00:00,0.0,14.0,0.0,0.0,0.0,0.0,14.0,1.0,0.9659258262890683,-0.25881904510252063,0,0
2012-12-10 08:00:00,288.0,308.0,0.0,0.0,8.0,12.0,616.0,4.0,0.8660254037844387,-0.4999999999999998,0,0
2012-12-10 09:00:00,0.0,0.0,6.0,58.0,94.0,0.0,158.0,3.0,0.7071067811865476,-0.7071067811865475,0,0
2012-12-10 10:00:00,64.0,18.0,12.0,218.0,142.0,22.0,476.0,6.0,0.49999999999999994,-0.8660254037844387,0,0
2012-12-10 11:00:00,32.0,58.0,0.0,0.0,32.0,14.0,136.0,4.0,0.258819045102521,-0.9659258262890682,0,0
2012-12-10 12:00:00,0.0,0.0,0.0,0.0,38.0,12.0,50.0,2.0,1.2246467991473532e-16,-1.0,0,0
2012-12-10 13:00:00,0.0,0.0,0.0,0.0,46.0,0.0,46.0,1.0,-0.2588190451025208,-0.9659258262890683,0,0
2012-12-10 14:00:00,0.0,0.0,4.0,364.0,34.0,0.0,402.0,3.0,-0.4999999999999997,-0.8660254037844388,0,0
2012-12-10 15:00:00,0.0,0.0,0.0,0.0,2.0,0.0,2.0,1.0,-0.7071067811865471,-0.7071067811865479,0,0
2012-12-10 16:00:00,0.0,0.0,0.0,0.0,4.0,0.0,4.0,1.0,-0.8660254037844385,-0.5000000000000004,0,0
2012-12-10 17:00:00,54.0,6.0,10.0,30.0,84.0,14.0,198.0,6.0,-0.9659258262890683,-0.25881904510252063,0,0
2012-12-10 18:00:00,0.0,0.0,0.0,0.0,0.0,0.0,0.0,0.0,-1.0,-1.8369701987210297e-16,0,1
2012-12-10 19:00:00,38.0,160.0,0.0,0.0,20.0,14.0,232.0,4.0,-0.9659258262890684,0.2588190451025203,0,0
2012-12-10 20:00:00,0.0,0.0,0.0,0.0,88.0,0.0,88.0,1.0,-0.8660254037844386,0.5000000000000001,0,0
2012-12-10 21:00:00,0.0,0.0,10.0,148.0,110.0,0.0,268.0,3.0,-0.7071067811865477,0.7071067811865474,0,0
2012-12-10 22:00:00,0.0,0.0,0.0,0.0,142.0,0.0,142.0,1.0,-0.5000000000000004,0.8660254037844384,0,0
2012-12-10 23:00:00,82.0,118.0,14.0,58.0,144.0,16.0,432.0,6.0,-0.25881904510252157,0.9659258262890681,0,0
2012-12-11 00:00:00,0.0,22.0,0.0,0.0,0.0,0.0,22.0,1.0,0.0,1.0,1,0
2012-12-11 01:00:00,0.0,10.0,0.0,0.0,2.0,0.0,12.0,2.0,0.25881904510252074,0.9659258262890683,1,0
2012-12-11 02:00:00,0.0,4.0,0.0,0.0,0.0,0.0,4.0,1.0,0.49999999999999994,0.8660254037844387,1,0
2012-12-11 03:00:00,0.0,4.0,0.0,0.0,0.0,0.0,4.0,1.0,0.7071067811865476,0.7071067811865476,1,0
2012-12-11 04:00:00,0.0,6.0,0.0,2.0,0.0,0.0,8.0,2.0,0.8660254037844386,0.5000000000000001,1,0
2012-12-11 05:00:00,0.0,8.0,0.0,0.0,0.0,0.0,8.0,1.0,0.9659258262890683,0.25881904510252074,1,0
2012-12-11 06:00:00,0.0,16.0,0.0,0.0,0.0,0.0,16.0,1.0,1.0,6.123233995736766e-17,1,0
2012-12-11 07:00:00,50.0,94.0,8.0,46.0,68.0,20.0,286.0,6.0,0.9659258262890683,-0.25881904510252063,1,0
2012-12-11 08:00:00,0.0,0.0,0.0,0.0,34.0,0.0,34.0,1.0,0.8660254037844387,-0.4999999999999998,1,0
2012-12-11 09:00:00,0.0,0.0,0.0,0.0,2.0,0.0,2.0,1.0,0.7071067811865476,-0.7071067811865475,1,0
2012-12-11 10:00:00,38.0,46.0,34.0,96.0,34.0,4.0,252.0,6.0,0.49999999999999994,-0.8660254037844387,1,0
2012-12-11 11:00:00,0.0,0.0,2.0,210.0,130.0,0.0,342.0,3.0,0.258819045102521,-0.9659258262890682,1,0
2012-12-11 12:00:00,0.0,0.0,0.0,0.0,130.0,0.0,130.0,1.0,1.2246467991473532e-16,-1.0,1,0
2012-12-11 13:00:00,244.0,258.0,6.0,78.0,96.0,12.0,694.0,6.0,-0.2588190451025208,-0.9659258262890683,1,0
2012-12-11 14:00:00,0.0,0.0,0.0,0.0,0.0,0.0,0.0,0.0,-0.4999999999999997,-0.8660254037844388,1,1
2012-12-11 15:00:00,42.0,48.0,10.0,100.0,112.0,36.0,348.0,6.0,-0.7071067811865471,-0.7071067811865479,1,0
2012-12-11 16:00:00,0.0,0.0,2.0,132.0,72.0,0.0,206.0,3.0,-0.8660254037844385,-0.5000000000000004,1,0
2012-12-11 17:00:00,72.0,4.0,6.0,44.0,68.0,16.0,210.0,6.0,-0.9659258262890683,-0.25881904510252063,1,0
2012-12-11 18:00:00,0.0,0.0,0.0,2.0,0.0,0.0,2.0,1.0,-1.0,-1.8369701987210297e-16,1,0
2012-12-11 19:00:00,0.0,0.0,0.0,0.0,0.0,0.0,0.0,0.0,-0.9659258262890684,0.2588190451025203,1,1
2012-12-11 20:00:00,28.0,336.0,0.0,0.0,60.0,38.0,462.0,4.0,-0.8660254037844386,0.5000000000000001,1,0
2012-12-11 21:00:00,0.0,0.0,0.0,0.0,12.0,0.0,12.0,1.0,-0.7071067811865477,0.7071067811865474,1,0
2012-12-11 22:00:00,0.0,0.0,0.0,0.0,30.0,0.0,30.0,1.0,-0.5000000000000004,0.8660254037844384,1,0
2012-12-11 23:00:00,0.0,0.0,6.0,74.0,100.0,0.0,180.0,3.0,-0.25881904510252157,0.9659258262890681,1,0
2012-12-12 00:00:00,0.0,0.0,0.0,0.0,78.0,0.0,78.0,1.0,0.0,1.0,2,0
2012-12-12 01:00:00,40.0,108.0,0.0,2.0,22.0,4.0,176.0,5.0,0.25881904510252074,0.9659258262890683,2,0
2012-12-12 02:00:00,0.0,14.0,0.0,0.0,0.0,0.0,14.0,1.0,0.49999999999999994,0.8660254037844387,2,0
2012-12-12 03:00:00,0.0,22.0,0.0,0.0,0.0,0.0,22.0,1.0,0.7071067811865476,0.7071067811865476,2,0
2012-12-12 04:00:00,0.0,10.0,0.0,0.0,0.0,0.0,10.0,1.0,0.8660254037844386,0.5000000000000001,2,0
2012-12-12 05:00:00,0.0,10.0,0.0,0.0,0.0,0.0,10.0,1.0,0.9659258262890683,0.25881904510252074,2,0
2012-12-12 06:00:00,0.0,2.0,0.0,0.0,0.0,0.0,2.0,1.0,1.0,6.123233995736766e-17,2,0
2012-12-12 07:00:00,0.0,2.0,0.0,0.0,0.0,0.0,2.0,1.0,0.9659258262890683,-0.25881904510252063,2,0
2012-12-12 08:00:00,74.0,54.0,4.0,58.0,104.0,14.0,308.0,6.0,0.8660254037844387,-0.4999999999999998,2,0
2012-12-12 09:00:00,0.0,0.0,6.0,238.0,92.0,0.0,336.0,3.0,0.7071067811865476,-0.7071067811865475,2,0
2012-12-12 10:00:00,0.0,0.0,0.0,0.0,42.0,0.0,42.0,1.0,0.49999999999999994,-0.8660254037844387,2,0
2012-12-12 11:00:00,358.0,270.0,6.0,34.0,60.0,8.0,736.0,6.0,0.258819045102521,-0.9659258262890682,2,0
2012-12-12 12:00:00,0.0,0.0,0.0,0.0,38.0,6.0,44.0,2.0,1.2246467991473532e-16,-1.0,2,0
2012-12-12 13:00:00,0.0,0.0,0.0,0.0,0.0,0.0,0.0,0.0,-0.2588190451025208,-0.9659258262890683,2,1
2012-12-12 14:00:00,0.0,0.0,18.0,212.0,28.0,10.0,268.0,4.0,-0.4999999999999997,-0.8660254037844388,2,0
2012-12-12 15:00:00,22.0,2.0,90.0,152.0,102.0,36.0,404.0,6.0,-0.7071067811865471,-0.7071067811865479,2,0
2012-12-12 16:00:00,0.0,0.0,218.0,16.0,88.0,0.0,322.0,3.0,-0.8660254037844385,-0.5000000000000004,2,0
2012-12-12 17:00:00,0.0,0.0,0.0,0.0,0.0,0.0,0.0,0.0,-0.9659258262890683,-0.25881904510252063,2,1
2012-12-12 18:00:00,50.0,6.0,10.0,4.0,82.0,10.0,162.0,6.0,-1.0,-1.8369701987210297e-16,2,0
2012-12-12 19:00:00,0.0,0.0,40.0,28.0,84.0,8.0,160.0,4.0,-0.9659258262890684,0.2588190451025203,2,0
2012-12-12 20:00:00,0.0,0.0,4.0,0.0,230.0,6.0,240.0,3.0,-0.8660254037844386,0.5000000000000001,2,0
2012-12-12 21:00:00,34.0,130.0,34.0,124.0,42.0,4.0,368.0,6.0,-0.7071067811865477,0.7071067811865474,2,0
2012-12-12 22:00:00,0.0,0.0,0.0,0.0,4.0,0.0,4.0,1.0,-0.5000000000000004,0.8660254037844384,2,0
2012-12-12 23:00:00,0.0,0.0,0.0,0.0,26.0,0.0,26.0,1.0,-0.25881904510252157,0.9659258262890681,2,0
2012-12-13 00:00:00,68.0,134.0,0.0,32.0,42.0,10.0,286.0,5.0,0.0,1.0,3,0
2012-12-13 01:00:00,0.0,8.0,0.0,0.0,0.0,0.0,8.0,1.0,0.25881904510252074,0.9659258262890683,3,0
2012-12-13 02:00:00,0.0,4.0,0.0,0.0,0.0,0.0,4.0,1.0,0.49999999999999994,0.8660254037844387,3,0
2012-12-13 03:00:00,0.0,2.0,0.0,0.0,0.0,0.0,2.0,1.0,0.7071067811865476,0.7071067811865476,3,0
2012-12-13 04:00:00,0.0,8.0,0.0,0.0,0.0,0.0,8.0,1.0,0.8660254037844386,0.5000000000000001,3,0
2012-12-13 05:00:00,54.0,96.0,0.0,0.0,0.0,0.0,150.0,2.0,0.9659258262890683,0.25881904510252074,3,0
2012-12-13 06:00:00,0.0,4.0,0.0,0.0,0.0,0.0,4.0,1.0,1.0,6.123233995736766e-17,3,0
2012-12-13 07:00:00,0.0,0.0,0.0,0.0,2.0,0.0,2.0,1.0,0.9659258262890683,-0.25881904510252063,3,0
2012-12-13 08:00:00,0.0,2.0,0.0,0.0,0.0,0.0,2.0,1.0,0.8660254037844387,-0.4999999999999998,3,0
2012-12-13 09:00:00,58.0,64.0,8.0,14.0,23.0,14.0,181.0,6.0,0.7071067811865476,-0.7071067811865475,3,0
2012-12-13 10:00:00,46.0,108.0,4.0,114.0,83.0,0.0,355.0,5.0,0.49999999999999994,-0.8660254037844387,3,0
2012-12-13 11:00:00,0.0,0.0,2.0,98.0,56.0,0.0,156.0,3.0,0.258819045102521,-0.9659258262890682,3,0
2012-12-13 12:00:00,0.0,0.0,0.0,2.0,10.0,0.0,12.0,2.0,1.2246467991473532e-16,-1.0,3,0
2012-12-13 13:00:00,182.0,72.0,6.0,28.0,98.0,14.0,400.0,6.0,-0.2588190451025208,-0.9659258262890683,3,0
2012-12-13 14:00:00,120.0,142.0,0.0,0.0,18.0,4.0,284.0,4.0,-0.4999999999999997,-0.8660254037844388,3,0
2012-12-13 15:00:00,0.0,0.0,0.0,2.0,0.0,0.0,2.0,1.0,-0.7071067811865471,-0.7071067811865479,3,0
2012-12-13 16:00:00,34.0,64.0,2.0,20.0,67.0,4.0,191.0,6.0,-0.8660254037844385,-0.5000000000000004,3,0
2012-12-13 17:00:00,0.0,0.0,0.0,0.0,27.0,8.0,35.0,2.0,-0.9659258262890683,-0.25881904510252063,3,0
2012-12-13 18:00:00,0.0,2.0,0.0,2.0,0.0,0.0,4.0,2.0,-1.0,-1.8369701987210297e-16,3,0
2012-12-13 19:00:00,0.0,0.0,0.0,0.0,18.0,6.0,24.0,2.0,-0.9659258262890684,0.2588190451025203,3,0
2012-12-13 20:00:00,0.0,0.0,0.0,0.0,0.0,0.0,0.0,0.0,-0.8660254037844386,0.5000000000000001,3,1
2012-12-13 21:00:00,0.0,0.0,0.0,0.0,10.0,0.0,10.0,1.0,-0.7071067811865477,0.7071067811865474,3,0
2012-12-13 22:00:00,0.0,0.0,0.0,0.0,38.0,0.0,38.0,1.0,-0.5000000000000004,0.8660254037844384,3,0
2012-12-13 23:00:00,0.0,0.0,2.0,32.0,98.0,0.0,132.0,3.0,-0.25881904510252157,0.9659258262890681,3,0
2012-12-14 00:00:00,108.0,218.0,4.0,18.0,32.0,8.0,388.0,6.0,0.0,1.0,4,0
2012-12-14 01:00:00,0.0,4.0,0.0,0.0,0.0,0.0,4.0,1.0,0.25881904510252074,0.9659258262890683,4,0
2012-12-14 02:00:00,0.0,2.0,0.0,0.0,0.0,2.0,4.0,2.0,0.49999999999999994,0.8660254037844387,4,0
2012-12-14 03:00:00,0.0,4.0,0.0,0.0,0.0,0.0,4.0,1.0,0.7071067811865476,0.7071067811865476,4,0
2012-12-14 04:00:00,0.0,0.0,0.0,0.0,0.0,0.0,0.0,0.0,0.8660254037844386,0.5000000000000001,4,1
2012-12-14 05:00:00,0.0,4.0,0.0,0.0,0.0,0.0,4.0,1.0,0.9659258262890683,0.25881904510252074,4,0
2012-12-14 06:00:00,0.0,6.0,0.0,0.0,0.0,0.0,6.0,1.0,1.0,6.123233995736766e-17,4,0
2012-12-14 07:00:00,0.0,6.0,0.0,2.0,0.0,0.0,8.0,2.0,0.9659258262890683,-0.25881904510252063,4,0
2012-12-14 08:00:00,28.0,88.0,4.0,50.0,142.0,22.0,334.0,6.0,0.8660254037844387,-0.4999999999999998,4,0
2012-12-14 09:00:00,0.0,0.0,12.0,230.0,98.0,0.0,340.0,3.0,0.7071067811865476,-0.7071067811865475,4,0
2012-12-14 10:00:00,0.0,0.0,0.0,0.0,78.0,0.0,78.0,1.0,0.49999999999999994,-0.8660254037844387,4,0
2012-12-14 11:00:00,294.0,232.0,6.0,172.0,50.0,0.0,754.0,5.0,0.258819045102521,-0.9659258262890682,4,0
2012-12-14 12:00:00,24.0,18.0,0.0,0.0,28.0,2.0,72.0,4.0,1.2246467991473532e-16,-1.0,4,0
2012-12-14 13:00:00,0.0,0.0,0.0,0.0,24.0,0.0,24.0,1.0,-0.2588190451025208,-0.9659258262890683,4,0
2012-12-14 14:00:00,28.0,52.0,10.0,244.0,90.0,24.0,448.0,6.0,-0.4999999999999997,-0.8660254037844388,4,0
2012-12-14 15:00:00,0.0,0.0,6.0,30.0,44.0,6.0,86.0,4.0,-0.7071067811865471,-0.7071067811865479,4,0
2012-12-14 16:00:00,24.0,6.0,0.0,0.0,50.0,20.0,100.0,4.0,-0.8660254037844385,-0.5000000000000004,4,0
2012-12-14 17:00:00,10.0,4.0,0.0,0.0,60.0,16.0,90.0,4.0,-0.9659258262890683,-0.25881904510252063,4,0
2012-12-14 18:00:00,0.0,0.0,0.0,0.0,0.0,0.0,0.0,0.0,-1.0,-1.8369701987210297e-16,4,1
2012-12-14 19:00:00,0.0,2.0,6.0,4.0,74.0,10.0,96.0,5.0,-0.9659258262890684,0.2588190451025203,4,0
2012-12-14 20:00:00,38.0,4.0,6.0,8.0,42.0,2.0,100.0,6.0,-0.8660254037844386,0.5000000000000001,4,0
2012-12-14 21:00:00,24.0,2.0,10.0,16.0,80.0,2.0,134.0,6.0,-0.7071067811865477,0.7071067811865474,4,0
2012-12-14 22:00:00,0.0,0.0,0.0,0.0,14.0,0.0,14.0,1.0,-0.5000000000000004,0.8660254037844384,4,0
2012-12-14 23:00:00,32.0,176.0,10.0,34.0,84.0,6.0,342.0,6.0,-0.25881904510252157,0.9659258262890681,4,0
2012-12-15 00:00:00,74.0,86.0,0.0,0.0,0.0,4.0,164.0,3.0,0.0,1.0,5,0
2012-12-15 01:00:00,0.0,4.0,0.0,0.0,0.0,0.0,4.0,1.0,0.25881904510252074,0.9659258262890683,5,0
2012-12-15 02:00:00,0.0,0.0,0.0,0.0,0.0,0.0,0.0,0.0,0.49999999999999994,0.8660254037844387,5,1
2012-12-15 03:00:00,0.0,2.0,0.0,0.0,0.0,0.0,2.0,1.0,0.7071067811865476,0.7071067811865476,5,0
2012-12-15 04:00:00,40.0,84.0,0.0,0.0,0.0,0.0,124.0,2.0,0.8660254037844386,0.5000000000000001,5,0
2012-12-15 05:00:00,0.0,4.0,0.0,0.0,0.0,0.0,4.0,1.0,0.9659258262890683,0.25881904510252074,5,0
2012-12-15 06:00:00,0.0,0.0,0.0,0.0,0.0,0.0,0.0,0.0,1.0,6.123233995736766e-17,5,1
2012-12-15 07:00:00,0.0,14.0,0.0,0.0,0.0,0.0,14.0,1.0,0.9659258262890683,-0.25881904510252063,5,0
2012-12-15 08:00:00,56.0,82.0,2.0,38.0,80.0,14.0,272.0,6.0,0.8660254037844387,-0.4999999999999998,5,0
2012-12-15 09:00:00,0.0,0.0,4.0,254.0,58.0,0.0,316.0,3.0,0.7071067811865476,-0.7071067811865475,5,0
2012-12-15 10:00:00,0.0,0.0,0.0,2.0,42.0,0.0,44.0,2.0,0.49999999999999994,-0.8660254037844387,5,0
2012-12-15 11:00:00,354.0,236.0,4.0,42.0,76.0,2.0,714.0,6.0,0.258819045102521,-0.9659258262890682,5,0
2012-12-15 12:00:00,2.0,0.0,0.0,0.0,88.0,0.0,90.0,2.0,1.2246467991473532e-16,-1.0,5,0
2012-12-15 13:00:00,0.0,0.0,0.0,0.0,104.0,34.0,138.0,2.0,-0.2588190451025208,-0.9659258262890683,5,0
2012-12-15 14:00:00,0.0,0.0,0.0,0.0,12.0,0.0,12.0,1.0,-0.4999999999999997,-0.8660254037844388,5,0
2012-12-15 15:00:00,0.0,0.0,0.0,0.0,2.0,0.0,2.0,1.0,-0.7071067811865471,-0.7071067811865479,5,0
2012-12-15 16:00:00,48.0,0.0,4.0,58.0,64.0,2.0,176.0,5.0,-0.8660254037844385,-0.5000000000000004,5,0
2012-12-15 17:00:00,0.0,0.0,0.0,0.0,24.0,12.0,36.0,2.0,-0.9659258262890683,-0.25881904510252063,5,0
2012-12-15 18:00:00,0.0,0.0,0.0,2.0,0.0,0.0,2.0,1.0,-1.0,-1.8369701987210297e-16,5,0
2012-12-15 19:00:00,0.0,0.0,0.0,0.0,22.0,10.0,32.0,2.0,-0.9659258262890684,0.2588190451025203,5,0
2012-12-15 20:00:00,0.0,2.0,0.0,0.0,34.0,0.0,36.0,2.0,-0.8660254037844386,0.5000000000000001,5,0
2012-12-15 21:00:00,0.0,2.0,0.0,0.0,28.0,0.0,30.0,2.0,-0.7071067811865477,0.7071067811865474,5,0
2012-12-15 22:00:00,0.0,0.0,8.0,106.0,86.0,0.0,200.0,3.0,-0.5000000000000004,0.8660254037844384,5,0
2012-12-15 23:00:00,18.0,128.0,0.0,0.0,148.0,6.0,300.0,4.0,-0.25881904510252157,0.9659258262890681,5,0
2012-12-16 00:00:00,42.0,98.0,0.0,0.0,0.0,0.0,140.0,2.0,0.0,1.0,6,0
2012-12-16 01:00:00,0.0,10.0,0.0,0.0,0.0,0.0,10.0,1.0,0.25881904510252074,0.9659258262890683,6,0
2012-12-16 02:00:00,0.0,6.0,0.0,0.0,0.0,0.0,6.0,1.0,0.49999999999999994,0.8660254037844387,6,0
2012-12-16 03:00:00,0.0,12.0,0.0,0.0,0.0,0.0,12.0,1.0,0.7071067811865476,0.7071067811865476,6,0
2012-12-16 04:00:00,26.0,108.0,0.0,0.0,0.0,0.0,134.0,2.0,0.8660254037844386,0.5000000000000001,6,0
2012-12-16 05:00:00,0.0,0.0,0.0,0.0,0.0,0.0,0.0,0.0,0.9659258262890683,0.25881904510252074,6,1
2012-12-16 06:00:00,0.0,4.0,0.0,0.0,0.0,0.0,4.0,1.0,1.0,6.123233995736766e-17,6,0
2012-12-16 07:00:00,0.0,0.0,0.0,0.0,0.0,0.0,0.0,0.0,0.9659258262890683,-0.25881904510252063,6,1
2012-12-16 08:00:00,0.0,8.0,0.0,0.0,0.0,0.0,8.0,1.0,0.8660254037844387,-0.4999999999999998,6,0
2012-12-16 09:00:00,42.0,66.0,4.0,28.0,66.0,16.0,222.0,6.0,0.7071067811865476,-0.7071067811865475,6,0
2012-12-16 10:00:00,0.0,0.0,0.0,0.0,84.0,0.0,84.0,1.0,0.49999999999999994,-0.8660254037844387,6,0
2012-12-16 11:00:00,106.0,4.0,10.0,216.0,88.0,2.0,426.0,6.0,0.258819045102521,-0.9659258262890682,6,0
2012-12-16 12:00:00,36.0,0.0,0.0,0.0,94.0,4.0,134.0,3.0,1.2246467991473532e-16,-1.0,6,0
2012-12-16 13:00:00,352.0,194.0,0.0,0.0,52.0,0.0,598.0,3.0,-0.2588190451025208,-0.9659258262890683,6,0
2012-12-16 14:00:00,50.0,146.0,12.0,92.0,158.0,26.0,484.0,6.0,-0.4999999999999997,-0.8660254037844388,6,0
2012-12-16 15:00:00,0.0,0.0,0.0,2.0,94.0,0.0,96.0,2.0,-0.7071067811865471,-0.7071067811865479,6,0
2012-12-16 16:00:00,6.0,0.0,4.0,12.0,158.0,26.0,206.0,5.0,-0.8660254037844385,-0.5000000000000004,6,0
2012-12-16 17:00:00,0.0,2.0,0.0,0.0,90.0,42.0,134.0,3.0,-0.9659258262890683,-0.25881904510252063,6,0
2012-12-16 18:00:00,0.0,0.0,0.0,0.0,0.0,0.0,0.0,0.0,-1.0,-1.8369701987210297e-16,6,1
2012-12-16 19:00:00,0.0,0.0,0.0,0.0,46.0,6.0,52.0,2.0,-0.9659258262890684,0.2588190451025203,6,0
2012-12-16 20:00:00,0.0,0.0,0.0,0.0,60.0,0.0,60.0,1.0,-0.8660254037844386,0.5000000000000001,6,0
2012-12-16 21:00:00,0.0,0.0,0.0,2.0,52.0,0.0,54.0,2.0,-0.7071067811865477,0.7071067811865474,6,0
2012-12-16 22:00:00,0.0,0.0,0.0,0.0,68.0,0.0,68.0,1.0,-0.5000000000000004,0.8660254037844384,6,0
2012-12-16 23:00:00,148.0,150.0,8.0,102.0,114.0,8.0,530.0,6.0,-0.25881904510252157,0.9659258262890681,6,0
2012-12-17 00:00:00,0.0,0.0,0.0,0.0,0.0,0.0,0.0,0.0,0.0,1.0,0,1
2012-12-17 01:00:00,0.0,0.0,0.0,0.0,0.0,2.0,2.0,1.0,0.25881904510252074,0.9659258262890683,0,0
2012-12-17 02:00:00,0.0,4.0,0.0,0.0,0.0,0.0,4.0,1.0,0.49999999999999994,0.8660254037844387,0,0
2012-12-17 03:00:00,40.0,108.0,0.0,0.0,0.0,0.0,148.0,2.0,0.7071067811865476,0.7071067811865476,0,0
2012-12-17 04:00:00,0.0,46.0,0.0,2.0,0.0,0.0,48.0,2.0,0.8660254037844386,0.5000000000000001,0,0
2012-12-17 05:00:00,0.0,150.0,0.0,0.0,84.0,18.0,252.0,3.0,0.9659258262890683,0.25881904510252074,0,0
2012-12-17 06:00:00,18.0,104.0,6.0,38.0,88.0,0.0,254.0,5.0,1.0,6.123233995736766e-17,0,0
2012-12-17 07:00:00,194.0,88.0,0.0,0.0,40.0,2.0,324.0,4.0,0.9659258262890683,-0.25881904510252063,0,0
2012-12-17 08:00:00,110.0,92.0,4.0,132.0,46.0,4.0,388.0,6.0,0.8660254037844387,-0.4999999999999998,0,0
2012-12-17 09:00:00,0.0,0.0,0.0,0.0,28.0,12.0,40.0,2.0,0.7071067811865476,-0.7071067811865475,0,0
2012-12-17 10:00:00,0.0,0.0,0.0,0.0,0.0,0.0,0.0,0.0,0.49999999999999994,-0.8660254037844387,0,1
2012-12-17 11:00:00,0.0,0.0,0.0,0.0,0.0,2.0,2.0,1.0,0.258819045102521,-0.9659258262890682,0,0
2012-12-17 12:00:00,0.0,2.0,0.0,0.0,0.0,0.0,2.0,1.0,1.2246467991473532e-16,-1.0,0,0
2012-12-17 13:00:00,0.0,0.0,0.0,0.0,0.0,0.0,0.0,0.0,-0.2588190451025208,-0.9659258262890683,0,1
2012-12-17 14:00:00,0.0,0.0,0.0,0.0,0.0,0.0,0.0,0.0,-0.4999999999999997,-0.8660254037844388,0,1
2012-12-17 15:00:00,28.0,2.0,2.0,0.0,40.0,10.0,82.0,5.0,-0.7071067811865471,-0.7071067811865479,0,0
2012-12-17 16:00:00,0.0,0.0,4.0,64.0,44.0,0.0,112.0,3.0,-0.8660254037844385,-0.5000000000000004,0,0
2012-12-17 17:00:00,0.0,0.0,0.0,2.0,18.0,8.0,28.0,3.0,-0.9659258262890683,-0.25881904510252063,0,0
2012-12-17 18:00:00,0.0,0.0,0.0,0.0,0.0,0.0,0.0,0.0,-1.0,-1.8369701987210297e-16,0,1
2012-12-17 19:00:00,0.0,0.0,0.0,0.0,0.0,0.0,0.0,0.0,-0.9659258262890684,0.2588190451025203,0,1
2012-12-17 20:00:00,0.0,0.0,0.0,0.0,36.0,8.0,44.0,2.0,-0.8660254037844386,0.5000000000000001,0,0
2012-12-17 21:00:00,50.0,166.0,6.0,44.0,82.0,4.0,352.0,6.0,-0.7071067811865477,0.7071067811865474,0,0
2012-12-17 22:00:00,0.0,0.0,0.0,0.0,34.0,0.0,34.0,1.0,-0.5000000000000004,0.8660254037844384,0,0
2012-12-17 23:00:00,16.0,68.0,0.0,0.0,28.0,0.0,112.0,3.0,-0.25881904510252157,0.9659258262890681,0,0
2012-12-18 00:00:00,0.0,0.0,0.0,0.0,0.0,0.0,0.0,0.0,0.0,1.0,1,1
2012-12-18 01:00:00,0.0,0.0,0.0,0.0,0.0,0.0,0.0,0.0,0.25881904510252074,0.9659258262890683,1,1
2012-12-18 02:00:00,0.0,2.0,0.0,0.0,0.0,0.0,2.0,1.0,0.49999999999999994,0.8660254037844387,1,0
2012-12-18 03:00:00,0.0,2.0,0.0,0.0,0.0,0.0,2.0,1.0,0.7071067811865476,0.7071067811865476,1,0
2012-12-18 04:00:00,0.0,0.0,0.0,0.0,0.0,0.0,0.0,0.0,0.8660254037844386,0.5000000000000001,1,1
2012-12-18 05:00:00,0.0,0.0,0.0,0.0,0.0,0.0,0.0,0.0,0.9659258262890683,0.25881904510252074,1,1
2012-12-18 06:00:00,0.0,8.0,0.0,0.0,0.0,0.0,8.0,1.0,1.0,6.123233995736766e-17,1,0
2012-12-18 07:00:00,0.0,8.0,0.0,0.0,0.0,0.0,8.0,1.0,0.9659258262890683,-0.25881904510252063,1,0
2012-12-18 08:00:00,7.0,44.0,0.0,0.0,0.0,0.0,51.0,2.0,0.8660254037844387,-0.4999999999999998,1,0
2012-12-18 09:00:00,45.0,4.0,0.0,48.0,76.0,22.0,195.0,5.0,0.7071067811865476,-0.7071067811865475,1,0
2012-12-18 10:00:00,0.0,0.0,6.0,228.0,90.0,0.0,324.0,3.0,0.49999999999999994,-0.8660254037844387,1,0
2012-12-18 11:00:00,0.0,0.0,0.0,0.0,68.0,0.0,68.0,1.0,0.258819045102521,-0.9659258262890682,1,0
2012-12-18 12:00:00,282.0,314.0,2.0,40.0,88.0,2.0,728.0,6.0,1.2246467991473532e-16,-1.0,1,0
2012-12-18 13:00:00,0.0,0.0,0.0,0.0,86.0,0.0,86.0,1.0,-0.2588190451025208,-0.9659258262890683,1,0
2012-12-18 14:00:00,8.0,8.0,0.0,0.0,62.0,12.0,90.0,4.0,-0.4999999999999997,-0.8660254037844388,1,0
2012-12-18 15:00:00,0.0,0.0,0.0,0.0,0.0,0.0,0.0,0.0,-0.7071067811865471,-0.7071067811865479,1,1
2012-12-18 16:00:00,0.0,0.0,0.0,0.0,54.0,12.0,66.0,2.0,-0.8660254037844385,-0.5000000000000004,1,0
2012-12-18 17:00:00,0.0,0.0,0.0,0.0,50.0,6.0,56.0,2.0,-0.9659258262890683,-0.25881904510252063,1,0
2012-12-18 18:00:00,0.0,0.0,0.0,2.0,0.0,0.0,2.0,1.0,-1.0,-1.8369701987210297e-16,1,0
2012-12-18 19:00:00,48.0,2.0,0.0,0.0,80.0,16.0,146.0,4.0,-0.9659258262890684,0.2588190451025203,1,0
2012-12-18 20:00:00,0.0,0.0,0.0,0.0,110.0,0.0,110.0,1.0,-0.8660254037844386,0.5000000000000001,1,0
2012-12-18 21:00:00,0.0,0.0,18.0,134.0,80.0,0.0,232.0,3.0,-0.7071067811865477,0.7071067811865474,1,0
2012-12-18 22:00:00,0.0,0.0,0.0,0.0,102.0,0.0,102.0,1.0,-0.5000000000000004,0.8660254037844384,1,0
2012-12-18 23:00:00,98.0,294.0,12.0,22.0,108.0,10.0,544.0,6.0,-0.25881904510252157,0.9659258262890681,1,0
2012-12-19 00:00:00,0.0,0.0,0.0,0.0,0.0,0.0,0.0,0.0,0.0,1.0,2,1
2012-12-19 01:00:00,0.0,0.0,0.0,2.0,0.0,0.0,2.0,1.0,0.25881904510252074,0.9659258262890683,2,0
2012-12-19 02:00:00,0.0,8.0,0.0,0.0,0.0,0.0,8.0,1.0,0.49999999999999994,0.8660254037844387,2,0
2012-12-19 03:00:00,0.0,12.0,0.0,0.0,0.0,0.0,12.0,1.0,0.7071067811865476,0.7071067811865476,2,0
2012-12-19 04:00:00,32.0,74.0,0.0,0.0,0.0,0.0,106.0,2.0,0.8660254037844386,0.5000000000000001,2,0
2012-12-19 05:00:00,0.0,2.0,0.0,0.0,0.0,0.0,2.0,1.0,0.9659258262890683,0.25881904510252074,2,0
2012-12-19 06:00:00,0.0,2.0,0.0,0.0,0.0,0.0,2.0,1.0,1.0,6.123233995736766e-17,2,0
2012-12-19 07:00:00,0.0,0.0,0.0,0.0,0.0,0.0,0.0,0.0,0.9659258262890683,-0.25881904510252063,2,1
2012-12-19 08:00:00,56.0,62.0,2.0,52.0,56.0,16.0,244.0,6.0,0.8660254037844387,-0.4999999999999998,2,0
2012-12-19 09:00:00,0.0,0.0,0.0,2.0,94.0,0.0,96.0,2.0,0.7071067811865476,-0.7071067811865475,2,0
2012-12-19 10:00:00,6.0,4.0,8.0,410.0,110.0,2.0,540.0,6.0,0.49999999999999994,-0.8660254037844387,2,0
2012-12-19 11:00:00,248.0,360.0,2.0,34.0,64.0,0.0,708.0,5.0,0.258819045102521,-0.9659258262890682,2,0
2012-12-19 12:00:00,58.0,118.0,0.0,2.0,162.0,8.0,348.0,5.0,1.2246467991473532e-16,-1.0,2,0
2012-12-19 13:00:00,0.0,0.0,0.0,4.0,0.0,0.0,4.0,1.0,-0.2588190451025208,-0.9659258262890683,2,0
2012-12-19 14:00:00,0.0,0.0,0.0,0.0,0.0,0.0,0.0,0.0,-0.4999999999999997,-0.8660254037844388,2,1
2012-12-19 15:00:00,0.0,0.0,0.0,0.0,0.0,0.0,0.0,0.0,-0.7071067811865471,-0.7071067811865479,2,1
2012-12-19 16:00:00,0.0,0.0,30.0,66.0,86.0,12.0,194.0,4.0,-0.8660254037844385,-0.5000000000000004,2,0
2012-12-19 17:00:00,48.0,0.0,6.0,60.0,84.0,12.0,210.0,5.0,-0.9659258262890683,-0.25881904510252063,2,0
2012-12-19 18:00:00,0.0,0.0,0.0,0.0,0.0,0.0,0.0,0.0,-1.0,-1.8369701987210297e-16,2,1
2012-12-19 19:00:00,0.0,0.0,0.0,0.0,48.0,26.0,74.0,2.0,-0.9659258262890684,0.2588190451025203,2,0
2012-12-19 20:00:00,0.0,0.0,0.0,2.0,0.0,0.0,2.0,1.0,-0.8660254037844386,0.5000000000000001,2,0
2012-12-19 21:00:00,70.0,126.0,0.0,0.0,56.0,2.0,254.0,4.0,-0.7071067811865477,0.7071067811865474,2,0
2012-12-19 22:00:00,0.0,0.0,8.0,238.0,66.0,2.0,314.0,4.0,-0.5000000000000004,0.8660254037844384,2,0
2012-12-19 23:00:00,106.0,158.0,6.0,20.0,74.0,8.0,372.0,6.0,-0.25881904510252157,0.9659258262890681,2,0
2012-12-20 00:00:00,0.0,8.0,0.0,0.0,0.0,0.0,8.0,1.0,0.0,1.0,3,0
2012-12-20 01:00:00,0.0,0.0,0.0,0.0,0.0,0.0,0.0,0.0,0.25881904510252074,0.9659258262890683,3,1
2012-12-20 02:00:00,0.0,2.0,0.0,0.0,0.0,0.0,2.0,1.0,0.49999999999999994,0.8660254037844387,3,0
2012-12-20 03:00:00,0.0,18.0,0.0,0.0,0.0,0.0,18.0,1.0,0.7071067811865476,0.7071067811865476,3,0
2012-12-20 04:00:00,40.0,102.0,0.0,0.0,0.0,0.0,142.0,2.0,0.8660254037844386,0.5000000000000001,3,0
2012-12-20 05:00:00,0.0,76.0,2.0,36.0,108.0,22.0,244.0,5.0,0.9659258262890683,0.25881904510252074,3,0
2012-12-20 06:00:00,0.0,0.0,12.0,618.0,70.0,0.0,700.0,3.0,1.0,6.123233995736766e-17,3,0
2012-12-20 07:00:00,0.0,0.0,8.0,54.0,34.0,0.0,96.0,3.0,0.9659258262890683,-0.25881904510252063,3,0
2012-12-20 08:00:00,0.0,0.0,0.0,0.0,0.0,0.0,0.0,0.0,0.8660254037844387,-0.4999999999999998,3,1
2012-12-20 09:00:00,0.0,0.0,0.0,0.0,2.0,0.0,2.0,1.0,0.7071067811865476,-0.7071067811865475,3,0
2012-12-20 10:00:00,156.0,92.0,0.0,0.0,24.0,2.0,274.0,4.0,0.49999999999999994,-0.8660254037844387,3,0
2012-12-20 11:00:00,176.0,142.0,0.0,0.0,110.0,38.0,466.0,4.0,0.258819045102521,-0.9659258262890682,3,0
2012-12-20 12:00:00,0.0,0.0,4.0,56.0,30.0,6.0,96.0,4.0,1.2246467991473532e-16,-1.0,3,0
2012-12-20 13:00:00,0.0,0.0,36.0,460.0,136.0,30.0,662.0,4.0,-0.2588190451025208,-0.9659258262890683,3,0
2012-12-20 14:00:00,0.0,274.0,0.0,0.0,34.0,22.0,330.0,3.0,-0.4999999999999997,-0.8660254037844388,3,0
2012-12-20 15:00:00,30.0,200.0,4.0,126.0,106.0,4.0,470.0,6.0,-0.7071067811865471,-0.7071067811865479,3,0
2012-12-20 16:00:00,0.0,0.0,0.0,0.0,86.0,0.0,86.0,1.0,-0.8660254037844385,-0.5000000000000004,3,0
2012-12-20 17:00:00,64.0,34.0,4.0,22.0,94.0,12.0,230.0,6.0,-0.9659258262890683,-0.25881904510252063,3,0
2012-12-20 18:00:00,0.0,0.0,0.0,0.0,0.0,0.0,0.0,0.0,-1.0,-1.8369701987210297e-16,3,1
2012-12-20 19:00:00,0.0,0.0,0.0,2.0,38.0,8.0,48.0,3.0,-0.9659258262890684,0.2588190451025203,3,0
2012-12-20 20:00:00,0.0,0.0,0.0,0.0,14.0,0.0,14.0,1.0,-0.8660254037844386,0.5000000000000001,3,0
2012-12-20 21:00:00,0.0,0.0,0.0,0.0,4.0,0.0,4.0,1.0,-0.7071067811865477,0.7071067811865474,3,0
2012-12-20 22:00:00,0.0,0.0,0.0,0.0,70.0,0.0,70.0,1.0,-0.5000000000000004,0.8660254037844384,3,0
2012-12-20 23:00:00,42.0,10.0,12.0,182.0,142.0,8.0,396.0,6.0,-0.25881904510252157,0.9659258262890681,3,0
2012-12-21 00:00:00,80.0,204.0,0.0,0.0,182.0,0.0,466.0,3.0,0.0,1.0,4,0
2012-12-21 01:00:00,0.0,24.0,0.0,0.0,0.0,0.0,24.0,1.0,0.25881904510252074,0.9659258262890683,4,0
2012-12-21 02:00:00,0.0,2.0,0.0,0.0,0.0,0.0,2.0,1.0,0.49999999999999994,0.8660254037844387,4,0
2012-12-21 03:00:00,0.0,22.0,0.0,0.0,0.0,0.0,22.0,1.0,0.7071067811865476,0.7071067811865476,4,0
2012-12-21 04:00:00,0.0,14.0,0.0,2.0,0.0,0.0,16.0,2.0,0.8660254037844386,0.5000000000000001,4,0
2012-12-21 05:00:00,0.0,0.0,0.0,0.0,0.0,0.0,0.0,0.0,0.9659258262890683,0.25881904510252074,4,1
2012-12-21 06:00:00,48.0,78.0,0.0,2.0,2.0,0.0,130.0,4.0,1.0,6.123233995736766e-17,4,0
2012-12-21 07:00:00,0.0,4.0,0.0,0.0,0.0,0.0,4.0,1.0,0.9659258262890683,-0.25881904510252063,4,0
2012-12-21 08:00:00,0.0,12.0,0.0,0.0,2.0,0.0,14.0,2.0,0.8660254037844387,-0.4999999999999998,4,0
2012-12-21 09:00:00,56.0,78.0,4.0,22.0,100.0,20.0,280.0,6.0,0.7071067811865476,-0.7071067811865475,4,0
2012-12-21 10:00:00,48.0,4.0,2.0,202.0,102.0,2.0,360.0,6.0,0.49999999999999994,-0.8660254037844387,4,0
2012-12-21 11:00:00,0.0,0.0,0.0,0.0,114.0,0.0,114.0,1.0,0.258819045102521,-0.9659258262890682,4,0
2012-12-21 12:00:00,258.0,356.0,14.0,94.0,70.0,0.0,792.0,5.0,1.2246467991473532e-16,-1.0,4,0
2012-12-21 13:00:00,22.0,28.0,4.0,48.0,84.0,10.0,196.0,6.0,-0.2588190451025208,-0.9659258262890683,4,0
2012-12-21 14:00:00,34.0,4.0,6.0,102.0,64.0,12.0,222.0,6.0,-0.4999999999999997,-0.8660254037844388,4,0
2012-12-21 15:00:00,0.0,0.0,0.0,2.0,0.0,2.0,4.0,2.0,-0.7071067811865471,-0.7071067811865479,4,0
2012-12-21 16:00:00,0.0,0.0,0.0,0.0,0.0,0.0,0.0,0.0,-0.8660254037844385,-0.5000000000000004,4,1
2012-12-21 17:00:00,68.0,84.0,6.0,62.0,118.0,10.0,348.0,6.0,-0.9659258262890683,-0.25881904510252063,4,0
2012-12-21 18:00:00,0.0,0.0,0.0,0.0,0.0,0.0,0.0,0.0,-1.0,-1.8369701987210297e-16,4,1
2012-12-21 19:00:00,0.0,0.0,6.0,16.0,18.0,10.0,50.0,4.0,-0.9659258262890684,0.2588190451025203,4,0
2012-12-21 20:00:00,0.0,0.0,0.0,0.0,30.0,0.0,30.0,1.0,-0.8660254037844386,0.5000000000000001,4,0
2012-12-21 21:00:00,0.0,0.0,0.0,0.0,20.0,0.0,20.0,1.0,-0.7071067811865477,0.7071067811865474,4,0
2012-12-21 22:00:00,0.0,0.0,4.0,64.0,62.0,0.0,130.0,3.0,-0.5000000000000004,0.8660254037844384,4,0
2012-12-21 23:00:00,0.0,0.0,0.0,0.0,38.0,0.0,38.0,1.0,-0.25881904510252157,0.9659258262890681,4,0
2012-12-22 00:00:00,26.0,212.0,8.0,28.0,52.0,2.0,328.0,6.0,0.0,1.0,5,0
2012-12-22 01:00:00,0.0,2.0,0.0,0.0,0.0,0.0,2.0,1.0,0.25881904510252074,0.9659258262890683,5,0
2012-12-22 02:00:00,0.0,2.0,0.0,0.0,0.0,0.0,2.0,1.0,0.49999999999999994,0.8660254037844387,5,0
2012-12-22 03:00:00,0.0,2.0,0.0,0.0,0.0,0.0,2.0,1.0,0.7071067811865476,0.7071067811865476,5,0
2012-12-22 04:00:00,32.0,67.0,0.0,2.0,0.0,0.0,101.0,3.0,0.8660254037844386,0.5000000000000001,5,0
2012-12-22 05:00:00,0.0,7.0,0.0,0.0,0.0,0.0,7.0,1.0,0.9659258262890683,0.25881904510252074,5,0
2012-12-22 06:00:00,0.0,2.0,0.0,0.0,0.0,0.0,2.0,1.0,1.0,6.123233995736766e-17,5,0
2012-12-22 07:00:00,0.0,0.0,0.0,2.0,0.0,0.0,2.0,1.0,0.9659258262890683,-0.25881904510252063,5,0
2012-12-22 08:00:00,0.0,0.0,0.0,0.0,0.0,0.0,0.0,0.0,0.8660254037844387,-0.4999999999999998,5,1
2012-12-22 09:00:00,0.0,0.0,0.0,0.0,0.0,0.0,0.0,0.0,0.7071067811865476,-0.7071067811865475,5,1
2012-12-22 10:00:00,50.0,76.0,0.0,48.0,56.0,20.0,250.0,5.0,0.49999999999999994,-0.8660254037844387,5,0
2012-12-22 11:00:00,44.0,0.0,0.0,404.0,90.0,0.0,538.0,3.0,0.258819045102521,-0.9659258262890682,5,0
2012-12-22 12:00:00,0.0,0.0,0.0,2.0,76.0,0.0,78.0,2.0,1.2246467991473532e-16,-1.0,5,0
2012-12-22 13:00:00,134.0,106.0,2.0,120.0,104.0,2.0,468.0,6.0,-0.2588190451025208,-0.9659258262890683,5,0
2012-12-22 14:00:00,176.0,96.0,0.0,0.0,68.0,26.0,366.0,4.0,-0.4999999999999997,-0.8660254037844388,5,0
2012-12-22 15:00:00,0.0,0.0,0.0,0.0,12.0,0.0,12.0,1.0,-0.7071067811865471,-0.7071067811865479,5,0
2012-12-22 16:00:00,0.0,0.0,14.0,68.0,120.0,26.0,228.0,4.0,-0.8660254037844385,-0.5000000000000004,5,0
2012-12-22 17:00:00,0.0,38.0,0.0,0.0,66.0,22.0,126.0,3.0,-0.9659258262890683,-0.25881904510252063,5,0
2012-12-22 18:00:00,0.0,0.0,0.0,0.0,0.0,0.0,0.0,0.0,-1.0,-1.8369701987210297e-16,5,1
2012-12-22 19:00:00,38.0,2.0,0.0,0.0,62.0,26.0,128.0,4.0,-0.9659258262890684,0.2588190451025203,5,0
2012-12-22 20:00:00,0.0,0.0,0.0,0.0,0.0,0.0,0.0,0.0,-0.8660254037844386,0.5000000000000001,5,1
2012-12-22 21:00:00,34.0,8.0,4.0,22.0,106.0,26.0,200.0,6.0,-0.7071067811865477,0.7071067811865474,5,0
2012-12-22 22:00:00,56.0,4.0,24.0,42.0,154.0,20.0,300.0,6.0,-0.5000000000000004,0.8660254037844384,5,0
2012-12-22 23:00:00,0.0,228.0,8.0,76.0,172.0,26.0,510.0,5.0,-0.25881904510252157,0.9659258262890681,5,0
2012-12-23 00:00:00,80.0,198.0,0.0,0.0,0.0,0.0,278.0,2.0,0.0,1.0,6,0
2012-12-23 01:00:00,0.0,2.0,0.0,0.0,0.0,0.0,2.0,1.0,0.25881904510252074,0.9659258262890683,6,0
2012-12-23 02:00:00,0.0,20.0,0.0,0.0,0.0,0.0,20.0,1.0,0.49999999999999994,0.8660254037844387,6,0
2012-12-23 03:00:00,0.0,0.0,0.0,0.0,0.0,0.0,0.0,0.0,0.7071067811865476,0.7071067811865476,6,1
2012-12-23 04:00:00,0.0,2.0,0.0,0.0,0.0,0.0,2.0,1.0,0.8660254037844386,0.5000000000000001,6,0
2012-12-23 05:00:00,46.0,96.0,8.0,48.0,74.0,14.0,286.0,6.0,0.9659258262890683,0.25881904510252074,6,0
2012-12-23 06:00:00,0.0,0.0,0.0,2.0,80.0,0.0,82.0,2.0,1.0,6.123233995736766e-17,6,0
2012-12-23 07:00:00,104.0,122.0,8.0,170.0,108.0,2.0,514.0,6.0,0.9659258262890683,-0.25881904510252063,6,0
2012-12-23 08:00:00,138.0,48.0,20.0,118.0,62.0,2.0,388.0,6.0,0.8660254037844387,-0.4999999999999998,6,0
2012-12-23 09:00:00,200.0,104.0,0.0,0.0,40.0,14.0,358.0,4.0,0.7071067811865476,-0.7071067811865475,6,0
2012-12-23 10:00:00,52.0,38.0,0.0,0.0,64.0,34.0,188.0,4.0,0.49999999999999994,-0.8660254037844387,6,0
2012-12-23 11:00:00,0.0,2.0,0.0,0.0,12.0,0.0,14.0,2.0,0.258819045102521,-0.9659258262890682,6,0
2012-12-23 12:00:00,36.0,0.0,8.0,38.0,56.0,24.0,162.0,5.0,1.2246467991473532e-16,-1.0,6,0
2012-12-23 13:00:00,0.0,0.0,6.0,16.0,96.0,22.0,140.0,4.0,-0.2588190451025208,-0.9659258262890683,6,0
2012-12-23 14:00:00,0.0,0.0,0.0,0.0,16.0,0.0,16.0,1.0,-0.4999999999999997,-0.8660254037844388,6,0
2012-12-23 15:00:00,46.0,0.0,4.0,68.0,66.0,4.0,188.0,5.0,-0.7071067811865471,-0.7071067811865479,6,0
2012-12-23 16:00:00,0.0,0.0,0.0,0.0,14.0,0.0,14.0,1.0,-0.8660254037844385,-0.5000000000000004,6,0
2012-12-23 17:00:00,0.0,18.0,8.0,74.0,90.0,18.0,208.0,5.0,-0.9659258262890683,-0.25881904510252063,6,0
2012-12-23 18:00:00,0.0,0.0,16.0,82.0,96.0,0.0,194.0,3.0,-1.0,-1.8369701987210297e-16,6,0
2012-12-23 19:00:00,0.0,0.0,0.0,0.0,14.0,0.0,14.0,1.0,-0.9659258262890684,0.2588190451025203,6,0
2012-12-23 20:00:00,0.0,0.0,0.0,0.0,16.0,0.0,16.0,1.0,-0.8660254037844386,0.5000000000000001,6,0
2012-12-23 21:00:00,0.0,0.0,0.0,0.0,30.0,0.0,30.0,1.0,-0.7071067811865477,0.7071067811865474,6,0
2012-12-23 22:00:00,38.0,110.0,14.0,70.0,62.0,0.0,294.0,5.0,-0.5000000000000004,0.8660254037844384,6,0
2012-12-23 23:00:00,4.0,204.0,0.0,0.0,128.0,2.0,338.0,4.0,-0.25881904510252157,0.9659258262890681,6,0
2012-12-24 00:00:00,43.0,354.0,0.0,0.0,30.0,6.0,433.0,4.0,0.0,1.0,0,0
2012-12-24 01:00:00,19.0,50.0,0.0,0.0,0.0,0.0,69.0,2.0,0.25881904510252074,0.9659258262890683,0,0
2012-12-24 02:00:00,0.0,0.0,0.0,0.0,0.0,0.0,0.0,0.0,0.49999999999999994,0.8660254037844387,0,1
2012-12-24 03:00:00,0.0,2.0,0.0,0.0,0.0,0.0,2.0,1.0,0.7071067811865476,0.7071067811865476,0,0
2012-12-24 04:00:00,0.0,2.0,0.0,0.0,0.0,0.0,2.0,1.0,0.8660254037844386,0.5000000000000001,0,0
2012-12-24 05:00:00,56.0,80.0,0.0,0.0,0.0,0.0,136.0,2.0,0.9659258262890683,0.25881904510252074,0,0
2012-12-24 06:00:00,0.0,0.0,0.0,0.0,0.0,0.0,0.0,0.0,1.0,6.123233995736766e-17,0,1
2012-12-24 07:00:00,0.0,0.0,0.0,0.0,0.0,0.0,0.0,0.0,0.9659258262890683,-0.25881904510252063,0,1
2012-12-24 08:00:00,0.0,0.0,0.0,0.0,0.0,0.0,0.0,0.0,0.8660254037844387,-0.4999999999999998,0,1
2012-12-24 09:00:00,192.0,88.0,8.0,42.0,52.0,24.0,406.0,6.0,0.7071067811865476,-0.7071067811865475,0,0
2012-12-24 10:00:00,202.0,14.0,10.0,126.0,146.0,36.0,534.0,6.0,0.49999999999999994,-0.8660254037844387,0,0
2012-12-24 11:00:00,0.0,0.0,4.0,184.0,142.0,0.0,330.0,3.0,0.258819045102521,-0.9659258262890682,0,0
2012-12-24 12:00:00,106.0,8.0,2.0,82.0,172.0,2.0,372.0,6.0,1.2246467991473532e-16,-1.0,0,0
2012-12-24 13:00:00,776.0,2.0,6.0,4.0,30.0,2.0,820.0,6.0,-0.2588190451025208,-0.9659258262890683,0,0
2012-12-24 14:00:00,0.0,184.0,0.0,0.0,222.0,0.0,406.0,2.0,-0.4999999999999997,-0.8660254037844388,0,0
2012-12-24 15:00:00,306.0,214.0,6.0,12.0,42.0,22.0,602.0,6.0,-0.7071067811865471,-0.7071067811865479,0,0
2012-12-24 16:00:00,0.0,0.0,0.0,0.0,28.0,6.0,34.0,2.0,-0.8660254037844385,-0.5000000000000004,0,0
2012-12-24 17:00:00,32.0,4.0,2.0,0.0,36.0,8.0,82.0,5.0,-0.9659258262890683,-0.25881904510252063,0,0
2012-12-24 18:00:00,0.0,0.0,0.0,0.0,48.0,10.0,58.0,2.0,-1.0,-1.8369701987210297e-16,0,0
2012-12-24 19:00:00,0.0,0.0,0.0,0.0,74.0,12.0,86.0,2.0,-0.9659258262890684,0.2588190451025203,0,0
2012-12-24 20:00:00,0.0,0.0,0.0,0.0,44.0,2.0,46.0,2.0,-0.8660254037844386,0.5000000000000001,0,0
2012-12-24 21:00:00,0.0,0.0,0.0,0.0,16.0,0.0,16.0,1.0,-0.7071067811865477,0.7071067811865474,0,0
2012-12-24 22:00:00,0.0,0.0,0.0,0.0,14.0,0.0,14.0,1.0,-0.5000000000000004,0.8660254037844384,0,0
2012-12-24 23:00:00,0.0,0.0,0.0,0.0,48.0,0.0,48.0,1.0,-0.25881904510252157,0.9659258262890681,0,0
2012-12-25 00:00:00,84.0,268.0,22.0,112.0,124.0,14.0,624.0,6.0,0.0,1.0,1,0
2012-12-25 01:00:00,0.0,0.0,0.0,0.0,0.0,0.0,0.0,0.0,0.25881904510252074,0.9659258262890683,1,1
2012-12-25 02:00:00,0.0,2.0,0.0,0.0,2.0,0.0,4.0,2.0,0.49999999999999994,0.8660254037844387,1,0
2012-12-25 03:00:00,0.0,2.0,0.0,0.0,0.0,0.0,2.0,1.0,0.7071067811865476,0.7071067811865476,1,0
2012-12-25 04:00:00,0.0,14.0,0.0,0.0,0.0,0.0,14.0,1.0,0.8660254037844386,0.5000000000000001,1,0
2012-12-25 05:00:00,0.0,0.0,0.0,0.0,0.0,0.0,0.0,0.0,0.9659258262890683,0.25881904510252074,1,1
2012-12-25 06:00:00,0.0,2.0,0.0,0.0,0.0,0.0,2.0,1.0,1.0,6.123233995736766e-17,1,0
2012-12-25 07:00:00,56.0,60.0,6.0,38.0,65.0,18.0,243.0,6.0,0.9659258262890683,-0.25881904510252063,1,0
2012-12-25 08:00:00,0.0,0.0,0.0,50.0,79.0,0.0,129.0,2.0,0.8660254037844387,-0.4999999999999998,1,0
2012-12-25 09:00:00,202.0,176.0,20.0,288.0,182.0,6.0,874.0,6.0,0.7071067811865476,-0.7071067811865475,1,0
2012-12-25 10:00:00,100.0,166.0,0.0,0.0,66.0,10.0,342.0,4.0,0.49999999999999994,-0.8660254037844387,1,0
2012-12-25 11:00:00,0.0,0.0,0.0,0.0,0.0,0.0,0.0,0.0,0.258819045102521,-0.9659258262890682,1,1
2012-12-25 12:00:00,0.0,0.0,0.0,0.0,0.0,0.0,0.0,0.0,1.2246467991473532e-16,-1.0,1,1
2012-12-25 13:00:00,0.0,2.0,0.0,2.0,0.0,0.0,4.0,2.0,-0.2588190451025208,-0.9659258262890683,1,0
2012-12-25 14:00:00,0.0,0.0,0.0,6.0,74.0,18.0,98.0,3.0,-0.4999999999999997,-0.8660254037844388,1,0
2012-12-25 15:00:00,0.0,0.0,0.0,0.0,14.0,0.0,14.0,1.0,-0.7071067811865471,-0.7071067811865479,1,0
2012-12-25 16:00:00,38.0,0.0,8.0,142.0,92.0,4.0,284.0,5.0,-0.8660254037844385,-0.5000000000000004,1,0
2012-12-25 17:00:00,0.0,0.0,0.0,0.0,50.0,0.0,50.0,1.0,-0.9659258262890683,-0.25881904510252063,1,0
2012-12-25 18:00:00,0.0,0.0,0.0,2.0,12.0,0.0,14.0,2.0,-1.0,-1.8369701987210297e-16,1,0
2012-12-25 19:00:00,0.0,0.0,12.0,324.0,62.0,0.0,398.0,3.0,-0.9659258262890684,0.2588190451025203,1,0
2012-12-25 20:00:00,0.0,0.0,0.0,0.0,18.0,0.0,18.0,1.0,-0.8660254037844386,0.5000000000000001,1,0
2012-12-25 21:00:00,44.0,122.0,4.0,28.0,66.0,2.0,266.0,6.0,-0.7071067811865477,0.7071067811865474,1,0
2012-12-25 22:00:00,0.0,0.0,0.0,0.0,14.0,0.0,14.0,1.0,-0.5000000000000004,0.8660254037844384,1,0
2012-12-25 23:00:00,56.0,128.0,8.0,40.0,84.0,4.0,320.0,6.0,-0.25881904510252157,0.9659258262890681,1,0
2012-12-26 00:00:00,0.0,2.0,0.0,0.0,0.0,0.0,2.0,1.0,0.0,1.0,2,0
2012-12-26 01:00:00,0.0,2.0,0.0,0.0,0.0,0.0,2.0,1.0,0.25881904510252074,0.9659258262890683,2,0
2012-12-26 02:00:00,0.0,10.0,0.0,0.0,0.0,0.0,10.0,1.0,0.49999999999999994,0.8660254037844387,2,0
2012-12-26 03:00:00,0.0,4.0,0.0,0.0,0.0,0.0,4.0,1.0,0.7071067811865476,0.7071067811865476,2,0
2012-12-26 04:00:00,0.0,8.0,0.0,0.0,0.0,0.0,8.0,1.0,0.8660254037844386,0.5000000000000001,2,0
2012-12-26 05:00:00,0.0,6.0,0.0,0.0,0.0,0.0,6.0,1.0,0.9659258262890683,0.25881904510252074,2,0
2012-12-26 06:00:00,0.0,0.0,0.0,0.0,0.0,0.0,0.0,0.0,1.0,6.123233995736766e-17,2,1
2012-12-26 07:00:00,0.0,6.0,0.0,0.0,0.0,0.0,6.0,1.0,0.9659258262890683,-0.25881904510252063,2,0
2012-12-26 08:00:00,62.0,52.0,4.0,62.0,12.0,16.0,208.0,6.0,0.8660254037844387,-0.4999999999999998,2,0
2012-12-26 09:00:00,0.0,0.0,0.0,0.0,98.0,0.0,98.0,1.0,0.7071067811865476,-0.7071067811865475,2,0
2012-12-26 10:00:00,0.0,0.0,4.0,406.0,120.0,0.0,530.0,3.0,0.49999999999999994,-0.8660254037844387,2,0
2012-12-26 11:00:00,0.0,0.0,0.0,0.0,124.0,0.0,124.0,1.0,0.258819045102521,-0.9659258262890682,2,0
2012-12-26 12:00:00,317.0,172.0,26.0,86.0,110.0,2.0,713.0,6.0,1.2246467991473532e-16,-1.0,2,0
2012-12-26 13:00:00,55.0,194.0,0.0,0.0,44.0,2.0,295.0,4.0,-0.2588190451025208,-0.9659258262890683,2,0
2012-12-26 14:00:00,0.0,0.0,10.0,18.0,80.0,14.0,122.0,4.0,-0.4999999999999997,-0.8660254037844388,2,0
2012-12-26 15:00:00,0.0,0.0,0.0,0.0,58.0,0.0,58.0,1.0,-0.7071067811865471,-0.7071067811865479,2,0
2012-12-26 16:00:00,0.0,0.0,0.0,0.0,58.0,0.0,58.0,1.0,-0.8660254037844385,-0.5000000000000004,2,0
2012-12-26 17:00:00,58.0,6.0,4.0,40.0,102.0,14.0,224.0,6.0,-0.9659258262890683,-0.25881904510252063,2,0
2012-12-26 18:00:00,0.0,0.0,0.0,0.0,0.0,0.0,0.0,0.0,-1.0,-1.8369701987210297e-16,2,1
2012-12-26 19:00:00,0.0,0.0,0.0,0.0,52.0,10.0,62.0,2.0,-0.9659258262890684,0.2588190451025203,2,0
2012-12-26 20:00:00,0.0,0.0,0.0,0.0,6.0,0.0,6.0,1.0,-0.8660254037844386,0.5000000000000001,2,0
2012-12-26 21:00:00,0.0,0.0,0.0,0.0,4.0,0.0,4.0,1.0,-0.7071067811865477,0.7071067811865474,2,0
2012-12-26 22:00:00,38.0,0.0,2.0,66.0,102.0,2.0,210.0,5.0,-0.5000000000000004,0.8660254037844384,2,0
2012-12-26 23:00:00,0.0,2.0,6.0,82.0,130.0,0.0,220.0,4.0,-0.25881904510252157,0.9659258262890681,2,0
2012-12-27 00:00:00,0.0,0.0,0.0,0.0,92.0,0.0,92.0,1.0,0.0,1.0,3,0
2012-12-27 01:00:00,32.0,200.0,4.0,50.0,42.0,8.0,336.0,6.0,0.25881904510252074,0.9659258262890683,3,0
2012-12-27 02:00:00,0.0,0.0,0.0,0.0,0.0,0.0,0.0,0.0,0.49999999999999994,0.8660254037844387,3,1
2012-12-27 03:00:00,0.0,0.0,0.0,0.0,0.0,0.0,0.0,0.0,0.7071067811865476,0.7071067811865476,3,1
2012-12-27 04:00:00,0.0,2.0,0.0,0.0,0.0,0.0,2.0,1.0,0.8660254037844386,0.5000000000000001,3,0
2012-12-27 05:00:00,0.0,8.0,0.0,0.0,0.0,0.0,8.0,1.0,0.9659258262890683,0.25881904510252074,3,0
2012-12-27 06:00:00,0.0,8.0,0.0,0.0,0.0,0.0,8.0,1.0,1.0,6.123233995736766e-17,3,0
2012-12-27 07:00:00,42.0,64.0,0.0,32.0,64.0,12.0,214.0,5.0,0.9659258262890683,-0.25881904510252063,3,0
2012-12-27 08:00:00,8.0,2.0,2.0,186.0,136.0,2.0,336.0,6.0,0.8660254037844387,-0.4999999999999998,3,0
2012-12-27 09:00:00,24.0,0.0,6.0,36.0,142.0,0.0,208.0,4.0,0.7071067811865476,-0.7071067811865475,3,0
2012-12-27 10:00:00,34.0,132.0,0.0,22.0,38.0,0.0,226.0,4.0,0.49999999999999994,-0.8660254037844387,3,0
2012-12-27 11:00:00,0.0,0.0,0.0,0.0,2.0,0.0,2.0,1.0,0.258819045102521,-0.9659258262890682,3,0
2012-12-27 12:00:00,0.0,0.0,0.0,0.0,0.0,0.0,0.0,0.0,1.2246467991473532e-16,-1.0,3,1
2012-12-27 13:00:00,0.0,0.0,2.0,32.0,46.0,0.0,80.0,3.0,-0.2588190451025208,-0.9659258262890683,3,0
2012-12-27 14:00:00,104.0,48.0,0.0,0.0,66.0,2.0,220.0,4.0,-0.4999999999999997,-0.8660254037844388,3,0
2012-12-27 15:00:00,244.0,86.0,0.0,30.0,54.0,16.0,430.0,5.0,-0.7071067811865471,-0.7071067811865479,3,0
2012-12-27 16:00:00,0.0,0.0,0.0,0.0,120.0,0.0,120.0,1.0,-0.8660254037844385,-0.5000000000000004,3,0
2012-12-27 17:00:00,32.0,34.0,0.0,0.0,70.0,8.0,144.0,4.0,-0.9659258262890683,-0.25881904510252063,3,0
2012-12-27 18:00:00,0.0,0.0,0.0,0.0,0.0,0.0,0.0,0.0,-1.0,-1.8369701987210297e-16,3,1
2012-12-27 19:00:00,10.0,0.0,0.0,0.0,50.0,14.0,74.0,3.0,-0.9659258262890684,0.2588190451025203,3,0
2012-12-27 20:00:00,0.0,0.0,0.0,0.0,30.0,0.0,30.0,1.0,-0.8660254037844386,0.5000000000000001,3,0
2012-12-27 21:00:00,0.0,0.0,0.0,0.0,26.0,0.0,26.0,1.0,-0.7071067811865477,0.7071067811865474,3,0
2012-12-27 22:00:00,10.0,0.0,6.0,144.0,58.0,0.0,218.0,4.0,-0.5000000000000004,0.8660254037844384,3,0
2012-12-27 23:00:00,28.0,0.0,0.0,0.0,74.0,2.0,104.0,3.0,-0.25881904510252157,0.9659258262890681,3,0
2012-12-28 00:00:00,76.0,190.0,4.0,82.0,46.0,2.0,400.0,6.0,0.0,1.0,4,0
2012-12-28 01:00:00,0.0,2.0,0.0,0.0,0.0,0.0,2.0,1.0,0.25881904510252074,0.9659258262890683,4,0
2012-12-28 02:00:00,0.0,4.0,0.0,2.0,0.0,0.0,6.0,2.0,0.49999999999999994,0.8660254037844387,4,0
2012-12-28 03:00:00,0.0,14.0,0.0,0.0,0.0,0.0,14.0,1.0,0.7071067811865476,0.7071067811865476,4,0
2012-12-28 04:00:00,0.0,18.0,0.0,0.0,2.0,0.0,20.0,2.0,0.8660254037844386,0.5000000000000001,4,0
2012-12-28 05:00:00,0.0,6.0,0.0,0.0,0.0,0.0,6.0,1.0,0.9659258262890683,0.25881904510252074,4,0
2012-12-28 06:00:00,0.0,8.0,0.0,0.0,0.0,0.0,8.0,1.0,1.0,6.123233995736766e-17,4,0
2012-12-28 07:00:00,0.0,4.0,0.0,0.0,0.0,0.0,4.0,1.0,0.9659258262890683,-0.25881904510252063,4,0
2012-12-28 08:00:00,24.0,52.0,0.0,0.0,0.0,0.0,76.0,2.0,0.8660254037844387,-0.4999999999999998,4,0
2012-12-28 09:00:00,28.0,28.0,2.0,48.0,86.0,14.0,206.0,6.0,0.7071067811865476,-0.7071067811865475,4,0
2012-12-28 10:00:00,64.0,2.0,2.0,340.0,108.0,0.0,516.0,5.0,0.49999999999999994,-0.8660254037844387,4,0
2012-12-28 11:00:00,0.0,0.0,0.0,0.0,76.0,0.0,76.0,1.0,0.258819045102521,-0.9659258262890682,4,0
2012-12-28 12:00:00,248.0,202.0,2.0,50.0,72.0,12.0,586.0,6.0,1.2246467991473532e-16,-1.0,4,0
2012-12-28 13:00:00,0.0,0.0,0.0,0.0,0.0,0.0,0.0,0.0,-0.2588190451025208,-0.9659258262890683,4,1
2012-12-28 14:00:00,0.0,0.0,2.0,148.0,54.0,10.0,214.0,4.0,-0.4999999999999997,-0.8660254037844388,4,0
2012-12-28 15:00:00,46.0,0.0,0.0,72.0,110.0,18.0,246.0,4.0,-0.7071067811865471,-0.7071067811865479,4,0
2012-12-28 16:00:00,0.0,0.0,0.0,0.0,28.0,0.0,28.0,1.0,-0.8660254037844385,-0.5000000000000004,4,0
2012-12-28 17:00:00,0.0,0.0,0.0,2.0,70.0,8.0,80.0,3.0,-0.9659258262890683,-0.25881904510252063,4,0
2012-12-28 18:00:00,0.0,0.0,0.0,2.0,0.0,0.0,2.0,1.0,-1.0,-1.8369701987210297e-16,4,0
2012-12-28 19:00:00,0.0,0.0,0.0,0.0,108.0,14.0,122.0,2.0,-0.9659258262890684,0.2588190451025203,4,0
2012-12-28 20:00:00,0.0,0.0,0.0,0.0,174.0,0.0,174.0,1.0,-0.8660254037844386,0.5000000000000001,4,0
2012-12-28 21:00:00,0.0,0.0,0.0,0.0,104.0,0.0,104.0,1.0,-0.7071067811865477,0.7071067811865474,4,0
2012-12-28 22:00:00,4.0,60.0,6.0,46.0,138.0,14.0,268.0,6.0,-0.5000000000000004,0.8660254037844384,4,0
2012-12-28 23:00:00,86.0,128.0,0.0,2.0,0.0,0.0,216.0,3.0,-0.25881904510252157,0.9659258262890681,4,0
2012-12-29 00:00:00,0.0,4.0,0.0,0.0,0.0,0.0,4.0,1.0,0.0,1.0,5,0
2012-12-29 01:00:00,0.0,0.0,0.0,0.0,0.0,0.0,0.0,0.0,0.25881904510252074,0.9659258262890683,5,1
2012-12-29 02:00:00,0.0,18.0,0.0,0.0,0.0,0.0,18.0,1.0,0.49999999999999994,0.8660254037844387,5,0
2012-12-29 03:00:00,0.0,8.0,0.0,0.0,0.0,0.0,8.0,1.0,0.7071067811865476,0.7071067811865476,5,0
2012-12-29 04:00:00,0.0,0.0,0.0,0.0,0.0,0.0,0.0,0.0,0.8660254037844386,0.5000000000000001,5,1
2012-12-29 05:00:00,0.0,12.0,0.0,0.0,0.0,0.0,12.0,1.0,0.9659258262890683,0.25881904510252074,5,0
2012-12-29 06:00:00,0.0,8.0,0.0,0.0,0.0,0.0,8.0,1.0,1.0,6.123233995736766e-17,5,0
2012-12-29 07:00:00,0.0,5.0,0.0,0.0,0.0,0.0,5.0,1.0,0.9659258262890683,-0.25881904510252063,5,0
2012-12-29 08:00:00,58.0,113.0,0.0,28.0,116.0,20.0,335.0,5.0,0.8660254037844387,-0.4999999999999998,5,0
2012-12-29 09:00:00,0.0,0.0,6.0,382.0,98.0,0.0,486.0,3.0,0.7071067811865476,-0.7071067811865475,5,0
2012-12-29 10:00:00,0.0,0.0,2.0,11.0,124.0,0.0,137.0,3.0,0.49999999999999994,-0.8660254037844387,5,0
2012-12-29 11:00:00,266.0,136.0,0.0,75.0,68.0,18.0,563.0,5.0,0.258819045102521,-0.9659258262890682,5,0
2012-12-29 12:00:00,0.0,0.0,0.0,2.0,0.0,0.0,2.0,1.0,1.2246467991473532e-16,-1.0,5,0
2012-12-29 13:00:00,44.0,182.0,6.0,366.0,100.0,26.0,724.0,6.0,-0.2588190451025208,-0.9659258262890683,5,0
2012-12-29 14:00:00,0.0,0.0,44.0,62.0,58.0,26.0,190.0,4.0,-0.4999999999999997,-0.8660254037844388,5,0
2012-12-29 15:00:00,0.0,0.0,6.0,42.0,126.0,42.0,216.0,4.0,-0.7071067811865471,-0.7071067811865479,5,0
2012-12-29 16:00:00,0.0,30.0,0.0,0.0,60.0,22.0,112.0,3.0,-0.8660254037844385,-0.5000000000000004,5,0
2012-12-29 17:00:00,0.0,426.0,0.0,0.0,110.0,32.0,568.0,3.0,-0.9659258262890683,-0.25881904510252063,5,0
2012-12-29 18:00:00,0.0,0.0,0.0,0.0,0.0,0.0,0.0,0.0,-1.0,-1.8369701987210297e-16,5,1
2012-12-29 19:00:00,42.0,6.0,0.0,0.0,36.0,10.0,94.0,4.0,-0.9659258262890684,0.2588190451025203,5,0
2012-12-29 20:00:00,0.0,2.0,0.0,0.0,10.0,0.0,12.0,2.0,-0.8660254037844386,0.5000000000000001,5,0
2012-12-29 21:00:00,36.0,470.0,0.0,0.0,58.0,6.0,570.0,4.0,-0.7071067811865477,0.7071067811865474,5,0
2012-12-29 22:00:00,8.0,4.0,28.0,156.0,202.0,40.0,438.0,6.0,-0.5000000000000004,0.8660254037844384,5,0
2012-12-29 23:00:00,134.0,270.0,0.0,0.0,120.0,10.0,534.0,4.0,-0.25881904510252157,0.9659258262890681,5,0
2012-12-30 00:00:00,0.0,14.0,0.0,0.0,0.0,0.0,14.0,1.0,0.0,1.0,6,0
2012-12-30 01:00:00,0.0,2.0,0.0,0.0,0.0,0.0,2.0,1.0,0.25881904510252074,0.9659258262890683,6,0
2012-12-30 02:00:00,0.0,11.0,0.0,0.0,0.0,0.0,11.0,1.0,0.49999999999999994,0.8660254037844387,6,0
2012-12-30 03:00:00,0.0,9.0,0.0,0.0,0.0,0.0,9.0,1.0,0.7071067811865476,0.7071067811865476,6,0
2012-12-30 04:00:00,22.0,62.0,0.0,0.0,0.0,0.0,84.0,2.0,0.8660254037844386,0.5000000000000001,6,0
2012-12-30 05:00:00,12.0,58.0,0.0,38.0,106.0,16.0,230.0,5.0,0.9659258262890683,0.25881904510252074,6,0
2012-12-30 06:00:00,0.0,0.0,0.0,0.0,98.0,0.0,98.0,1.0,1.0,6.123233995736766e-17,6,0
2012-12-30 07:00:00,76.0,20.0,2.0,296.0,102.0,2.0,498.0,6.0,0.9659258262890683,-0.25881904510252063,6,0
2012-12-30 08:00:00,36.0,140.0,10.0,116.0,92.0,2.0,396.0,6.0,0.8660254037844387,-0.4999999999999998,6,0
2012-12-30 09:00:00,298.0,68.0,0.0,0.0,120.0,32.0,518.0,4.0,0.7071067811865476,-0.7071067811865475,6,0
2012-12-30 10:00:00,38.0,2.0,36.0,143.0,46.0,8.0,273.0,6.0,0.49999999999999994,-0.8660254037844387,6,0
2012-12-30 11:00:00,0.0,0.0,2.0,3.0,76.0,0.0,81.0,3.0,0.258819045102521,-0.9659258262890682,6,0
2012-12-30 12:00:00,32.0,4.0,2.0,182.0,32.0,4.0,256.0,6.0,1.2246467991473532e-16,-1.0,6,0
2012-12-30 13:00:00,0.0,0.0,6.0,352.0,30.0,0.0,388.0,3.0,-0.2588190451025208,-0.9659258262890683,6,0
2012-12-30 14:00:00,0.0,0.0,0.0,0.0,50.0,8.0,58.0,2.0,-0.4999999999999997,-0.8660254037844388,6,0
2012-12-30 15:00:00,52.0,4.0,52.0,56.0,296.0,12.0,472.0,6.0,-0.7071067811865471,-0.7071067811865479,6,0
2012-12-30 16:00:00,0.0,0.0,2.0,0.0,198.0,8.0,208.0,3.0,-0.8660254037844385,-0.5000000000000004,6,0
2012-12-30 17:00:00,8.0,64.0,0.0,0.0,170.0,20.0,262.0,4.0,-0.9659258262890683,-0.25881904510252063,6,0
2012-12-30 18:00:00,0.0,2.0,0.0,0.0,0.0,0.0,2.0,1.0,-1.0,-1.8369701987210297e-16,6,0
2012-12-30 19:00:00,0.0,0.0,0.0,0.0,38.0,8.0,46.0,2.0,-0.9659258262890684,0.2588190451025203,6,0
2012-12-30 20:00:00,34.0,4.0,6.0,192.0,86.0,4.0,326.0,6.0,-0.8660254037844386,0.5000000000000001,6,0
2012-12-30 21:00:00,0.0,0.0,0.0,0.0,128.0,0.0,128.0,1.0,-0.7071067811865477,0.7071067811865474,6,0
2012-12-30 22:00:00,0.0,0.0,0.0,0.0,34.0,0.0,34.0,1.0,-0.5000000000000004,0.8660254037844384,6,0
2012-12-30 23:00:00,2.0,4.0,6.0,220.0,74.0,1.0,307.0,6.0,-0.25881904510252157,0.9659258262890681,6,0
2012-12-31 00:00:00,106.0,266.0,0.0,0.0,20.0,15.0,407.0,4.0,0.0,1.0,0,0
2012-12-31 01:00:00,0.0,2.0,0.0,0.0,0.0,0.0,2.0,1.0,0.25881904510252074,0.9659258262890683,0,0
2012-12-31 02:00:00,0.0,0.0,0.0,0.0,0.0,0.0,0.0,0.0,0.49999999999999994,0.8660254037844387,0,1
2012-12-31 03:00:00,0.0,2.0,0.0,0.0,0.0,0.0,2.0,1.0,0.7071067811865476,0.7071067811865476,0,0
2012-12-31 04:00:00,0.0,2.0,0.0,0.0,0.0,0.0,2.0,1.0,0.8660254037844386,0.5000000000000001,0,0
2012-12-31 05:00:00,0.0,2.0,0.0,0.0,0.0,0.0,2.0,1.0,0.9659258262890683,0.25881904510252074,0,0
2012-12-31 06:00:00,0.0,2.0,0.0,0.0,0.0,0.0,2.0,1.0,1.0,6.123233995736766e-17,0,0
2012-12-31 07:00:00,0.0,4.0,0.0,0.0,0.0,0.0,4.0,1.0,0.9659258262890683,-0.25881904510252063,0,0
2012-12-31 08:00:00,0.0,2.0,0.0,0.0,0.0,0.0,2.0,1.0,0.8660254037844387,-0.4999999999999998,0,0
2012-12-31 09:00:00,0.0,44.0,0.0,0.0,0.0,0.0,44.0,1.0,0.7071067811865476,-0.7071067811865475,0,0
2012-12-31 10:00:00,42.0,56.0,12.0,56.0,116.0,18.0,300.0,6.0,0.49999999999999994,-0.8660254037844387,0,0
2012-12-31 11:00:00,2.0,0.0,4.0,316.0,118.0,0.0,440.0,4.0,0.258819045102521,-0.9659258262890682,0,0
2012-12-31 12:00:00,0.0,0.0,2.0,59.0,124.0,0.0,185.0,3.0,1.2246467991473532e-16,-1.0,0,0
2012-12-31 13:00:00,284.0,254.0,2.0,195.0,94.0,8.0,837.0,6.0,-0.2588190451025208,-0.9659258262890683,0,0
2012-12-31 14:00:00,48.0,4.0,6.0,596.0,54.0,6.0,714.0,6.0,-0.4999999999999997,-0.8660254037844388,0,0
2012-12-31 15:00:00,48.0,4.0,6.0,120.0,132.0,22.0,332.0,6.0,-0.7071067811865471,-0.7071067811865479,0,0
2012-12-31 16:00:00,0.0,0.0,4.0,426.0,36.0,0.0,466.0,3.0,-0.8660254037844385,-0.5000000000000004,0,0
2012-12-31 17:00:00,118.0,132.0,28.0,226.0,114.0,12.0,630.0,6.0,-0.9659258262890683,-0.25881904510252063,0,0
2012-12-31 18:00:00,0.0,0.0,0.0,0.0,0.0,0.0,0.0,0.0,-1.0,-1.8369701987210297e-16,0,1
2012-12-31 19:00:00,0.0,0.0,0.0,0.0,0.0,0.0,0.0,0.0,-0.9659258262890684,0.2588190451025203,0,1
2012-12-31 20:00:00,0.0,0.0,0.0,0.0,0.0,2.0,2.0,1.0,-0.8660254037844386,0.5000000000000001,0,0
2012-12-31 21:00:00,0.0,0.0,0.0,0.0,0.0,0.0,0.0,0.0,-0.7071067811865477,0.7071067811865474,0,1
2012-12-31 22:00:00,48.0,92.0,6.0,36.0,90.0,18.0,290.0,6.0,-0.5000000000000004,0.8660254037844384,0,0
2012-12-31 23:00:00,2.0,4.0,4.0,272.0,110.0,4.0,396.0,6.0,-0.25881904510252157,0.9659258262890681,0,0
2013-01-01 00:00:00,0.0,0.0,0.0,0.0,50.0,0.0,50.0,1.0,0.0,1.0,1,0
2013-01-01 01:00:00,36.0,152.0,0.0,0.0,14.0,4.0,206.0,4.0,0.25881904510252074,0.9659258262890683,1,0
2013-01-01 02:00:00,0.0,18.0,0.0,0.0,0.0,0.0,18.0,1.0,0.49999999999999994,0.8660254037844387,1,0
2013-01-01 03:00:00,0.0,0.0,0.0,0.0,0.0,0.0,0.0,0.0,0.7071067811865476,0.7071067811865476,1,1
2013-01-01 04:00:00,0.0,8.0,0.0,0.0,0.0,0.0,8.0,1.0,0.8660254037844386,0.5000000000000001,1,0
2013-01-01 05:00:00,0.0,0.0,0.0,0.0,0.0,0.0,0.0,0.0,0.9659258262890683,0.25881904510252074,1,1
2013-01-01 06:00:00,0.0,0.0,0.0,0.0,0.0,0.0,0.0,0.0,1.0,6.123233995736766e-17,1,1
2013-01-01 07:00:00,0.0,2.0,0.0,0.0,0.0,0.0,2.0,1.0,0.9659258262890683,-0.25881904510252063,1,0
2013-01-01 08:00:00,46.0,64.0,6.0,32.0,52.0,18.0,218.0,6.0,0.8660254037844387,-0.4999999999999998,1,0
2013-01-01 09:00:00,2.0,14.0,4.0,264.0,82.0,2.0,368.0,6.0,0.7071067811865476,-0.7071067811865475,1,0
2013-01-01 10:00:00,0.0,0.0,0.0,0.0,30.0,0.0,30.0,1.0,0.49999999999999994,-0.8660254037844387,1,0
2013-01-01 11:00:00,38.0,148.0,4.0,140.0,86.0,4.0,420.0,6.0,0.258819045102521,-0.9659258262890682,1,0
2013-01-01 12:00:00,0.0,0.0,0.0,0.0,88.0,0.0,88.0,1.0,1.2246467991473532e-16,-1.0,1,0
2013-01-01 13:00:00,0.0,0.0,0.0,0.0,106.0,0.0,106.0,1.0,-0.2588190451025208,-0.9659258262890683,1,0
2013-01-01 14:00:00,292.0,144.0,6.0,480.0,80.0,2.0,1004.0,6.0,-0.4999999999999997,-0.8660254037844388,1,0
2013-01-01 15:00:00,0.0,0.0,0.0,0.0,64.0,0.0,64.0,1.0,-0.7071067811865471,-0.7071067811865479,1,0
2013-01-01 16:00:00,44.0,4.0,2.0,52.0,126.0,2.0,230.0,6.0,-0.8660254037844385,-0.5000000000000004,1,0
2013-01-01 17:00:00,26.0,74.0,10.0,0.0,104.0,16.0,230.0,5.0,-0.9659258262890683,-0.25881904510252063,1,0
2013-01-01 18:00:00,22.0,0.0,0.0,0.0,22.0,14.0,58.0,3.0,-1.0,-1.8369701987210297e-16,1,0
2013-01-01 19:00:00,0.0,0.0,0.0,0.0,56.0,0.0,56.0,1.0,-0.9659258262890684,0.2588190451025203,1,0
2013-01-01 20:00:00,0.0,0.0,0.0,0.0,62.0,0.0,62.0,1.0,-0.8660254037844386,0.5000000000000001,1,0
2013-01-01 21:00:00,52.0,0.0,0.0,0.0,106.0,2.0,160.0,3.0,-0.7071067811865477,0.7071067811865474,1,0
2013-01-01 22:00:00,0.0,0.0,0.0,0.0,90.0,0.0,90.0,1.0,-0.5000000000000004,0.8660254037844384,1,0
2013-01-01 23:00:00,70.0,224.0,12.0,100.0,50.0,0.0,456.0,5.0,-0.25881904510252157,0.9659258262890681,1,0
2013-01-02 00:00:00,0.0,0.0,0.0,0.0,0.0,0.0,0.0,0.0,0.0,1.0,2,1
2013-01-02 01:00:00,0.0,0.0,0.0,0.0,0.0,0.0,0.0,0.0,0.25881904510252074,0.9659258262890683,2,1
2013-01-02 02:00:00,0.0,0.0,0.0,2.0,0.0,2.0,4.0,2.0,0.49999999999999994,0.8660254037844387,2,0
2013-01-02 03:00:00,0.0,6.0,0.0,0.0,0.0,0.0,6.0,1.0,0.7071067811865476,0.7071067811865476,2,0
2013-01-02 04:00:00,0.0,4.0,0.0,2.0,0.0,0.0,6.0,2.0,0.8660254037844386,0.5000000000000001,2,0
2013-01-02 05:00:00,0.0,6.0,0.0,0.0,0.0,0.0,6.0,1.0,0.9659258262890683,0.25881904510252074,2,0
2013-01-02 06:00:00,0.0,0.0,0.0,2.0,0.0,0.0,2.0,1.0,1.0,6.123233995736766e-17,2,0
2013-01-02 07:00:00,0.0,0.0,0.0,0.0,0.0,0.0,0.0,0.0,0.9659258262890683,-0.25881904510252063,2,1
2013-01-02 08:00:00,0.0,2.0,0.0,0.0,0.0,0.0,2.0,1.0,0.8660254037844387,-0.4999999999999998,2,0
2013-01-02 09:00:00,72.0,92.0,2.0,44.0,48.0,16.0,274.0,6.0,0.7071067811865476,-0.7071067811865475,2,0
2013-01-02 10:00:00,0.0,0.0,16.0,334.0,82.0,0.0,432.0,3.0,0.49999999999999994,-0.8660254037844387,2,0
2013-01-02 11:00:00,0.0,0.0,0.0,0.0,56.0,0.0,56.0,1.0,0.258819045102521,-0.9659258262890682,2,0
2013-01-02 12:00:00,38.0,19.0,6.0,74.0,70.0,2.0,209.0,6.0,1.2246467991473532e-16,-1.0,2,0
2013-01-02 13:00:00,244.0,323.0,0.0,0.0,84.0,2.0,653.0,4.0,-0.2588190451025208,-0.9659258262890683,2,0
2013-01-02 14:00:00,0.0,0.0,4.0,190.0,180.0,16.0,390.0,4.0,-0.4999999999999997,-0.8660254037844388,2,0
2013-01-02 15:00:00,0.0,0.0,6.0,82.0,94.0,0.0,182.0,3.0,-0.7071067811865471,-0.7071067811865479,2,0
2013-01-02 16:00:00,0.0,0.0,0.0,0.0,30.0,0.0,30.0,1.0,-0.8660254037844385,-0.5000000000000004,2,0
2013-01-02 17:00:00,54.0,28.0,4.0,272.0,102.0,4.0,464.0,6.0,-0.9659258262890683,-0.25881904510252063,2,0
2013-01-02 18:00:00,0.0,0.0,0.0,0.0,46.0,0.0,46.0,1.0,-1.0,-1.8369701987210297e-16,2,0
2013-01-02 19:00:00,0.0,0.0,0.0,0.0,118.0,0.0,118.0,1.0,-0.9659258262890684,0.2588190451025203,2,0
2013-01-02 20:00:00,44.0,4.0,48.0,112.0,90.0,2.0,300.0,6.0,-0.8660254037844386,0.5000000000000001,2,0
2013-01-02 21:00:00,0.0,0.0,0.0,0.0,82.0,0.0,82.0,1.0,-0.7071067811865477,0.7071067811865474,2,0
2013-01-02 22:00:00,4.0,6.0,0.0,0.0,116.0,8.0,134.0,4.0,-0.5000000000000004,0.8660254037844384,2,0
2013-01-02 23:00:00,76.0,204.0,2.0,108.0,22.0,2.0,414.0,6.0,-0.25881904510252157,0.9659258262890681,2,0
2013-01-03 00:00:00,0.0,0.0,0.0,0.0,0.0,0.0,0.0,0.0,0.0,1.0,3,1
2013-01-03 01:00:00,0.0,0.0,0.0,0.0,0.0,0.0,0.0,0.0,0.25881904510252074,0.9659258262890683,3,1
2013-01-03 02:00:00,38.0,78.0,0.0,0.0,0.0,0.0,116.0,2.0,0.49999999999999994,0.8660254037844387,3,0
2013-01-03 03:00:00,0.0,44.0,0.0,0.0,0.0,0.0,44.0,1.0,0.7071067811865476,0.7071067811865476,3,0
2013-01-03 04:00:00,0.0,46.0,0.0,0.0,120.0,18.0,184.0,3.0,0.8660254037844386,0.5000000000000001,3,0
2013-01-03 05:00:00,42.0,0.0,10.0,82.0,68.0,2.0,204.0,5.0,0.9659258262890683,0.25881904510252074,3,0
2013-01-03 06:00:00,0.0,98.0,2.0,78.0,68.0,4.0,250.0,5.0,1.0,6.123233995736766e-17,3,0
2013-01-03 07:00:00,14.0,0.0,6.0,134.0,104.0,2.0,260.0,5.0,0.9659258262890683,-0.25881904510252063,3,0
2013-01-03 08:00:00,0.0,0.0,0.0,0.0,0.0,0.0,0.0,0.0,0.8660254037844387,-0.4999999999999998,3,1
2013-01-03 09:00:00,36.0,0.0,4.0,30.0,70.0,2.0,142.0,5.0,0.7071067811865476,-0.7071067811865475,3,0
2013-01-03 10:00:00,0.0,0.0,0.0,0.0,54.0,0.0,54.0,1.0,0.49999999999999994,-0.8660254037844387,3,0
2013-01-03 11:00:00,256.0,152.0,28.0,30.0,60.0,2.0,528.0,6.0,0.258819045102521,-0.9659258262890682,3,0
2013-01-03 12:00:00,46.0,0.0,10.0,160.0,98.0,16.0,330.0,5.0,1.2246467991473532e-16,-1.0,3,0
2013-01-03 13:00:00,0.0,0.0,0.0,0.0,0.0,0.0,0.0,0.0,-0.2588190451025208,-0.9659258262890683,3,1
2013-01-03 14:00:00,0.0,0.0,0.0,0.0,0.0,0.0,0.0,0.0,-0.4999999999999997,-0.8660254037844388,3,1
2013-01-03 15:00:00,2.0,28.0,4.0,118.0,68.0,24.0,244.0,6.0,-0.7071067811865471,-0.7071067811865479,3,0
2013-01-03 16:00:00,0.0,0.0,0.0,0.0,6.0,0.0,6.0,1.0,-0.8660254037844385,-0.5000000000000004,3,0
2013-01-03 17:00:00,48.0,0.0,2.0,18.0,52.0,12.0,132.0,5.0,-0.9659258262890683,-0.25881904510252063,3,0
2013-01-03 18:00:00,0.0,0.0,0.0,0.0,0.0,0.0,0.0,0.0,-1.0,-1.8369701987210297e-16,3,1
2013-01-03 19:00:00,6.0,22.0,0.0,0.0,92.0,10.0,130.0,4.0,-0.9659258262890684,0.2588190451025203,3,0
2013-01-03 20:00:00,0.0,0.0,0.0,0.0,92.0,0.0,92.0,1.0,-0.8660254037844386,0.5000000000000001,3,0
2013-01-03 21:00:00,46.0,120.0,0.0,0.0,36.0,4.0,206.0,4.0,-0.7071067811865477,0.7071067811865474,3,0
2013-01-03 22:00:00,0.0,0.0,0.0,48.0,42.0,2.0,92.0,3.0,-0.5000000000000004,0.8660254037844384,3,0
2013-01-03 23:00:00,82.0,114.0,0.0,0.0,30.0,2.0,228.0,4.0,-0.25881904510252157,0.9659258262890681,3,0
2013-01-04 00:00:00,0.0,0.0,0.0,2.0,0.0,0.0,2.0,1.0,0.0,1.0,4,0
2013-01-04 01:00:00,0.0,0.0,0.0,0.0,0.0,0.0,0.0,0.0,0.25881904510252074,0.9659258262890683,4,1
2013-01-04 02:00:00,0.0,0.0,0.0,0.0,0.0,0.0,0.0,0.0,0.49999999999999994,0.8660254037844387,4,1
2013-01-04 03:00:00,32.0,88.0,0.0,0.0,0.0,0.0,120.0,2.0,0.7071067811865476,0.7071067811865476,4,0
2013-01-04 04:00:00,0.0,0.0,0.0,0.0,0.0,0.0,0.0,0.0,0.8660254037844386,0.5000000000000001,4,1
2013-01-04 05:00:00,0.0,2.0,0.0,0.0,0.0,0.0,2.0,1.0,0.9659258262890683,0.25881904510252074,4,0
2013-01-04 06:00:00,0.0,2.0,0.0,0.0,0.0,0.0,2.0,1.0,1.0,6.123233995736766e-17,4,0
2013-01-04 07:00:00,0.0,6.0,0.0,0.0,0.0,0.0,6.0,1.0,0.9659258262890683,-0.25881904510252063,4,0
2013-01-04 08:00:00,38.0,52.0,0.0,0.0,0.0,0.0,90.0,2.0,0.8660254037844387,-0.4999999999999998,4,0
2013-01-04 09:00:00,30.0,2.0,4.0,54.0,102.0,14.0,206.0,6.0,0.7071067811865476,-0.7071067811865475,4,0
2013-01-04 10:00:00,0.0,0.0,6.0,322.0,110.0,0.0,438.0,3.0,0.49999999999999994,-0.8660254037844387,4,0
2013-01-04 11:00:00,0.0,0.0,0.0,0.0,116.0,0.0,116.0,1.0,0.258819045102521,-0.9659258262890682,4,0
2013-01-04 12:00:00,170.0,124.0,2.0,80.0,98.0,2.0,476.0,6.0,1.2246467991473532e-16,-1.0,4,0
2013-01-04 13:00:00,64.0,60.0,0.0,0.0,38.0,8.0,170.0,4.0,-0.2588190451025208,-0.9659258262890683,4,0
2013-01-04 14:00:00,0.0,0.0,0.0,0.0,0.0,0.0,0.0,0.0,-0.4999999999999997,-0.8660254037844388,4,1
2013-01-04 15:00:00,0.0,0.0,0.0,0.0,28.0,10.0,38.0,2.0,-0.7071067811865471,-0.7071067811865479,4,0
2013-01-04 16:00:00,0.0,0.0,0.0,0.0,14.0,0.0,14.0,1.0,-0.8660254037844385,-0.5000000000000004,4,0
2013-01-04 17:00:00,36.0,68.0,2.0,68.0,82.0,24.0,280.0,6.0,-0.9659258262890683,-0.25881904510252063,4,0
2013-01-04 18:00:00,0.0,0.0,0.0,0.0,0.0,0.0,0.0,0.0,-1.0,-1.8369701987210297e-16,4,1
2013-01-04 19:00:00,0.0,0.0,6.0,44.0,96.0,24.0,170.0,4.0,-0.9659258262890684,0.2588190451025203,4,0
2013-01-04 20:00:00,0.0,0.0,0.0,0.0,2.0,0.0,2.0,1.0,-0.8660254037844386,0.5000000000000001,4,0
2013-01-04 21:00:00,0.0,0.0,0.0,0.0,16.0,0.0,16.0,1.0,-0.7071067811865477,0.7071067811865474,4,0
2013-01-04 22:00:00,0.0,0.0,0.0,0.0,86.0,0.0,86.0,1.0,-0.5000000000000004,0.8660254037844384,4,0
2013-01-04 23:00:00,92.0,222.0,6.0,48.0,90.0,10.0,468.0,6.0,-0.25881904510252157,0.9659258262890681,4,0
2013-01-05 00:00:00,0.0,0.0,0.0,2.0,0.0,0.0,2.0,1.0,0.0,1.0,5,0
2013-01-05 01:00:00,0.0,4.0,0.0,0.0,0.0,0.0,4.0,1.0,0.25881904510252074,0.9659258262890683,5,0
2013-01-05 02:00:00,0.0,2.0,0.0,0.0,0.0,0.0,2.0,1.0,0.49999999999999994,0.8660254037844387,5,0
2013-01-05 03:00:00,0.0,2.0,0.0,0.0,0.0,0.0,2.0,1.0,0.7071067811865476,0.7071067811865476,5,0
2013-01-05 04:00:00,0.0,2.0,0.0,0.0,0.0,0.0,2.0,1.0,0.8660254037844386,0.5000000000000001,5,0
2013-01-05 05:00:00,38.0,66.0,0.0,0.0,0.0,0.0,104.0,2.0,0.9659258262890683,0.25881904510252074,5,0
2013-01-05 06:00:00,0.0,0.0,0.0,0.0,0.0,0.0,0.0,0.0,1.0,6.123233995736766e-17,5,1
2013-01-05 07:00:00,0.0,6.0,0.0,0.0,0.0,0.0,6.0,1.0,0.9659258262890683,-0.25881904510252063,5,0
2013-01-05 08:00:00,0.0,0.0,0.0,0.0,0.0,0.0,0.0,0.0,0.8660254037844387,-0.4999999999999998,5,1
2013-01-05 09:00:00,38.0,62.0,4.0,48.0,72.0,14.0,238.0,6.0,0.7071067811865476,-0.7071067811865475,5,0
2013-01-05 10:00:00,0.0,0.0,2.0,216.0,98.0,0.0,316.0,3.0,0.49999999999999994,-0.8660254037844387,5,0
2013-01-05 11:00:00,284.0,256.0,2.0,100.0,62.0,2.0,706.0,6.0,0.258819045102521,-0.9659258262890682,5,0
2013-01-05 12:00:00,38.0,100.0,6.0,30.0,182.0,46.0,402.0,6.0,1.2246467991473532e-16,-1.0,5,0
2013-01-05 13:00:00,2.0,20.0,6.0,10.0,146.0,32.0,216.0,6.0,-0.2588190451025208,-0.9659258262890683,5,0
2013-01-05 14:00:00,4.0,8.0,30.0,10.0,160.0,36.0,248.0,6.0,-0.4999999999999997,-0.8660254037844388,5,0
2013-01-05 15:00:00,0.0,0.0,0.0,2.0,22.0,6.0,30.0,3.0,-0.7071067811865471,-0.7071067811865479,5,0
2013-01-05 16:00:00,54.0,222.0,0.0,0.0,82.0,22.0,380.0,4.0,-0.8660254037844385,-0.5000000000000004,5,0
2013-01-05 17:00:00,58.0,278.0,0.0,0.0,90.0,26.0,452.0,4.0,-0.9659258262890683,-0.25881904510252063,5,0
2013-01-05 18:00:00,0.0,0.0,0.0,0.0,0.0,0.0,0.0,0.0,-1.0,-1.8369701987210297e-16,5,1
2013-01-05 19:00:00,10.0,6.0,2.0,38.0,62.0,6.0,124.0,6.0,-0.9659258262890684,0.2588190451025203,5,0
2013-01-05 20:00:00,0.0,0.0,0.0,0.0,28.0,0.0,28.0,1.0,-0.8660254037844386,0.5000000000000001,5,0
2013-01-05 21:00:00,0.0,0.0,0.0,2.0,38.0,0.0,40.0,2.0,-0.7071067811865477,0.7071067811865474,5,0
2013-01-05 22:00:00,0.0,0.0,4.0,316.0,130.0,0.0,450.0,3.0,-0.5000000000000004,0.8660254037844384,5,0
2013-01-05 23:00:00,4.0,78.0,0.0,0.0,134.0,14.0,230.0,4.0,-0.25881904510252157,0.9659258262890681,5,0
2013-01-06 00:00:00,60.0,400.0,0.0,0.0,0.0,0.0,460.0,2.0,0.0,1.0,6,0
2013-01-06 01:00:00,0.0,2.0,0.0,2.0,0.0,0.0,4.0,2.0,0.25881904510252074,0.9659258262890683,6,0
2013-01-06 02:00:00,0.0,0.0,0.0,2.0,0.0,0.0,2.0,1.0,0.49999999999999994,0.8660254037844387,6,0
2013-01-06 03:00:00,30.0,106.0,0.0,0.0,0.0,0.0,136.0,2.0,0.7071067811865476,0.7071067811865476,6,0
2013-01-06 04:00:00,0.0,122.0,0.0,0.0,40.0,18.0,180.0,3.0,0.8660254037844386,0.5000000000000001,6,0
2013-01-06 05:00:00,42.0,6.0,8.0,92.0,80.0,0.0,228.0,5.0,0.9659258262890683,0.25881904510252074,6,0
2013-01-06 06:00:00,0.0,2.0,0.0,35.0,174.0,0.0,211.0,3.0,1.0,6.123233995736766e-17,6,0
2013-01-06 07:00:00,56.0,0.0,4.0,131.0,62.0,0.0,253.0,4.0,0.9659258262890683,-0.25881904510252063,6,0
2013-01-06 08:00:00,0.0,0.0,0.0,0.0,0.0,0.0,0.0,0.0,0.8660254037844387,-0.4999999999999998,6,1
2013-01-06 09:00:00,42.0,102.0,0.0,0.0,32.0,2.0,178.0,4.0,0.7071067811865476,-0.7071067811865475,6,0
2013-01-06 10:00:00,8.0,24.0,0.0,0.0,148.0,0.0,180.0,3.0,0.49999999999999994,-0.8660254037844387,6,0
2013-01-06 11:00:00,0.0,0.0,0.0,0.0,96.0,0.0,96.0,1.0,0.258819045102521,-0.9659258262890682,6,0
2013-01-06 12:00:00,324.0,186.0,16.0,200.0,102.0,4.0,832.0,6.0,1.2246467991473532e-16,-1.0,6,0
2013-01-06 13:00:00,0.0,0.0,20.0,156.0,70.0,0.0,246.0,3.0,-0.2588190451025208,-0.9659258262890683,6,0
2013-01-06 14:00:00,0.0,2.0,0.0,0.0,162.0,0.0,164.0,2.0,-0.4999999999999997,-0.8660254037844388,6,0
2013-01-06 15:00:00,0.0,0.0,4.0,60.0,26.0,0.0,90.0,3.0,-0.7071067811865471,-0.7071067811865479,6,0
2013-01-06 16:00:00,78.0,6.0,12.0,148.0,92.0,4.0,340.0,6.0,-0.8660254037844385,-0.5000000000000004,6,0
2013-01-06 17:00:00,0.0,0.0,0.0,0.0,46.0,6.0,52.0,2.0,-0.9659258262890683,-0.25881904510252063,6,0
2013-01-06 18:00:00,0.0,0.0,0.0,0.0,0.0,0.0,0.0,0.0,-1.0,-1.8369701987210297e-16,6,1
2013-01-06 19:00:00,0.0,0.0,0.0,2.0,52.0,10.0,64.0,3.0,-0.9659258262890684,0.2588190451025203,6,0
2013-01-06 20:00:00,0.0,0.0,0.0,0.0,16.0,0.0,16.0,1.0,-0.8660254037844386,0.5000000000000001,6,0
2013-01-06 21:00:00,0.0,0.0,0.0,2.0,12.0,0.0,14.0,2.0,-0.7071067811865477,0.7071067811865474,6,0
2013-01-06 22:00:00,0.0,0.0,0.0,0.0,32.0,0.0,32.0,1.0,-0.5000000000000004,0.8660254037844384,6,0
2013-01-06 23:00:00,2.0,62.0,4.0,46.0,148.0,10.0,272.0,6.0,-0.25881904510252157,0.9659258262890681,6,0
2013-01-07 00:00:00,46.0,144.0,0.0,0.0,20.0,2.0,212.0,4.0,0.0,1.0,0,0
2013-01-07 01:00:00,0.0,0.0,0.0,0.0,0.0,0.0,0.0,0.0,0.25881904510252074,0.9659258262890683,0,1
2013-01-07 02:00:00,0.0,0.0,0.0,0.0,0.0,0.0,0.0,0.0,0.49999999999999994,0.8660254037844387,0,1
2013-01-07 03:00:00,0.0,2.0,0.0,0.0,0.0,0.0,2.0,1.0,0.7071067811865476,0.7071067811865476,0,0
2013-01-07 04:00:00,0.0,6.0,0.0,0.0,0.0,0.0,6.0,1.0,0.8660254037844386,0.5000000000000001,0,0
2013-01-07 05:00:00,0.0,4.0,0.0,0.0,0.0,0.0,4.0,1.0,0.9659258262890683,0.25881904510252074,0,0
2013-01-07 06:00:00,0.0,2.0,0.0,0.0,0.0,0.0,2.0,1.0,1.0,6.123233995736766e-17,0,0
2013-01-07 07:00:00,0.0,2.0,0.0,0.0,0.0,0.0,2.0,1.0,0.9659258262890683,-0.25881904510252063,0,0
2013-01-07 08:00:00,54.0,60.0,0.0,50.0,50.0,18.0,232.0,5.0,0.8660254037844387,-0.4999999999999998,0,0
2013-01-07 09:00:00,0.0,2.0,4.0,228.0,86.0,2.0,322.0,5.0,0.7071067811865476,-0.7071067811865475,0,0
2013-01-07 10:00:00,0.0,0.0,0.0,0.0,66.0,0.0,66.0,1.0,0.49999999999999994,-0.8660254037844387,0,0
2013-01-07 11:00:00,0.0,0.0,0.0,0.0,50.0,0.0,50.0,1.0,0.258819045102521,-0.9659258262890682,0,0
2013-01-07 12:00:00,350.0,240.0,0.0,38.0,84.0,12.0,724.0,5.0,1.2246467991473532e-16,-1.0,0,0
2013-01-07 13:00:00,0.0,0.0,4.0,10.0,44.0,4.0,62.0,4.0,-0.2588190451025208,-0.9659258262890683,0,0
2013-01-07 14:00:00,0.0,0.0,0.0,0.0,4.0,0.0,4.0,1.0,-0.4999999999999997,-0.8660254037844388,0,0
2013-01-07 15:00:00,40.0,4.0,4.0,134.0,66.0,20.0,268.0,6.0,-0.7071067811865471,-0.7071067811865479,0,0
2013-01-07 16:00:00,0.0,0.0,0.0,2.0,16.0,0.0,18.0,2.0,-0.8660254037844385,-0.5000000000000004,0,0
2013-01-07 17:00:00,6.0,4.0,0.0,0.0,40.0,14.0,64.0,4.0,-0.9659258262890683,-0.25881904510252063,0,0
2013-01-07 18:00:00,0.0,0.0,0.0,0.0,0.0,0.0,0.0,0.0,-1.0,-1.8369701987210297e-16,0,1
2013-01-07 19:00:00,0.0,0.0,0.0,54.0,42.0,16.0,112.0,3.0,-0.9659258262890684,0.2588190451025203,0,0
2013-01-07 20:00:00,0.0,0.0,0.0,0.0,8.0,0.0,8.0,1.0,-0.8660254037844386,0.5000000000000001,0,0
2013-01-07 21:00:00,0.0,2.0,0.0,0.0,4.0,0.0,6.0,2.0,-0.7071067811865477,0.7071067811865474,0,0
2013-01-07 22:00:00,0.0,0.0,0.0,0.0,10.0,0.0,10.0,1.0,-0.5000000000000004,0.8660254037844384,0,0
2013-01-07 23:00:00,128.0,272.0,12.0,92.0,144.0,24.0,672.0,6.0,-0.25881904510252157,0.9659258262890681,0,0
2013-01-08 00:00:00,0.0,10.0,0.0,0.0,0.0,0.0,10.0,1.0,0.0,1.0,1,0
2013-01-08 01:00:00,0.0,0.0,0.0,0.0,0.0,0.0,0.0,0.0,0.25881904510252074,0.9659258262890683,1,1
2013-01-08 02:00:00,0.0,4.0,0.0,0.0,0.0,0.0,4.0,1.0,0.49999999999999994,0.8660254037844387,1,0
2013-01-08 03:00:00,0.0,6.0,0.0,0.0,0.0,0.0,6.0,1.0,0.7071067811865476,0.7071067811865476,1,0
2013-01-08 04:00:00,0.0,0.0,0.0,0.0,0.0,0.0,0.0,0.0,0.8660254037844386,0.5000000000000001,1,1
2013-01-08 05:00:00,0.0,6.0,0.0,0.0,0.0,0.0,6.0,1.0,0.9659258262890683,0.25881904510252074,1,0
2013-01-08 06:00:00,0.0,0.0,0.0,0.0,0.0,0.0,0.0,0.0,1.0,6.123233995736766e-17,1,1
2013-01-08 07:00:00,0.0,2.0,0.0,0.0,0.0,0.0,2.0,1.0,0.9659258262890683,-0.25881904510252063,1,0
2013-01-08 08:00:00,56.0,50.0,4.0,28.0,46.0,22.0,206.0,6.0,0.8660254037844387,-0.4999999999999998,1,0
2013-01-08 09:00:00,0.0,0.0,4.0,214.0,80.0,2.0,300.0,4.0,0.7071067811865476,-0.7071067811865475,1,0
2013-01-08 10:00:00,46.0,0.0,0.0,0.0,86.0,0.0,132.0,2.0,0.49999999999999994,-0.8660254037844387,1,0
2013-01-08 11:00:00,36.0,121.0,2.0,56.0,108.0,0.0,323.0,5.0,0.258819045102521,-0.9659258262890682,1,0
2013-01-08 12:00:00,316.0,111.0,0.0,0.0,10.0,0.0,437.0,3.0,1.2246467991473532e-16,-1.0,1,0
2013-01-08 13:00:00,0.0,0.0,0.0,0.0,64.0,8.0,72.0,2.0,-0.2588190451025208,-0.9659258262890683,1,0
2013-01-08 14:00:00,0.0,0.0,0.0,0.0,0.0,0.0,0.0,0.0,-0.4999999999999997,-0.8660254037844388,1,1
2013-01-08 15:00:00,46.0,0.0,4.0,128.0,52.0,10.0,240.0,5.0,-0.7071067811865471,-0.7071067811865479,1,0
2013-01-08 16:00:00,0.0,0.0,0.0,0.0,8.0,0.0,8.0,1.0,-0.8660254037844385,-0.5000000000000004,1,0
2013-01-08 17:00:00,0.0,0.0,0.0,0.0,22.0,8.0,30.0,2.0,-0.9659258262890683,-0.25881904510252063,1,0
2013-01-08 18:00:00,0.0,2.0,0.0,0.0,0.0,0.0,2.0,1.0,-1.0,-1.8369701987210297e-16,1,0
2013-01-08 19:00:00,0.0,0.0,0.0,0.0,22.0,12.0,34.0,2.0,-0.9659258262890684,0.2588190451025203,1,0
2013-01-08 20:00:00,0.0,0.0,0.0,0.0,16.0,0.0,16.0,1.0,-0.8660254037844386,0.5000000000000001,1,0
2013-01-08 21:00:00,0.0,0.0,0.0,0.0,4.0,0.0,4.0,1.0,-0.7071067811865477,0.7071067811865474,1,0
2013-01-08 22:00:00,0.0,0.0,0.0,0.0,12.0,0.0,12.0,1.0,-0.5000000000000004,0.8660254037844384,1,0
2013-01-08 23:00:00,40.0,146.0,4.0,38.0,100.0,4.0,332.0,6.0,-0.25881904510252157,0.9659258262890681,1,0
2013-01-09 00:00:00,90.0,84.0,0.0,0.0,52.0,2.0,228.0,4.0,0.0,1.0,2,0
2013-01-09 01:00:00,0.0,0.0,0.0,0.0,0.0,0.0,0.0,0.0,0.25881904510252074,0.9659258262890683,2,1
2013-01-09 02:00:00,0.0,4.0,0.0,0.0,0.0,0.0,4.0,1.0,0.49999999999999994,0.8660254037844387,2,0
2013-01-09 03:00:00,0.0,18.0,0.0,4.0,0.0,0.0,22.0,2.0,0.7071067811865476,0.7071067811865476,2,0
2013-01-09 04:00:00,0.0,2.0,0.0,0.0,0.0,0.0,2.0,1.0,0.8660254037844386,0.5000000000000001,2,0
2013-01-09 05:00:00,0.0,4.0,0.0,0.0,0.0,0.0,4.0,1.0,0.9659258262890683,0.25881904510252074,2,0
2013-01-09 06:00:00,36.0,64.0,4.0,32.0,76.0,18.0,230.0,6.0,1.0,6.123233995736766e-17,2,0
2013-01-09 07:00:00,0.0,0.0,4.0,238.0,81.0,0.0,323.0,3.0,0.9659258262890683,-0.25881904510252063,2,0
2013-01-09 08:00:00,0.0,0.0,0.0,0.0,29.0,0.0,29.0,1.0,0.8660254037844387,-0.4999999999999998,2,0
2013-01-09 09:00:00,310.0,372.0,6.0,42.0,84.0,12.0,826.0,6.0,0.7071067811865476,-0.7071067811865475,2,0
2013-01-09 10:00:00,0.0,0.0,0.0,0.0,18.0,0.0,18.0,1.0,0.49999999999999994,-0.8660254037844387,2,0
2013-01-09 11:00:00,54.0,24.0,0.0,2.0,84.0,14.0,178.0,5.0,0.258819045102521,-0.9659258262890682,2,0
2013-01-09 12:00:00,0.0,0.0,0.0,0.0,0.0,0.0,0.0,0.0,1.2246467991473532e-16,-1.0,2,1
2013-01-09 13:00:00,0.0,0.0,0.0,0.0,0.0,0.0,0.0,0.0,-0.2588190451025208,-0.9659258262890683,2,1
2013-01-09 14:00:00,0.0,0.0,0.0,0.0,0.0,0.0,0.0,0.0,-0.4999999999999997,-0.8660254037844388,2,1
2013-01-09 15:00:00,44.0,0.0,8.0,56.0,68.0,4.0,180.0,5.0,-0.7071067811865471,-0.7071067811865479,2,0
2013-01-09 16:00:00,0.0,0.0,0.0,0.0,6.0,0.0,6.0,1.0,-0.8660254037844385,-0.5000000000000004,2,0
2013-01-09 17:00:00,0.0,0.0,0.0,0.0,40.0,16.0,56.0,2.0,-0.9659258262890683,-0.25881904510252063,2,0
2013-01-09 18:00:00,0.0,0.0,0.0,0.0,0.0,0.0,0.0,0.0,-1.0,-1.8369701987210297e-16,2,1
2013-01-09 19:00:00,0.0,0.0,0.0,0.0,0.0,0.0,0.0,0.0,-0.9659258262890684,0.2588190451025203,2,1
2013-01-09 20:00:00,48.0,0.0,0.0,2.0,34.0,10.0,94.0,4.0,-0.8660254037844386,0.5000000000000001,2,0
2013-01-09 21:00:00,0.0,0.0,0.0,0.0,18.0,0.0,18.0,1.0,-0.7071067811865477,0.7071067811865474,2,0
2013-01-09 22:00:00,0.0,0.0,0.0,0.0,20.0,0.0,20.0,1.0,-0.5000000000000004,0.8660254037844384,2,0
2013-01-09 23:00:00,0.0,0.0,4.0,162.0,86.0,0.0,252.0,3.0,-0.25881904510252157,0.9659258262890681,2,0
2013-01-10 00:00:00,78.0,240.0,0.0,0.0,54.0,12.0,384.0,4.0,0.0,1.0,3,0
2013-01-10 01:00:00,0.0,0.0,0.0,0.0,0.0,0.0,0.0,0.0,0.25881904510252074,0.9659258262890683,3,1
2013-01-10 02:00:00,0.0,0.0,0.0,0.0,0.0,0.0,0.0,0.0,0.49999999999999994,0.8660254037844387,3,1
2013-01-10 03:00:00,0.0,4.0,0.0,0.0,0.0,0.0,4.0,1.0,0.7071067811865476,0.7071067811865476,3,0
2013-01-10 04:00:00,0.0,8.0,0.0,0.0,0.0,0.0,8.0,1.0,0.8660254037844386,0.5000000000000001,3,0
2013-01-10 05:00:00,0.0,6.0,0.0,0.0,0.0,0.0,6.0,1.0,0.9659258262890683,0.25881904510252074,3,0
2013-01-10 06:00:00,0.0,0.0,0.0,0.0,0.0,0.0,0.0,0.0,1.0,6.123233995736766e-17,3,1
2013-01-10 07:00:00,38.0,48.0,0.0,2.0,3.0,16.0,107.0,5.0,0.9659258262890683,-0.25881904510252063,3,0
2013-01-10 08:00:00,0.0,0.0,2.0,38.0,83.0,0.0,123.0,3.0,0.8660254037844387,-0.4999999999999998,3,0
2013-01-10 09:00:00,0.0,0.0,2.0,262.0,80.0,0.0,344.0,3.0,0.7071067811865476,-0.7071067811865475,3,0
2013-01-10 10:00:00,0.0,0.0,12.0,22.0,78.0,0.0,112.0,3.0,0.49999999999999994,-0.8660254037844387,3,0
2013-01-10 11:00:00,318.0,318.0,10.0,2.0,68.0,6.0,722.0,6.0,0.258819045102521,-0.9659258262890682,3,0
2013-01-10 12:00:00,0.0,0.0,0.0,2.0,32.0,0.0,34.0,2.0,1.2246467991473532e-16,-1.0,3,0
2013-01-10 13:00:00,60.0,0.0,6.0,146.0,156.0,20.0,388.0,5.0,-0.2588190451025208,-0.9659258262890683,3,0
2013-01-10 14:00:00,0.0,0.0,0.0,0.0,0.0,0.0,0.0,0.0,-0.4999999999999997,-0.8660254037844388,3,1
2013-01-10 15:00:00,52.0,0.0,8.0,0.0,68.0,16.0,144.0,4.0,-0.7071067811865471,-0.7071067811865479,3,0
2013-01-10 16:00:00,0.0,0.0,6.0,2.0,76.0,0.0,84.0,3.0,-0.8660254037844385,-0.5000000000000004,3,0
2013-01-10 17:00:00,0.0,48.0,0.0,0.0,88.0,12.0,148.0,3.0,-0.9659258262890683,-0.25881904510252063,3,0
2013-01-10 18:00:00,0.0,0.0,2.0,0.0,0.0,0.0,2.0,1.0,-1.0,-1.8369701987210297e-16,3,0
2013-01-10 19:00:00,0.0,0.0,0.0,0.0,0.0,0.0,0.0,0.0,-0.9659258262890684,0.2588190451025203,3,1
2013-01-10 20:00:00,0.0,0.0,0.0,0.0,92.0,16.0,108.0,2.0,-0.8660254037844386,0.5000000000000001,3,0
2013-01-10 21:00:00,0.0,0.0,0.0,0.0,10.0,0.0,10.0,1.0,-0.7071067811865477,0.7071067811865474,3,0
2013-01-10 22:00:00,0.0,0.0,0.0,0.0,0.0,0.0,0.0,0.0,-0.5000000000000004,0.8660254037844384,3,1
2013-01-10 23:00:00,52.0,206.0,0.0,58.0,54.0,6.0,376.0,5.0,-0.25881904510252157,0.9659258262890681,3,0
2013-01-11 00:00:00,0.0,2.0,0.0,0.0,0.0,0.0,2.0,1.0,0.0,1.0,4,0
2013-01-11 01:00:00,0.0,2.0,0.0,0.0,0.0,0.0,2.0,1.0,0.25881904510252074,0.9659258262890683,4,0
2013-01-11 02:00:00,0.0,4.0,0.0,0.0,0.0,0.0,4.0,1.0,0.49999999999999994,0.8660254037844387,4,0
2013-01-11 03:00:00,0.0,0.0,0.0,0.0,0.0,0.0,0.0,0.0,0.7071067811865476,0.7071067811865476,4,1
2013-01-11 04:00:00,0.0,6.0,0.0,0.0,0.0,0.0,6.0,1.0,0.8660254037844386,0.5000000000000001,4,0
2013-01-11 05:00:00,0.0,2.0,0.0,2.0,0.0,0.0,4.0,2.0,0.9659258262890683,0.25881904510252074,4,0
2013-01-11 06:00:00,0.0,0.0,0.0,0.0,0.0,0.0,0.0,0.0,1.0,6.123233995736766e-17,4,1
2013-01-11 07:00:00,0.0,0.0,0.0,0.0,0.0,0.0,0.0,0.0,0.9659258262890683,-0.25881904510252063,4,1
2013-01-11 08:00:00,0.0,2.0,0.0,2.0,0.0,0.0,4.0,2.0,0.8660254037844387,-0.4999999999999998,4,0
2013-01-11 09:00:00,52.0,60.0,6.0,30.0,78.0,16.0,242.0,6.0,0.7071067811865476,-0.7071067811865475,4,0
2013-01-11 10:00:00,0.0,0.0,2.0,234.0,78.0,0.0,314.0,3.0,0.49999999999999994,-0.8660254037844387,4,0
2013-01-11 11:00:00,0.0,0.0,0.0,44.0,112.0,0.0,156.0,2.0,0.258819045102521,-0.9659258262890682,4,0
2013-01-11 12:00:00,324.0,264.0,14.0,26.0,112.0,4.0,744.0,6.0,1.2246467991473532e-16,-1.0,4,0
2013-01-11 13:00:00,0.0,0.0,10.0,0.0,76.0,22.0,108.0,3.0,-0.2588190451025208,-0.9659258262890683,4,0
2013-01-11 14:00:00,0.0,0.0,10.0,204.0,136.0,16.0,366.0,4.0,-0.4999999999999997,-0.8660254037844388,4,0
2013-01-11 15:00:00,2.0,40.0,0.0,0.0,106.0,40.0,188.0,4.0,-0.7071067811865471,-0.7071067811865479,4,0
2013-01-11 16:00:00,48.0,205.0,2.0,42.0,134.0,38.0,469.0,6.0,-0.8660254037844385,-0.5000000000000004,4,0
2013-01-11 17:00:00,34.0,303.0,0.0,0.0,126.0,28.0,491.0,4.0,-0.9659258262890683,-0.25881904510252063,4,0
2013-01-11 18:00:00,0.0,0.0,0.0,0.0,0.0,0.0,0.0,0.0,-1.0,-1.8369701987210297e-16,4,1
2013-01-11 19:00:00,0.0,0.0,0.0,0.0,34.0,14.0,48.0,2.0,-0.9659258262890684,0.2588190451025203,4,0
2013-01-11 20:00:00,0.0,0.0,0.0,0.0,40.0,0.0,40.0,1.0,-0.8660254037844386,0.5000000000000001,4,0
2013-01-11 21:00:00,0.0,0.0,0.0,0.0,8.0,0.0,8.0,1.0,-0.7071067811865477,0.7071067811865474,4,0
2013-01-11 22:00:00,0.0,0.0,0.0,0.0,54.0,0.0,54.0,1.0,-0.5000000000000004,0.8660254037844384,4,0
2013-01-11 23:00:00,86.0,272.0,6.0,52.0,90.0,0.0,506.0,5.0,-0.25881904510252157,0.9659258262890681,4,0
2013-01-12 00:00:00,0.0,26.0,0.0,0.0,0.0,0.0,26.0,1.0,0.0,1.0,5,0
2013-01-12 01:00:00,0.0,0.0,0.0,0.0,0.0,0.0,0.0,0.0,0.25881904510252074,0.9659258262890683,5,1
2013-01-12 02:00:00,0.0,10.0,0.0,0.0,0.0,0.0,10.0,1.0,0.49999999999999994,0.8660254037844387,5,0
2013-01-12 03:00:00,0.0,16.0,0.0,0.0,0.0,0.0,16.0,1.0,0.7071067811865476,0.7071067811865476,5,0
2013-01-12 04:00:00,0.0,14.0,0.0,0.0,0.0,0.0,14.0,1.0,0.8660254037844386,0.5000000000000001,5,0
2013-01-12 05:00:00,0.0,4.0,0.0,0.0,0.0,0.0,4.0,1.0,0.9659258262890683,0.25881904510252074,5,0
2013-01-12 06:00:00,0.0,2.0,0.0,0.0,0.0,0.0,2.0,1.0,1.0,6.123233995736766e-17,5,0
2013-01-12 07:00:00,0.0,12.0,0.0,0.0,0.0,0.0,12.0,1.0,0.9659258262890683,-0.25881904510252063,5,0
2013-01-12 08:00:00,42.0,62.0,4.0,14.0,66.0,18.0,206.0,6.0,0.8660254037844387,-0.4999999999999998,5,0
2013-01-12 09:00:00,284.0,150.0,0.0,0.0,36.0,0.0,470.0,3.0,0.7071067811865476,-0.7071067811865475,5,0
2013-01-12 10:00:00,0.0,0.0,6.0,120.0,44.0,16.0,186.0,4.0,0.49999999999999994,-0.8660254037844387,5,0
2013-01-12 11:00:00,0.0,0.0,2.0,76.0,94.0,0.0,172.0,3.0,0.258819045102521,-0.9659258262890682,5,0
2013-01-12 12:00:00,0.0,0.0,0.0,0.0,20.0,0.0,20.0,1.0,1.2246467991473532e-16,-1.0,5,0
2013-01-12 13:00:00,56.0,562.0,4.0,84.0,60.0,6.0,772.0,6.0,-0.2588190451025208,-0.9659258262890683,5,0
2013-01-12 14:00:00,68.0,118.0,0.0,0.0,68.0,8.0,262.0,4.0,-0.4999999999999997,-0.8660254037844388,5,0
2013-01-12 15:00:00,0.0,0.0,0.0,0.0,20.0,10.0,30.0,2.0,-0.7071067811865471,-0.7071067811865479,5,0
2013-01-12 16:00:00,0.0,0.0,10.0,100.0,108.0,10.0,228.0,4.0,-0.8660254037844385,-0.5000000000000004,5,0
2013-01-12 17:00:00,0.0,0.0,10.0,188.0,66.0,0.0,264.0,3.0,-0.9659258262890683,-0.25881904510252063,5,0
2013-01-12 18:00:00,0.0,0.0,0.0,0.0,6.0,2.0,8.0,2.0,-1.0,-1.8369701987210297e-16,5,0
2013-01-12 19:00:00,0.0,0.0,4.0,82.0,48.0,0.0,134.0,3.0,-0.9659258262890684,0.2588190451025203,5,0
2013-01-12 20:00:00,0.0,0.0,0.0,0.0,14.0,0.0,14.0,1.0,-0.8660254037844386,0.5000000000000001,5,0
2013-01-12 21:00:00,46.0,26.0,0.0,0.0,48.0,4.0,124.0,4.0,-0.7071067811865477,0.7071067811865474,5,0
2013-01-12 22:00:00,0.0,0.0,4.0,46.0,38.0,0.0,88.0,3.0,-0.5000000000000004,0.8660254037844384,5,0
2013-01-12 23:00:00,0.0,0.0,2.0,2.0,78.0,0.0,82.0,3.0,-0.25881904510252157,0.9659258262890681,5,0
2013-01-13 00:00:00,64.0,246.0,2.0,106.0,14.0,10.0,442.0,6.0,0.0,1.0,6,0
2013-01-13 01:00:00,0.0,0.0,0.0,0.0,0.0,2.0,2.0,1.0,0.25881904510252074,0.9659258262890683,6,0
2013-01-13 02:00:00,0.0,0.0,0.0,0.0,0.0,0.0,0.0,0.0,0.49999999999999994,0.8660254037844387,6,1
2013-01-13 03:00:00,40.0,80.0,0.0,0.0,0.0,0.0,120.0,2.0,0.7071067811865476,0.7071067811865476,6,0
2013-01-13 04:00:00,0.0,2.0,0.0,0.0,0.0,0.0,2.0,1.0,0.8660254037844386,0.5000000000000001,6,0
2013-01-13 05:00:00,0.0,2.0,0.0,2.0,0.0,0.0,4.0,2.0,0.9659258262890683,0.25881904510252074,6,0
2013-01-13 06:00:00,0.0,2.0,0.0,0.0,0.0,0.0,2.0,1.0,1.0,6.123233995736766e-17,6,0
2013-01-13 07:00:00,38.0,90.0,6.0,46.0,32.0,12.0,224.0,6.0,0.9659258262890683,-0.25881904510252063,6,0
2013-01-13 08:00:00,0.0,0.0,0.0,0.0,104.0,0.0,104.0,1.0,0.8660254037844387,-0.4999999999999998,6,0
2013-01-13 09:00:00,72.0,0.0,10.0,557.0,146.0,0.0,785.0,4.0,0.7071067811865476,-0.7071067811865475,6,0
2013-01-13 10:00:00,0.0,0.0,4.0,77.0,78.0,0.0,159.0,3.0,0.49999999999999994,-0.8660254037844387,6,0
2013-01-13 11:00:00,48.0,288.0,16.0,66.0,136.0,4.0,558.0,6.0,0.258819045102521,-0.9659258262890682,6,0
2013-01-13 12:00:00,0.0,0.0,6.0,124.0,126.0,2.0,258.0,4.0,1.2246467991473532e-16,-1.0,6,0
2013-01-13 13:00:00,0.0,728.0,0.0,0.0,134.0,4.0,866.0,3.0,-0.2588190451025208,-0.9659258262890683,6,0
2013-01-13 14:00:00,0.0,70.0,0.0,0.0,136.0,2.0,208.0,3.0,-0.4999999999999997,-0.8660254037844388,6,0
2013-01-13 15:00:00,272.0,756.0,4.0,2.0,30.0,2.0,1066.0,6.0,-0.7071067811865471,-0.7071067811865479,6,0
2013-01-13 16:00:00,0.0,0.0,0.0,0.0,0.0,0.0,0.0,0.0,-0.8660254037844385,-0.5000000000000004,6,1
2013-01-13 17:00:00,40.0,22.0,0.0,0.0,66.0,14.0,142.0,4.0,-0.9659258262890683,-0.25881904510252063,6,0
2013-01-13 18:00:00,0.0,0.0,0.0,0.0,0.0,0.0,0.0,0.0,-1.0,-1.8369701987210297e-16,6,1
2013-01-13 19:00:00,0.0,0.0,2.0,42.0,26.0,6.0,76.0,4.0,-0.9659258262890684,0.2588190451025203,6,0
2013-01-13 20:00:00,0.0,0.0,0.0,0.0,8.0,0.0,8.0,1.0,-0.8660254037844386,0.5000000000000001,6,0
2013-01-13 21:00:00,0.0,19.0,0.0,0.0,86.0,4.0,109.0,3.0,-0.7071067811865477,0.7071067811865474,6,0
2013-01-13 22:00:00,0.0,13.0,0.0,0.0,76.0,2.0,91.0,3.0,-0.5000000000000004,0.8660254037844384,6,0
2013-01-13 23:00:00,2.0,4.0,2.0,70.0,132.0,8.0,218.0,6.0,-0.25881904510252157,0.9659258262890681,6,0
2013-01-14 00:00:00,88.0,318.0,6.0,10.0,42.0,2.0,466.0,6.0,0.0,1.0,0,0
2013-01-14 01:00:00,0.0,0.0,0.0,0.0,0.0,0.0,0.0,0.0,0.25881904510252074,0.9659258262890683,0,1
2013-01-14 02:00:00,0.0,2.0,0.0,0.0,0.0,0.0,2.0,1.0,0.49999999999999994,0.8660254037844387,0,0
2013-01-14 03:00:00,0.0,2.0,0.0,2.0,0.0,0.0,4.0,2.0,0.7071067811865476,0.7071067811865476,0,0
2013-01-14 04:00:00,0.0,2.0,0.0,0.0,0.0,0.0,2.0,1.0,0.8660254037844386,0.5000000000000001,0,0
2013-01-14 05:00:00,0.0,10.0,0.0,0.0,0.0,0.0,10.0,1.0,0.9659258262890683,0.25881904510252074,0,0
2013-01-14 06:00:00,0.0,4.0,0.0,0.0,0.0,0.0,4.0,1.0,1.0,6.123233995736766e-17,0,0
2013-01-14 07:00:00,0.0,0.0,0.0,0.0,0.0,0.0,0.0,0.0,0.9659258262890683,-0.25881904510252063,0,1
2013-01-14 08:00:00,46.0,48.0,4.0,36.0,46.0,12.0,192.0,6.0,0.8660254037844387,-0.4999999999999998,0,0
2013-01-14 09:00:00,0.0,0.0,4.0,212.0,78.0,0.0,294.0,3.0,0.7071067811865476,-0.7071067811865475,0,0
2013-01-14 10:00:00,0.0,0.0,0.0,0.0,112.0,0.0,112.0,1.0,0.49999999999999994,-0.8660254037844387,0,0
2013-01-14 11:00:00,0.0,0.0,0.0,0.0,166.0,0.0,166.0,1.0,0.258819045102521,-0.9659258262890682,0,0
2013-01-14 12:00:00,296.0,328.0,2.0,46.0,70.0,12.0,754.0,6.0,1.2246467991473532e-16,-1.0,0,0
2013-01-14 13:00:00,0.0,0.0,4.0,271.0,66.0,20.0,361.0,4.0,-0.2588190451025208,-0.9659258262890683,0,0
2013-01-14 14:00:00,0.0,0.0,0.0,43.0,42.0,0.0,85.0,2.0,-0.4999999999999997,-0.8660254037844388,0,0
2013-01-14 15:00:00,0.0,0.0,0.0,0.0,2.0,0.0,2.0,1.0,-0.7071067811865471,-0.7071067811865479,0,0
2013-01-14 16:00:00,42.0,48.0,0.0,0.0,34.0,14.0,138.0,4.0,-0.8660254037844385,-0.5000000000000004,0,0
2013-01-14 17:00:00,0.0,0.0,0.0,0.0,38.0,14.0,52.0,2.0,-0.9659258262890683,-0.25881904510252063,0,0
2013-01-14 18:00:00,0.0,0.0,0.0,0.0,0.0,0.0,0.0,0.0,-1.0,-1.8369701987210297e-16,0,1
2013-01-14 19:00:00,112.0,0.0,0.0,0.0,32.0,16.0,160.0,3.0,-0.9659258262890684,0.2588190451025203,0,0
2013-01-14 20:00:00,0.0,0.0,0.0,0.0,4.0,0.0,4.0,1.0,-0.8660254037844386,0.5000000000000001,0,0
2013-01-14 21:00:00,0.0,0.0,0.0,0.0,2.0,0.0,2.0,1.0,-0.7071067811865477,0.7071067811865474,0,0
2013-01-14 22:00:00,28.0,196.0,2.0,50.0,50.0,4.0,330.0,6.0,-0.5000000000000004,0.8660254037844384,0,0
2013-01-14 23:00:00,0.0,0.0,0.0,0.0,6.0,0.0,6.0,1.0,-0.25881904510252157,0.9659258262890681,0,0
2013-01-15 00:00:00,68.0,104.0,2.0,12.0,62.0,2.0,250.0,6.0,0.0,1.0,1,0
2013-01-15 01:00:00,0.0,2.0,0.0,0.0,0.0,0.0,2.0,1.0,0.25881904510252074,0.9659258262890683,1,0
2013-01-15 02:00:00,0.0,0.0,0.0,0.0,0.0,0.0,0.0,0.0,0.49999999999999994,0.8660254037844387,1,1
2013-01-15 03:00:00,0.0,4.0,0.0,0.0,0.0,0.0,4.0,1.0,0.7071067811865476,0.7071067811865476,1,0
2013-01-15 04:00:00,0.0,2.0,0.0,0.0,0.0,0.0,2.0,1.0,0.8660254037844386,0.5000000000000001,1,0
2013-01-15 05:00:00,0.0,4.0,0.0,0.0,0.0,0.0,4.0,1.0,0.9659258262890683,0.25881904510252074,1,0
2013-01-15 06:00:00,28.0,38.0,4.0,50.0,96.0,12.0,228.0,6.0,1.0,6.123233995736766e-17,1,0
2013-01-15 07:00:00,0.0,0.0,14.0,486.0,86.0,0.0,586.0,3.0,0.9659258262890683,-0.25881904510252063,1,0
2013-01-15 08:00:00,6.0,0.0,2.0,56.0,116.0,0.0,180.0,4.0,0.8660254037844387,-0.4999999999999998,1,0
2013-01-15 09:00:00,28.0,102.0,6.0,0.0,52.0,2.0,190.0,5.0,0.7071067811865476,-0.7071067811865475,1,0
2013-01-15 10:00:00,372.0,252.0,4.0,24.0,50.0,22.0,724.0,6.0,0.49999999999999994,-0.8660254037844387,1,0
2013-01-15 11:00:00,0.0,2.0,0.0,0.0,2.0,0.0,4.0,2.0,0.258819045102521,-0.9659258262890682,1,0
2013-01-15 12:00:00,44.0,6.0,0.0,0.0,34.0,14.0,98.0,4.0,1.2246467991473532e-16,-1.0,1,0
2013-01-15 13:00:00,0.0,0.0,4.0,46.0,48.0,10.0,108.0,4.0,-0.2588190451025208,-0.9659258262890683,1,0
2013-01-15 14:00:00,40.0,52.0,0.0,0.0,60.0,16.0,168.0,4.0,-0.4999999999999997,-0.8660254037844388,1,0
2013-01-15 15:00:00,0.0,0.0,0.0,0.0,8.0,0.0,8.0,1.0,-0.7071067811865471,-0.7071067811865479,1,0
2013-01-15 16:00:00,78.0,0.0,0.0,12.0,64.0,4.0,158.0,4.0,-0.8660254037844385,-0.5000000000000004,1,0
2013-01-15 17:00:00,0.0,0.0,0.0,0.0,30.0,8.0,38.0,2.0,-0.9659258262890683,-0.25881904510252063,1,0
2013-01-15 18:00:00,0.0,0.0,0.0,0.0,0.0,0.0,0.0,0.0,-1.0,-1.8369701987210297e-16,1,1
2013-01-15 19:00:00,50.0,0.0,0.0,0.0,10.0,10.0,70.0,3.0,-0.9659258262890684,0.2588190451025203,1,0
2013-01-15 20:00:00,0.0,0.0,0.0,0.0,40.0,0.0,40.0,1.0,-0.8660254037844386,0.5000000000000001,1,0
2013-01-15 21:00:00,0.0,0.0,0.0,0.0,8.0,0.0,8.0,1.0,-0.7071067811865477,0.7071067811865474,1,0
2013-01-15 22:00:00,36.0,0.0,6.0,94.0,60.0,2.0,198.0,5.0,-0.5000000000000004,0.8660254037844384,1,0
2013-01-15 23:00:00,0.0,0.0,0.0,2.0,38.0,0.0,40.0,2.0,-0.25881904510252157,0.9659258262890681,1,0
2013-01-16 00:00:00,182.0,246.0,6.0,54.0,34.0,8.0,530.0,6.0,0.0,1.0,2,0
2013-01-16 01:00:00,0.0,4.0,0.0,0.0,0.0,2.0,6.0,2.0,0.25881904510252074,0.9659258262890683,2,0
2013-01-16 02:00:00,0.0,2.0,0.0,0.0,0.0,2.0,4.0,2.0,0.49999999999999994,0.8660254037844387,2,0
2013-01-16 03:00:00,0.0,2.0,0.0,0.0,0.0,0.0,2.0,1.0,0.7071067811865476,0.7071067811865476,2,0
2013-01-16 04:00:00,0.0,6.0,0.0,0.0,0.0,0.0,6.0,1.0,0.8660254037844386,0.5000000000000001,2,0
2013-01-16 05:00:00,60.0,140.0,2.0,70.0,68.0,16.0,356.0,6.0,0.9659258262890683,0.25881904510252074,2,0
2013-01-16 06:00:00,0.0,0.0,2.0,156.0,50.0,0.0,208.0,3.0,1.0,6.123233995736766e-17,2,0
2013-01-16 07:00:00,26.0,0.0,2.0,86.0,68.0,2.0,184.0,5.0,0.9659258262890683,-0.25881904510252063,2,0
2013-01-16 08:00:00,0.0,0.0,0.0,0.0,8.0,0.0,8.0,1.0,0.8660254037844387,-0.4999999999999998,2,0
2013-01-16 09:00:00,344.0,238.0,6.0,18.0,88.0,14.0,708.0,6.0,0.7071067811865476,-0.7071067811865475,2,0
2013-01-16 10:00:00,0.0,0.0,0.0,0.0,0.0,0.0,0.0,0.0,0.49999999999999994,-0.8660254037844387,2,1
2013-01-16 11:00:00,28.0,0.0,0.0,0.0,82.0,14.0,124.0,3.0,0.258819045102521,-0.9659258262890682,2,0
2013-01-16 12:00:00,0.0,0.0,0.0,0.0,0.0,0.0,0.0,0.0,1.2246467991473532e-16,-1.0,2,1
2013-01-16 13:00:00,28.0,0.0,6.0,230.0,56.0,10.0,330.0,5.0,-0.2588190451025208,-0.9659258262890683,2,0
2013-01-16 14:00:00,0.0,0.0,0.0,0.0,2.0,0.0,2.0,1.0,-0.4999999999999997,-0.8660254037844388,2,0
2013-01-16 15:00:00,0.0,0.0,0.0,0.0,0.0,0.0,0.0,0.0,-0.7071067811865471,-0.7071067811865479,2,1
2013-01-16 16:00:00,68.0,4.0,0.0,2.0,48.0,4.0,126.0,5.0,-0.8660254037844385,-0.5000000000000004,2,0
2013-01-16 17:00:00,0.0,0.0,0.0,0.0,22.0,8.0,30.0,2.0,-0.9659258262890683,-0.25881904510252063,2,0
2013-01-16 18:00:00,0.0,0.0,0.0,0.0,0.0,0.0,0.0,0.0,-1.0,-1.8369701987210297e-16,2,1
2013-01-16 19:00:00,0.0,0.0,0.0,0.0,52.0,8.0,60.0,2.0,-0.9659258262890684,0.2588190451025203,2,0
2013-01-16 20:00:00,0.0,0.0,0.0,0.0,22.0,0.0,22.0,1.0,-0.8660254037844386,0.5000000000000001,2,0
2013-01-16 21:00:00,32.0,0.0,0.0,0.0,62.0,4.0,98.0,3.0,-0.7071067811865477,0.7071067811865474,2,0
2013-01-16 22:00:00,0.0,0.0,0.0,0.0,8.0,0.0,8.0,1.0,-0.5000000000000004,0.8660254037844384,2,0
2013-01-16 23:00:00,0.0,0.0,0.0,0.0,22.0,0.0,22.0,1.0,-0.25881904510252157,0.9659258262890681,2,0
2013-01-17 00:00:00,98.0,192.0,10.0,64.0,60.0,0.0,424.0,5.0,0.0,1.0,3,0
2013-01-17 01:00:00,0.0,0.0,0.0,0.0,0.0,0.0,0.0,0.0,0.25881904510252074,0.9659258262890683,3,1
2013-01-17 02:00:00,0.0,0.0,0.0,0.0,0.0,0.0,0.0,0.0,0.49999999999999994,0.8660254037844387,3,1
2013-01-17 03:00:00,0.0,4.0,0.0,0.0,0.0,0.0,4.0,1.0,0.7071067811865476,0.7071067811865476,3,0
2013-01-17 04:00:00,0.0,2.0,0.0,0.0,0.0,0.0,2.0,1.0,0.8660254037844386,0.5000000000000001,3,0
2013-01-17 05:00:00,0.0,14.0,0.0,0.0,0.0,0.0,14.0,1.0,0.9659258262890683,0.25881904510252074,3,0
2013-01-17 06:00:00,22.0,80.0,6.0,44.0,98.0,16.0,266.0,6.0,1.0,6.123233995736766e-17,3,0
2013-01-17 07:00:00,58.0,0.0,6.0,240.0,80.0,2.0,386.0,5.0,0.9659258262890683,-0.25881904510252063,3,0
2013-01-17 08:00:00,0.0,0.0,0.0,0.0,54.0,0.0,54.0,1.0,0.8660254037844387,-0.4999999999999998,3,0
2013-01-17 09:00:00,99.0,154.0,6.0,26.0,98.0,0.0,383.0,5.0,0.7071067811865476,-0.7071067811865475,3,0
2013-01-17 10:00:00,235.0,130.0,90.0,238.0,40.0,30.0,763.0,6.0,0.49999999999999994,-0.8660254037844387,3,0
2013-01-17 11:00:00,38.0,0.0,30.0,8.0,146.0,26.0,248.0,5.0,0.258819045102521,-0.9659258262890682,3,0
2013-01-17 12:00:00,0.0,0.0,0.0,0.0,58.0,8.0,66.0,2.0,1.2246467991473532e-16,-1.0,3,0
2013-01-17 13:00:00,4.0,368.0,18.0,36.0,100.0,40.0,566.0,6.0,-0.2588190451025208,-0.9659258262890683,3,0
2013-01-17 14:00:00,0.0,0.0,0.0,0.0,6.0,0.0,6.0,1.0,-0.4999999999999997,-0.8660254037844388,3,0
2013-01-17 15:00:00,0.0,0.0,0.0,0.0,0.0,0.0,0.0,0.0,-0.7071067811865471,-0.7071067811865479,3,1
2013-01-17 16:00:00,46.0,0.0,4.0,38.0,60.0,4.0,152.0,5.0,-0.8660254037844385,-0.5000000000000004,3,0
2013-01-17 17:00:00,0.0,0.0,0.0,0.0,20.0,8.0,28.0,2.0,-0.9659258262890683,-0.25881904510252063,3,0
2013-01-17 18:00:00,0.0,0.0,0.0,0.0,0.0,0.0,0.0,0.0,-1.0,-1.8369701987210297e-16,3,1
2013-01-17 19:00:00,0.0,0.0,2.0,16.0,38.0,12.0,68.0,4.0,-0.9659258262890684,0.2588190451025203,3,0
2013-01-17 20:00:00,0.0,0.0,0.0,0.0,4.0,0.0,4.0,1.0,-0.8660254037844386,0.5000000000000001,3,0
2013-01-17 21:00:00,0.0,0.0,0.0,0.0,4.0,0.0,4.0,1.0,-0.7071067811865477,0.7071067811865474,3,0
2013-01-17 22:00:00,0.0,0.0,0.0,0.0,10.0,0.0,10.0,1.0,-0.5000000000000004,0.8660254037844384,3,0
2013-01-17 23:00:00,4.0,0.0,2.0,18.0,76.0,14.0,114.0,5.0,-0.25881904510252157,0.9659258262890681,3,0
2013-01-18 00:00:00,78.0,160.0,0.0,10.0,20.0,2.0,270.0,5.0,0.0,1.0,4,0
2013-01-18 01:00:00,0.0,2.0,0.0,0.0,0.0,0.0,2.0,1.0,0.25881904510252074,0.9659258262890683,4,0
2013-01-18 02:00:00,0.0,0.0,0.0,0.0,0.0,0.0,0.0,0.0,0.49999999999999994,0.8660254037844387,4,1
2013-01-18 03:00:00,0.0,16.0,0.0,0.0,0.0,0.0,16.0,1.0,0.7071067811865476,0.7071067811865476,4,0
2013-01-18 04:00:00,0.0,6.0,0.0,0.0,0.0,0.0,6.0,1.0,0.8660254037844386,0.5000000000000001,4,0
2013-01-18 05:00:00,0.0,2.0,0.0,0.0,0.0,0.0,2.0,1.0,0.9659258262890683,0.25881904510252074,4,0
2013-01-18 06:00:00,40.0,78.0,0.0,42.0,86.0,14.0,260.0,5.0,1.0,6.123233995736766e-17,4,0
2013-01-18 07:00:00,0.0,0.0,10.0,310.0,58.0,2.0,380.0,4.0,0.9659258262890683,-0.25881904510252063,4,0
2013-01-18 08:00:00,0.0,0.0,0.0,0.0,44.0,0.0,44.0,1.0,0.8660254037844387,-0.4999999999999998,4,0
2013-01-18 09:00:00,0.0,0.0,0.0,0.0,0.0,0.0,0.0,0.0,0.7071067811865476,-0.7071067811865475,4,1
2013-01-18 10:00:00,248.0,208.0,18.0,76.0,66.0,6.0,622.0,6.0,0.49999999999999994,-0.8660254037844387,4,0
2013-01-18 11:00:00,22.0,14.0,22.0,32.0,206.0,54.0,350.0,6.0,0.258819045102521,-0.9659258262890682,4,0
2013-01-18 12:00:00,36.0,0.0,10.0,24.0,110.0,18.0,198.0,5.0,1.2246467991473532e-16,-1.0,4,0
2013-01-18 13:00:00,0.0,0.0,0.0,0.0,0.0,0.0,0.0,0.0,-0.2588190451025208,-0.9659258262890683,4,1
2013-01-18 14:00:00,0.0,0.0,20.0,134.0,50.0,16.0,220.0,4.0,-0.4999999999999997,-0.8660254037844388,4,0
2013-01-18 15:00:00,62.0,0.0,0.0,2.0,66.0,20.0,150.0,4.0,-0.7071067811865471,-0.7071067811865479,4,0
2013-01-18 16:00:00,0.0,0.0,0.0,0.0,16.0,0.0,16.0,1.0,-0.8660254037844385,-0.5000000000000004,4,0
2013-01-18 17:00:00,54.0,22.0,0.0,0.0,60.0,20.0,156.0,4.0,-0.9659258262890683,-0.25881904510252063,4,0
2013-01-18 18:00:00,0.0,0.0,0.0,2.0,0.0,0.0,2.0,1.0,-1.0,-1.8369701987210297e-16,4,0
2013-01-18 19:00:00,48.0,0.0,0.0,0.0,20.0,8.0,76.0,3.0,-0.9659258262890684,0.2588190451025203,4,0
2013-01-18 20:00:00,0.0,0.0,0.0,0.0,2.0,0.0,2.0,1.0,-0.8660254037844386,0.5000000000000001,4,0
2013-01-18 21:00:00,0.0,0.0,0.0,0.0,20.0,0.0,20.0,1.0,-0.7071067811865477,0.7071067811865474,4,0
2013-01-18 22:00:00,0.0,0.0,0.0,0.0,22.0,0.0,22.0,1.0,-0.5000000000000004,0.8660254037844384,4,0
2013-01-18 23:00:00,0.0,0.0,0.0,0.0,116.0,0.0,116.0,1.0,-0.25881904510252157,0.9659258262890681,4,0
2013-01-19 00:00:00,116.0,246.0,6.0,100.0,62.0,14.0,544.0,6.0,0.0,1.0,5,0
2013-01-19 01:00:00,0.0,0.0,0.0,0.0,0.0,0.0,0.0,0.0,0.25881904510252074,0.9659258262890683,5,1
2013-01-19 02:00:00,0.0,0.0,0.0,2.0,0.0,0.0,2.0,1.0,0.49999999999999994,0.8660254037844387,5,0
2013-01-19 03:00:00,0.0,2.0,0.0,0.0,0.0,0.0,2.0,1.0,0.7071067811865476,0.7071067811865476,5,0
2013-01-19 04:00:00,0.0,2.0,0.0,0.0,0.0,0.0,2.0,1.0,0.8660254037844386,0.5000000000000001,5,0
2013-01-19 05:00:00,38.0,80.0,0.0,0.0,0.0,0.0,118.0,2.0,0.9659258262890683,0.25881904510252074,5,0
2013-01-19 06:00:00,0.0,4.0,0.0,0.0,0.0,0.0,4.0,1.0,1.0,6.123233995736766e-17,5,0
2013-01-19 07:00:00,0.0,6.0,0.0,2.0,0.0,0.0,8.0,2.0,0.9659258262890683,-0.25881904510252063,5,0
2013-01-19 08:00:00,0.0,10.0,0.0,0.0,0.0,0.0,10.0,1.0,0.8660254037844387,-0.4999999999999998,5,0
2013-01-19 09:00:00,32.0,24.0,4.0,34.0,86.0,14.0,194.0,6.0,0.7071067811865476,-0.7071067811865475,5,0
2013-01-19 10:00:00,42.0,6.0,12.0,244.0,108.0,4.0,416.0,6.0,0.49999999999999994,-0.8660254037844387,5,0
2013-01-19 11:00:00,0.0,0.0,0.0,0.0,42.0,0.0,42.0,1.0,0.258819045102521,-0.9659258262890682,5,0
2013-01-19 12:00:00,308.0,380.0,2.0,62.0,70.0,6.0,828.0,6.0,1.2246467991473532e-16,-1.0,5,0
2013-01-19 13:00:00,48.0,6.0,8.0,73.0,122.0,28.0,285.0,6.0,-0.2588190451025208,-0.9659258262890683,5,0
2013-01-19 14:00:00,0.0,0.0,6.0,13.0,126.0,8.0,153.0,4.0,-0.4999999999999997,-0.8660254037844388,5,0
2013-01-19 15:00:00,0.0,0.0,4.0,0.0,166.0,24.0,194.0,3.0,-0.7071067811865471,-0.7071067811865479,5,0
2013-01-19 16:00:00,68.0,170.0,2.0,18.0,124.0,22.0,404.0,6.0,-0.8660254037844385,-0.5000000000000004,5,0
2013-01-19 17:00:00,2.0,22.0,0.0,0.0,64.0,6.0,94.0,4.0,-0.9659258262890683,-0.25881904510252063,5,0
2013-01-19 18:00:00,0.0,0.0,0.0,0.0,2.0,12.0,14.0,2.0,-1.0,-1.8369701987210297e-16,5,0
2013-01-19 19:00:00,0.0,0.0,0.0,0.0,64.0,6.0,70.0,2.0,-0.9659258262890684,0.2588190451025203,5,0
2013-01-19 20:00:00,0.0,0.0,0.0,0.0,32.0,0.0,32.0,1.0,-0.8660254037844386,0.5000000000000001,5,0
2013-01-19 21:00:00,120.0,92.0,4.0,150.0,80.0,6.0,452.0,6.0,-0.7071067811865477,0.7071067811865474,5,0
2013-01-19 22:00:00,0.0,0.0,0.0,0.0,20.0,0.0,20.0,1.0,-0.5000000000000004,0.8660254037844384,5,0
2013-01-19 23:00:00,4.0,6.0,0.0,0.0,86.0,10.0,106.0,4.0,-0.25881904510252157,0.9659258262890681,5,0
2013-01-20 00:00:00,98.0,518.0,0.0,0.0,0.0,0.0,616.0,2.0,0.0,1.0,6,0
2013-01-20 01:00:00,0.0,6.0,0.0,0.0,0.0,0.0,6.0,1.0,0.25881904510252074,0.9659258262890683,6,0
2013-01-20 02:00:00,0.0,0.0,0.0,0.0,0.0,0.0,0.0,0.0,0.49999999999999994,0.8660254037844387,6,1
2013-01-20 03:00:00,32.0,76.0,0.0,0.0,0.0,0.0,108.0,2.0,0.7071067811865476,0.7071067811865476,6,0
2013-01-20 04:00:00,0.0,22.0,0.0,0.0,0.0,0.0,22.0,1.0,0.8660254037844386,0.5000000000000001,6,0
2013-01-20 05:00:00,0.0,4.0,0.0,0.0,0.0,0.0,4.0,1.0,0.9659258262890683,0.25881904510252074,6,0
2013-01-20 06:00:00,0.0,10.0,0.0,0.0,0.0,0.0,10.0,1.0,1.0,6.123233995736766e-17,6,0
2013-01-20 07:00:00,0.0,12.0,0.0,0.0,2.0,0.0,14.0,2.0,0.9659258262890683,-0.25881904510252063,6,0
2013-01-20 08:00:00,42.0,78.0,6.0,50.0,62.0,14.0,252.0,6.0,0.8660254037844387,-0.4999999999999998,6,0
2013-01-20 09:00:00,0.0,0.0,0.0,0.0,40.0,0.0,40.0,1.0,0.7071067811865476,-0.7071067811865475,6,0
2013-01-20 10:00:00,128.0,0.0,4.0,126.0,138.0,4.0,400.0,5.0,0.49999999999999994,-0.8660254037844387,6,0
2013-01-20 11:00:00,306.0,306.0,0.0,20.0,107.0,5.0,744.0,5.0,0.258819045102521,-0.9659258262890682,6,0
2013-01-20 12:00:00,60.0,6.0,0.0,0.0,125.0,15.0,206.0,4.0,1.2246467991473532e-16,-1.0,6,0
2013-01-20 13:00:00,0.0,0.0,0.0,0.0,0.0,0.0,0.0,0.0,-0.2588190451025208,-0.9659258262890683,6,1
2013-01-20 14:00:00,0.0,0.0,12.0,292.0,66.0,12.0,382.0,4.0,-0.4999999999999997,-0.8660254037844388,6,0
2013-01-20 15:00:00,0.0,0.0,0.0,0.0,24.0,0.0,24.0,1.0,-0.7071067811865471,-0.7071067811865479,6,0
2013-01-20 16:00:00,0.0,0.0,0.0,0.0,22.0,0.0,22.0,1.0,-0.8660254037844385,-0.5000000000000004,6,0
2013-01-20 17:00:00,82.0,8.0,4.0,0.0,98.0,12.0,204.0,5.0,-0.9659258262890683,-0.25881904510252063,6,0
2013-01-20 18:00:00,0.0,0.0,0.0,0.0,0.0,0.0,0.0,0.0,-1.0,-1.8369701987210297e-16,6,1
2013-01-20 19:00:00,66.0,84.0,6.0,20.0,32.0,12.0,220.0,6.0,-0.9659258262890684,0.2588190451025203,6,0
2013-01-20 20:00:00,0.0,0.0,0.0,0.0,6.0,0.0,6.0,1.0,-0.8660254037844386,0.5000000000000001,6,0
2013-01-20 21:00:00,0.0,0.0,0.0,0.0,42.0,0.0,42.0,1.0,-0.7071067811865477,0.7071067811865474,6,0
2013-01-20 22:00:00,0.0,0.0,6.0,146.0,42.0,0.0,194.0,3.0,-0.5000000000000004,0.8660254037844384,6,0
2013-01-20 23:00:00,0.0,0.0,0.0,0.0,78.0,0.0,78.0,1.0,-0.25881904510252157,0.9659258262890681,6,0
2013-01-21 00:00:00,72.0,124.0,4.0,38.0,56.0,8.0,302.0,6.0,0.0,1.0,0,0
2013-01-21 01:00:00,0.0,8.0,0.0,0.0,0.0,0.0,8.0,1.0,0.25881904510252074,0.9659258262890683,0,0
2013-01-21 02:00:00,0.0,2.0,0.0,0.0,0.0,0.0,2.0,1.0,0.49999999999999994,0.8660254037844387,0,0
2013-01-21 03:00:00,58.0,86.0,0.0,0.0,0.0,0.0,144.0,2.0,0.7071067811865476,0.7071067811865476,0,0
2013-01-21 04:00:00,0.0,4.0,0.0,0.0,0.0,0.0,4.0,1.0,0.8660254037844386,0.5000000000000001,0,0
2013-01-21 05:00:00,0.0,4.0,0.0,0.0,0.0,0.0,4.0,1.0,0.9659258262890683,0.25881904510252074,0,0
2013-01-21 06:00:00,0.0,12.0,0.0,0.0,2.0,0.0,14.0,2.0,1.0,6.123233995736766e-17,0,0
2013-01-21 07:00:00,0.0,4.0,0.0,2.0,0.0,0.0,6.0,2.0,0.9659258262890683,-0.25881904510252063,0,0
2013-01-21 08:00:00,34.0,34.0,4.0,40.0,68.0,18.0,198.0,6.0,0.8660254037844387,-0.4999999999999998,0,0
2013-01-21 09:00:00,30.0,0.0,8.0,262.0,55.0,0.0,355.0,4.0,0.7071067811865476,-0.7071067811865475,0,0
2013-01-21 10:00:00,0.0,0.0,0.0,0.0,113.0,0.0,113.0,1.0,0.49999999999999994,-0.8660254037844387,0,0
2013-01-21 11:00:00,11.0,0.0,0.0,0.0,66.0,0.0,77.0,2.0,0.258819045102521,-0.9659258262890682,0,0
2013-01-21 12:00:00,23.0,0.0,46.0,118.0,40.0,2.0,229.0,5.0,1.2246467991473532e-16,-1.0,0,0
2013-01-21 13:00:00,16.0,312.0,4.0,58.0,90.0,0.0,480.0,5.0,-0.2588190451025208,-0.9659258262890683,0,0
2013-01-21 14:00:00,0.0,0.0,0.0,0.0,106.0,0.0,106.0,1.0,-0.4999999999999997,-0.8660254037844388,0,0
2013-01-21 15:00:00,308.0,154.0,0.0,0.0,112.0,4.0,578.0,4.0,-0.7071067811865471,-0.7071067811865479,0,0
2013-01-21 16:00:00,0.0,0.0,0.0,0.0,16.0,0.0,16.0,1.0,-0.8660254037844385,-0.5000000000000004,0,0
2013-01-21 17:00:00,0.0,38.0,8.0,78.0,74.0,12.0,210.0,5.0,-0.9659258262890683,-0.25881904510252063,0,0
2013-01-21 18:00:00,0.0,0.0,0.0,0.0,0.0,0.0,0.0,0.0,-1.0,-1.8369701987210297e-16,0,1
2013-01-21 19:00:00,0.0,0.0,12.0,282.0,40.0,18.0,352.0,4.0,-0.9659258262890684,0.2588190451025203,0,0
2013-01-21 20:00:00,0.0,0.0,4.0,2.0,32.0,16.0,54.0,4.0,-0.8660254037844386,0.5000000000000001,0,0
2013-01-21 21:00:00,28.0,0.0,0.0,0.0,52.0,6.0,86.0,3.0,-0.7071067811865477,0.7071067811865474,0,0
2013-01-21 22:00:00,0.0,0.0,0.0,0.0,12.0,0.0,12.0,1.0,-0.5000000000000004,0.8660254037844384,0,0
2013-01-21 23:00:00,0.0,0.0,0.0,4.0,12.0,0.0,16.0,2.0,-0.25881904510252157,0.9659258262890681,0,0
2013-01-22 00:00:00,0.0,0.0,0.0,0.0,0.0,0.0,0.0,0.0,0.0,1.0,1,1
2013-01-22 01:00:00,0.0,0.0,0.0,0.0,4.0,0.0,4.0,1.0,0.25881904510252074,0.9659258262890683,1,0
2013-01-22 02:00:00,42.0,168.0,6.0,40.0,26.0,0.0,282.0,5.0,0.49999999999999994,0.8660254037844387,1,0
2013-01-22 03:00:00,0.0,0.0,0.0,0.0,0.0,0.0,0.0,0.0,0.7071067811865476,0.7071067811865476,1,1
2013-01-22 04:00:00,0.0,0.0,0.0,0.0,0.0,0.0,0.0,0.0,0.8660254037844386,0.5000000000000001,1,1
2013-01-22 05:00:00,0.0,0.0,0.0,0.0,0.0,0.0,0.0,0.0,0.9659258262890683,0.25881904510252074,1,1
2013-01-22 06:00:00,0.0,2.0,0.0,0.0,0.0,0.0,2.0,1.0,1.0,6.123233995736766e-17,1,0
2013-01-22 07:00:00,0.0,2.0,0.0,0.0,0.0,0.0,2.0,1.0,0.9659258262890683,-0.25881904510252063,1,0
2013-01-22 08:00:00,0.0,2.0,0.0,0.0,0.0,0.0,2.0,1.0,0.8660254037844387,-0.4999999999999998,1,0
2013-01-22 09:00:00,37.0,30.0,0.0,2.0,0.0,0.0,69.0,3.0,0.7071067811865476,-0.7071067811865475,1,0
2013-01-22 10:00:00,7.0,18.0,4.0,50.0,58.0,10.0,147.0,6.0,0.49999999999999994,-0.8660254037844387,1,0
2013-01-22 11:00:00,42.0,2.0,10.0,310.0,130.0,2.0,496.0,6.0,0.258819045102521,-0.9659258262890682,1,0
2013-01-22 12:00:00,0.0,0.0,0.0,0.0,102.0,0.0,102.0,1.0,1.2246467991473532e-16,-1.0,1,0
2013-01-22 13:00:00,272.0,248.0,4.0,26.0,74.0,14.0,638.0,6.0,-0.2588190451025208,-0.9659258262890683,1,0
2013-01-22 14:00:00,0.0,0.0,0.0,0.0,0.0,0.0,0.0,0.0,-0.4999999999999997,-0.8660254037844388,1,1
2013-01-22 15:00:00,46.0,0.0,18.0,204.0,124.0,12.0,404.0,5.0,-0.7071067811865471,-0.7071067811865479,1,0
2013-01-22 16:00:00,0.0,0.0,6.0,122.0,26.0,0.0,154.0,3.0,-0.8660254037844385,-0.5000000000000004,1,0
2013-01-22 17:00:00,0.0,0.0,0.0,0.0,32.0,6.0,38.0,2.0,-0.9659258262890683,-0.25881904510252063,1,0
2013-01-22 18:00:00,0.0,0.0,0.0,0.0,0.0,0.0,0.0,0.0,-1.0,-1.8369701987210297e-16,1,1
2013-01-22 19:00:00,46.0,0.0,4.0,30.0,44.0,14.0,138.0,5.0,-0.9659258262890684,0.2588190451025203,1,0
2013-01-22 20:00:00,0.0,0.0,0.0,2.0,0.0,0.0,2.0,1.0,-0.8660254037844386,0.5000000000000001,1,0
2013-01-22 21:00:00,0.0,0.0,0.0,0.0,0.0,0.0,0.0,0.0,-0.7071067811865477,0.7071067811865474,1,1
2013-01-22 22:00:00,0.0,0.0,0.0,0.0,0.0,0.0,0.0,0.0,-0.5000000000000004,0.8660254037844384,1,1
2013-01-22 23:00:00,25.0,166.0,10.0,26.0,68.0,10.0,305.0,6.0,-0.25881904510252157,0.9659258262890681,1,0
2013-01-23 00:00:00,105.0,90.0,0.0,0.0,0.0,0.0,195.0,2.0,0.0,1.0,2,0
2013-01-23 01:00:00,0.0,6.0,0.0,0.0,0.0,0.0,6.0,1.0,0.25881904510252074,0.9659258262890683,2,0
2013-01-23 02:00:00,0.0,2.0,0.0,0.0,0.0,0.0,2.0,1.0,0.49999999999999994,0.8660254037844387,2,0
2013-01-23 03:00:00,0.0,2.0,0.0,0.0,0.0,0.0,2.0,1.0,0.7071067811865476,0.7071067811865476,2,0
2013-01-23 04:00:00,0.0,0.0,0.0,0.0,0.0,0.0,0.0,0.0,0.8660254037844386,0.5000000000000001,2,1
2013-01-23 05:00:00,0.0,0.0,0.0,0.0,0.0,0.0,0.0,0.0,0.9659258262890683,0.25881904510252074,2,1
2013-01-23 06:00:00,2.0,0.0,0.0,0.0,0.0,0.0,2.0,1.0,1.0,6.123233995736766e-17,2,0
2013-01-23 07:00:00,0.0,0.0,0.0,2.0,0.0,0.0,2.0,1.0,0.9659258262890683,-0.25881904510252063,2,0
2013-01-23 08:00:00,58.0,38.0,6.0,38.0,88.0,18.0,246.0,6.0,0.8660254037844387,-0.4999999999999998,2,0
2013-01-23 09:00:00,0.0,0.0,4.0,230.0,120.0,0.0,354.0,3.0,0.7071067811865476,-0.7071067811865475,2,0
2013-01-23 10:00:00,0.0,0.0,0.0,0.0,54.0,0.0,54.0,1.0,0.49999999999999994,-0.8660254037844387,2,0
2013-01-23 11:00:00,296.0,320.0,6.0,16.0,50.0,20.0,708.0,6.0,0.258819045102521,-0.9659258262890682,2,0
2013-01-23 12:00:00,0.0,0.0,0.0,0.0,60.0,8.0,68.0,2.0,1.2246467991473532e-16,-1.0,2,0
2013-01-23 13:00:00,0.0,0.0,0.0,0.0,0.0,0.0,0.0,0.0,-0.2588190451025208,-0.9659258262890683,2,1
2013-01-23 14:00:00,48.0,0.0,32.0,256.0,91.0,14.0,441.0,5.0,-0.4999999999999997,-0.8660254037844388,2,0
2013-01-23 15:00:00,2.0,70.0,0.0,0.0,17.0,6.0,95.0,4.0,-0.7071067811865471,-0.7071067811865479,2,0
2013-01-23 16:00:00,0.0,0.0,0.0,0.0,28.0,22.0,50.0,2.0,-0.8660254037844385,-0.5000000000000004,2,0
2013-01-23 17:00:00,48.0,6.0,4.0,348.0,96.0,42.0,544.0,6.0,-0.9659258262890683,-0.25881904510252063,2,0
2013-01-23 18:00:00,0.0,0.0,4.0,42.0,88.0,16.0,150.0,4.0,-1.0,-1.8369701987210297e-16,2,0
2013-01-23 19:00:00,0.0,0.0,8.0,40.0,56.0,10.0,114.0,4.0,-0.9659258262890684,0.2588190451025203,2,0
2013-01-23 20:00:00,42.0,0.0,0.0,2.0,50.0,22.0,116.0,4.0,-0.8660254037844386,0.5000000000000001,2,0
2013-01-23 21:00:00,0.0,0.0,0.0,0.0,46.0,0.0,46.0,1.0,-0.7071067811865477,0.7071067811865474,2,0
2013-01-23 22:00:00,0.0,0.0,0.0,0.0,56.0,0.0,56.0,1.0,-0.5000000000000004,0.8660254037844384,2,0
2013-01-23 23:00:00,0.0,0.0,8.0,76.0,100.0,0.0,184.0,3.0,-0.25881904510252157,0.9659258262890681,2,0
2013-01-24 00:00:00,0.0,0.0,0.0,0.0,42.0,0.0,42.0,1.0,0.0,1.0,3,0
2013-01-24 01:00:00,64.0,254.0,0.0,0.0,60.0,10.0,388.0,4.0,0.25881904510252074,0.9659258262890683,3,0
2013-01-24 02:00:00,0.0,0.0,0.0,0.0,0.0,0.0,0.0,0.0,0.49999999999999994,0.8660254037844387,3,1
2013-01-24 03:00:00,0.0,6.0,0.0,0.0,0.0,0.0,6.0,1.0,0.7071067811865476,0.7071067811865476,3,0
2013-01-24 04:00:00,0.0,8.0,0.0,0.0,0.0,0.0,8.0,1.0,0.8660254037844386,0.5000000000000001,3,0
2013-01-24 05:00:00,0.0,0.0,0.0,0.0,0.0,0.0,0.0,0.0,0.9659258262890683,0.25881904510252074,3,1
2013-01-24 06:00:00,0.0,6.0,0.0,0.0,0.0,0.0,6.0,1.0,1.0,6.123233995736766e-17,3,0
2013-01-24 07:00:00,0.0,0.0,0.0,0.0,0.0,0.0,0.0,0.0,0.9659258262890683,-0.25881904510252063,3,1
2013-01-24 08:00:00,32.0,46.0,6.0,42.0,92.0,14.0,232.0,6.0,0.8660254037844387,-0.4999999999999998,3,0
2013-01-24 09:00:00,0.0,0.0,4.0,314.0,84.0,0.0,402.0,3.0,0.7071067811865476,-0.7071067811865475,3,0
2013-01-24 10:00:00,258.0,228.0,4.0,14.0,124.0,10.0,638.0,6.0,0.49999999999999994,-0.8660254037844387,3,0
2013-01-24 11:00:00,68.0,20.0,0.0,0.0,24.0,8.0,120.0,4.0,0.258819045102521,-0.9659258262890682,3,0
2013-01-24 12:00:00,0.0,0.0,0.0,0.0,32.0,8.0,40.0,2.0,1.2246467991473532e-16,-1.0,3,0
2013-01-24 13:00:00,32.0,0.0,4.0,0.0,22.0,10.0,68.0,4.0,-0.2588190451025208,-0.9659258262890683,3,0
2013-01-24 14:00:00,8.0,0.0,6.0,312.0,94.0,0.0,420.0,4.0,-0.4999999999999997,-0.8660254037844388,3,0
2013-01-24 15:00:00,0.0,0.0,0.0,0.0,10.0,10.0,20.0,2.0,-0.7071067811865471,-0.7071067811865479,3,0
2013-01-24 16:00:00,60.0,98.0,4.0,20.0,50.0,12.0,244.0,6.0,-0.8660254037844385,-0.5000000000000004,3,0
2013-01-24 17:00:00,0.0,0.0,0.0,0.0,22.0,10.0,32.0,2.0,-0.9659258262890683,-0.25881904510252063,3,0
2013-01-24 18:00:00,0.0,0.0,0.0,0.0,0.0,0.0,0.0,0.0,-1.0,-1.8369701987210297e-16,3,1
2013-01-24 19:00:00,0.0,0.0,0.0,2.0,40.0,12.0,54.0,3.0,-0.9659258262890684,0.2588190451025203,3,0
2013-01-24 20:00:00,0.0,0.0,0.0,0.0,0.0,0.0,0.0,0.0,-0.8660254037844386,0.5000000000000001,3,1
2013-01-24 21:00:00,32.0,0.0,0.0,0.0,60.0,2.0,94.0,3.0,-0.7071067811865477,0.7071067811865474,3,0
2013-01-24 22:00:00,0.0,0.0,0.0,4.0,18.0,0.0,22.0,2.0,-0.5000000000000004,0.8660254037844384,3,0
2013-01-24 23:00:00,0.0,0.0,0.0,0.0,4.0,0.0,4.0,1.0,-0.25881904510252157,0.9659258262890681,3,0
2013-01-25 00:00:00,0.0,0.0,0.0,0.0,0.0,0.0,0.0,0.0,0.0,1.0,4,1
2013-01-25 01:00:00,20.0,122.0,4.0,36.0,30.0,4.0,216.0,6.0,0.25881904510252074,0.9659258262890683,4,0
2013-01-25 02:00:00,0.0,0.0,0.0,0.0,0.0,0.0,0.0,0.0,0.49999999999999994,0.8660254037844387,4,1
2013-01-25 03:00:00,0.0,2.0,0.0,0.0,0.0,0.0,2.0,1.0,0.7071067811865476,0.7071067811865476,4,0
2013-01-25 04:00:00,0.0,4.0,0.0,0.0,0.0,0.0,4.0,1.0,0.8660254037844386,0.5000000000000001,4,0
2013-01-25 05:00:00,0.0,0.0,0.0,0.0,0.0,0.0,0.0,0.0,0.9659258262890683,0.25881904510252074,4,1
2013-01-25 06:00:00,0.0,0.0,0.0,0.0,0.0,0.0,0.0,0.0,1.0,6.123233995736766e-17,4,1
2013-01-25 07:00:00,310.0,252.0,6.0,30.0,90.0,26.0,714.0,6.0,0.9659258262890683,-0.25881904510252063,4,0
2013-01-25 08:00:00,0.0,0.0,0.0,0.0,0.0,0.0,0.0,0.0,0.8660254037844387,-0.4999999999999998,4,1
2013-01-25 09:00:00,0.0,0.0,0.0,0.0,62.0,10.0,72.0,2.0,0.7071067811865476,-0.7071067811865475,4,0
2013-01-25 10:00:00,0.0,0.0,0.0,0.0,50.0,6.0,56.0,2.0,0.49999999999999994,-0.8660254037844387,4,0
2013-01-25 11:00:00,30.0,0.0,2.0,202.0,34.0,12.0,280.0,5.0,0.258819045102521,-0.9659258262890682,4,0
2013-01-25 12:00:00,0.0,0.0,20.0,32.0,118.0,22.0,192.0,4.0,1.2246467991473532e-16,-1.0,4,0
2013-01-25 13:00:00,0.0,0.0,0.0,0.0,12.0,0.0,12.0,1.0,-0.2588190451025208,-0.9659258262890683,4,0
2013-01-25 14:00:00,0.0,0.0,0.0,0.0,0.0,0.0,0.0,0.0,-0.4999999999999997,-0.8660254037844388,4,1
2013-01-25 15:00:00,42.0,0.0,6.0,40.0,52.0,18.0,158.0,5.0,-0.7071067811865471,-0.7071067811865479,4,0
2013-01-25 16:00:00,0.0,0.0,0.0,0.0,8.0,0.0,8.0,1.0,-0.8660254037844385,-0.5000000000000004,4,0
2013-01-25 17:00:00,0.0,0.0,0.0,0.0,40.0,4.0,44.0,2.0,-0.9659258262890683,-0.25881904510252063,4,0
2013-01-25 18:00:00,0.0,0.0,0.0,0.0,0.0,0.0,0.0,0.0,-1.0,-1.8369701987210297e-16,4,1
2013-01-25 19:00:00,50.0,0.0,6.0,50.0,40.0,12.0,158.0,5.0,-0.9659258262890684,0.2588190451025203,4,0
2013-01-25 20:00:00,0.0,0.0,0.0,0.0,14.0,0.0,14.0,1.0,-0.8660254037844386,0.5000000000000001,4,0
2013-01-25 21:00:00,0.0,0.0,2.0,2.0,16.0,0.0,20.0,3.0,-0.7071067811865477,0.7071067811865474,4,0
2013-01-25 22:00:00,0.0,0.0,0.0,0.0,12.0,0.0,12.0,1.0,-0.5000000000000004,0.8660254037844384,4,0
2013-01-25 23:00:00,0.0,0.0,0.0,0.0,24.0,0.0,24.0,1.0,-0.25881904510252157,0.9659258262890681,4,0
2013-01-26 00:00:00,90.0,196.0,10.0,70.0,64.0,10.0,440.0,6.0,0.0,1.0,5,0
2013-01-26 01:00:00,0.0,0.0,0.0,2.0,0.0,0.0,2.0,1.0,0.25881904510252074,0.9659258262890683,5,0
2013-01-26 02:00:00,0.0,2.0,0.0,0.0,0.0,0.0,2.0,1.0,0.49999999999999994,0.8660254037844387,5,0
2013-01-26 03:00:00,0.0,2.0,0.0,0.0,0.0,0.0,2.0,1.0,0.7071067811865476,0.7071067811865476,5,0
2013-01-26 04:00:00,0.0,2.0,0.0,0.0,0.0,0.0,2.0,1.0,0.8660254037844386,0.5000000000000001,5,0
2013-01-26 05:00:00,0.0,2.0,0.0,0.0,0.0,0.0,2.0,1.0,0.9659258262890683,0.25881904510252074,5,0
2013-01-26 06:00:00,0.0,2.0,0.0,0.0,0.0,0.0,2.0,1.0,1.0,6.123233995736766e-17,5,0
2013-01-26 07:00:00,58.0,62.0,6.0,32.0,38.0,14.0,210.0,6.0,0.9659258262890683,-0.25881904510252063,5,0
2013-01-26 08:00:00,54.0,6.0,2.0,52.0,98.0,2.0,214.0,6.0,0.8660254037844387,-0.4999999999999998,5,0
2013-01-26 09:00:00,0.0,0.0,0.0,140.0,42.0,0.0,182.0,2.0,0.7071067811865476,-0.7071067811865475,5,0
2013-01-26 10:00:00,0.0,0.0,0.0,0.0,42.0,0.0,42.0,1.0,0.49999999999999994,-0.8660254037844387,5,0
2013-01-26 11:00:00,0.0,0.0,0.0,0.0,92.0,0.0,92.0,1.0,0.258819045102521,-0.9659258262890682,5,0
2013-01-26 12:00:00,166.0,400.0,20.0,96.0,72.0,2.0,756.0,6.0,1.2246467991473532e-16,-1.0,5,0
2013-01-26 13:00:00,158.0,52.0,0.0,0.0,28.0,2.0,240.0,4.0,-0.2588190451025208,-0.9659258262890683,5,0
2013-01-26 14:00:00,0.0,0.0,8.0,240.0,84.0,22.0,354.0,4.0,-0.4999999999999997,-0.8660254037844388,5,0
2013-01-26 15:00:00,0.0,0.0,0.0,0.0,2.0,0.0,2.0,1.0,-0.7071067811865471,-0.7071067811865479,5,0
2013-01-26 16:00:00,46.0,0.0,6.0,24.0,46.0,2.0,124.0,5.0,-0.8660254037844385,-0.5000000000000004,5,0
2013-01-26 17:00:00,0.0,0.0,0.0,0.0,32.0,8.0,40.0,2.0,-0.9659258262890683,-0.25881904510252063,5,0
2013-01-26 18:00:00,0.0,0.0,0.0,2.0,0.0,0.0,2.0,1.0,-1.0,-1.8369701987210297e-16,5,0
2013-01-26 19:00:00,0.0,0.0,0.0,0.0,20.0,6.0,26.0,2.0,-0.9659258262890684,0.2588190451025203,5,0
2013-01-26 20:00:00,0.0,0.0,0.0,0.0,36.0,0.0,36.0,1.0,-0.8660254037844386,0.5000000000000001,5,0
2013-01-26 21:00:00,0.0,0.0,0.0,2.0,80.0,0.0,82.0,2.0,-0.7071067811865477,0.7071067811865474,5,0
2013-01-26 22:00:00,0.0,0.0,6.0,48.0,112.0,0.0,166.0,3.0,-0.5000000000000004,0.8660254037844384,5,0
2013-01-26 23:00:00,0.0,2.0,0.0,4.0,50.0,0.0,56.0,3.0,-0.25881904510252157,0.9659258262890681,5,0
2013-01-27 00:00:00,94.0,178.0,8.0,66.0,80.0,14.0,440.0,6.0,0.0,1.0,6,0
2013-01-27 01:00:00,0.0,54.0,0.0,2.0,0.0,0.0,56.0,2.0,0.25881904510252074,0.9659258262890683,6,0
2013-01-27 02:00:00,0.0,2.0,0.0,0.0,0.0,0.0,2.0,1.0,0.49999999999999994,0.8660254037844387,6,0
2013-01-27 03:00:00,0.0,0.0,0.0,0.0,0.0,0.0,0.0,0.0,0.7071067811865476,0.7071067811865476,6,1
2013-01-27 04:00:00,0.0,10.0,0.0,0.0,0.0,0.0,10.0,1.0,0.8660254037844386,0.5000000000000001,6,0
2013-01-27 05:00:00,0.0,0.0,0.0,0.0,0.0,0.0,0.0,0.0,0.9659258262890683,0.25881904510252074,6,1
2013-01-27 06:00:00,94.0,30.0,8.0,34.0,90.0,18.0,274.0,6.0,1.0,6.123233995736766e-17,6,0
2013-01-27 07:00:00,0.0,0.0,0.0,0.0,110.0,0.0,110.0,1.0,0.9659258262890683,-0.25881904510252063,6,0
2013-01-27 08:00:00,0.0,0.0,0.0,0.0,40.0,0.0,40.0,1.0,0.8660254037844387,-0.4999999999999998,6,0
2013-01-27 09:00:00,0.0,2.0,0.0,0.0,0.0,0.0,2.0,1.0,0.7071067811865476,-0.7071067811865475,6,0
2013-01-27 10:00:00,70.0,0.0,12.0,230.0,74.0,2.0,388.0,5.0,0.49999999999999994,-0.8660254037844387,6,0
2013-01-27 11:00:00,0.0,0.0,0.0,0.0,70.0,0.0,70.0,1.0,0.258819045102521,-0.9659258262890682,6,0
2013-01-27 12:00:00,400.0,322.0,8.0,88.0,112.0,6.0,936.0,6.0,1.2246467991473532e-16,-1.0,6,0
2013-01-27 13:00:00,0.0,0.0,0.0,0.0,154.0,10.0,164.0,2.0,-0.2588190451025208,-0.9659258262890683,6,0
2013-01-27 14:00:00,0.0,0.0,0.0,2.0,0.0,0.0,2.0,1.0,-0.4999999999999997,-0.8660254037844388,6,0
2013-01-27 15:00:00,40.0,0.0,4.0,42.0,78.0,12.0,176.0,5.0,-0.7071067811865471,-0.7071067811865479,6,0
2013-01-27 16:00:00,0.0,0.0,0.0,0.0,46.0,0.0,46.0,1.0,-0.8660254037844385,-0.5000000000000004,6,0
2013-01-27 17:00:00,74.0,16.0,22.0,26.0,140.0,14.0,292.0,6.0,-0.9659258262890683,-0.25881904510252063,6,0
2013-01-27 18:00:00,0.0,0.0,0.0,0.0,0.0,0.0,0.0,0.0,-1.0,-1.8369701987210297e-16,6,1
2013-01-27 19:00:00,0.0,0.0,10.0,20.0,40.0,14.0,84.0,4.0,-0.9659258262890684,0.2588190451025203,6,0
2013-01-27 20:00:00,0.0,0.0,0.0,0.0,0.0,0.0,0.0,0.0,-0.8660254037844386,0.5000000000000001,6,1
2013-01-27 21:00:00,34.0,184.0,6.0,18.0,80.0,4.0,326.0,6.0,-0.7071067811865477,0.7071067811865474,6,0
2013-01-27 22:00:00,0.0,0.0,0.0,0.0,74.0,0.0,74.0,1.0,-0.5000000000000004,0.8660254037844384,6,0
2013-01-27 23:00:00,0.0,0.0,0.0,0.0,74.0,0.0,74.0,1.0,-0.25881904510252157,0.9659258262890681,6,0
2013-01-28 00:00:00,66.0,58.0,4.0,50.0,28.0,2.0,208.0,6.0,0.0,1.0,0,0
2013-01-28 01:00:00,0.0,0.0,0.0,0.0,0.0,0.0,0.0,0.0,0.25881904510252074,0.9659258262890683,0,1
2013-01-28 02:00:00,0.0,2.0,0.0,0.0,0.0,0.0,2.0,1.0,0.49999999999999994,0.8660254037844387,0,0
2013-01-28 03:00:00,0.0,0.0,0.0,0.0,0.0,0.0,0.0,0.0,0.7071067811865476,0.7071067811865476,0,1
2013-01-28 04:00:00,0.0,4.0,0.0,0.0,0.0,0.0,4.0,1.0,0.8660254037844386,0.5000000000000001,0,0
2013-01-28 05:00:00,0.0,10.0,0.0,0.0,0.0,0.0,10.0,1.0,0.9659258262890683,0.25881904510252074,0,0
2013-01-28 06:00:00,0.0,4.0,0.0,0.0,0.0,0.0,4.0,1.0,1.0,6.123233995736766e-17,0,0
2013-01-28 07:00:00,0.0,4.0,0.0,0.0,0.0,0.0,4.0,1.0,0.9659258262890683,-0.25881904510252063,0,0
2013-01-28 08:00:00,40.0,78.0,4.0,58.0,68.0,24.0,272.0,6.0,0.8660254037844387,-0.4999999999999998,0,0
2013-01-28 09:00:00,30.0,0.0,2.0,248.0,80.0,2.0,362.0,5.0,0.7071067811865476,-0.7071067811865475,0,0
2013-01-28 10:00:00,46.0,154.0,4.0,62.0,72.0,0.0,338.0,5.0,0.49999999999999994,-0.8660254037844387,0,0
2013-01-28 11:00:00,298.0,186.0,0.0,0.0,128.0,24.0,636.0,4.0,0.258819045102521,-0.9659258262890682,0,0
2013-01-28 12:00:00,0.0,46.0,0.0,0.0,66.0,18.0,130.0,3.0,1.2246467991473532e-16,-1.0,0,0
2013-01-28 13:00:00,34.0,2.0,10.0,86.0,128.0,28.0,288.0,6.0,-0.2588190451025208,-0.9659258262890683,0,0
2013-01-28 14:00:00,0.0,0.0,0.0,32.0,94.0,26.0,152.0,3.0,-0.4999999999999997,-0.8660254037844388,0,0
2013-01-28 15:00:00,0.0,0.0,0.0,0.0,54.0,6.0,60.0,2.0,-0.7071067811865471,-0.7071067811865479,0,0
2013-01-28 16:00:00,0.0,0.0,0.0,0.0,44.0,0.0,44.0,1.0,-0.8660254037844385,-0.5000000000000004,0,0
2013-01-28 17:00:00,58.0,6.0,4.0,2.0,98.0,22.0,190.0,6.0,-0.9659258262890683,-0.25881904510252063,0,0
2013-01-28 18:00:00,0.0,0.0,0.0,0.0,0.0,0.0,0.0,0.0,-1.0,-1.8369701987210297e-16,0,1
2013-01-28 19:00:00,0.0,0.0,0.0,0.0,40.0,8.0,48.0,2.0,-0.9659258262890684,0.2588190451025203,0,0
2013-01-28 20:00:00,0.0,2.0,0.0,0.0,4.0,0.0,6.0,2.0,-0.8660254037844386,0.5000000000000001,0,0
2013-01-28 21:00:00,0.0,0.0,0.0,2.0,24.0,0.0,26.0,2.0,-0.7071067811865477,0.7071067811865474,0,0
2013-01-28 22:00:00,0.0,0.0,0.0,0.0,14.0,0.0,14.0,1.0,-0.5000000000000004,0.8660254037844384,0,0
2013-01-28 23:00:00,0.0,0.0,0.0,0.0,56.0,0.0,56.0,1.0,-0.25881904510252157,0.9659258262890681,0,0
2013-01-29 00:00:00,130.0,238.0,4.0,24.0,50.0,8.0,454.0,6.0,0.0,1.0,1,0
2013-01-29 01:00:00,0.0,0.0,0.0,0.0,0.0,0.0,0.0,0.0,0.25881904510252074,0.9659258262890683,1,1
2013-01-29 02:00:00,0.0,0.0,0.0,0.0,0.0,0.0,0.0,0.0,0.49999999999999994,0.8660254037844387,1,1
2013-01-29 03:00:00,0.0,0.0,0.0,0.0,0.0,0.0,0.0,0.0,0.7071067811865476,0.7071067811865476,1,1
2013-01-29 04:00:00,0.0,4.0,0.0,0.0,0.0,0.0,4.0,1.0,0.8660254037844386,0.5000000000000001,1,0
2013-01-29 05:00:00,0.0,4.0,0.0,0.0,0.0,0.0,4.0,1.0,0.9659258262890683,0.25881904510252074,1,0
2013-01-29 06:00:00,0.0,4.0,0.0,0.0,2.0,0.0,6.0,2.0,1.0,6.123233995736766e-17,1,0
2013-01-29 07:00:00,0.0,0.0,0.0,0.0,0.0,0.0,0.0,0.0,0.9659258262890683,-0.25881904510252063,1,1
2013-01-29 08:00:00,0.0,0.0,0.0,0.0,0.0,0.0,0.0,0.0,0.8660254037844387,-0.4999999999999998,1,1
2013-01-29 09:00:00,48.0,80.0,8.0,42.0,58.0,16.0,252.0,6.0,0.7071067811865476,-0.7071067811865475,1,0
2013-01-29 10:00:00,0.0,0.0,2.0,266.0,54.0,0.0,322.0,3.0,0.49999999999999994,-0.8660254037844387,1,0
2013-01-29 11:00:00,0.0,0.0,4.0,6.0,86.0,0.0,96.0,3.0,0.258819045102521,-0.9659258262890682,1,0
2013-01-29 12:00:00,284.0,54.0,0.0,0.0,84.0,6.0,428.0,4.0,1.2246467991473532e-16,-1.0,1,0
2013-01-29 13:00:00,80.0,442.0,0.0,0.0,108.0,2.0,632.0,4.0,-0.2588190451025208,-0.9659258262890683,1,0
2013-01-29 14:00:00,76.0,18.0,18.0,64.0,98.0,38.0,312.0,6.0,-0.4999999999999997,-0.8660254037844388,1,0
2013-01-29 15:00:00,0.0,0.0,2.0,62.0,106.0,20.0,190.0,4.0,-0.7071067811865471,-0.7071067811865479,1,0
2013-01-29 16:00:00,0.0,0.0,10.0,74.0,118.0,10.0,212.0,4.0,-0.8660254037844385,-0.5000000000000004,1,0
2013-01-29 17:00:00,2.0,44.0,0.0,0.0,64.0,20.0,130.0,4.0,-0.9659258262890683,-0.25881904510252063,1,0
2013-01-29 18:00:00,0.0,0.0,0.0,2.0,0.0,0.0,2.0,1.0,-1.0,-1.8369701987210297e-16,1,0
2013-01-29 19:00:00,28.0,6.0,0.0,0.0,190.0,16.0,240.0,4.0,-0.9659258262890684,0.2588190451025203,1,0
2013-01-29 20:00:00,0.0,39.0,0.0,0.0,168.0,2.0,209.0,3.0,-0.8660254037844386,0.5000000000000001,1,0
2013-01-29 21:00:00,28.0,551.0,0.0,0.0,138.0,4.0,721.0,4.0,-0.7071067811865477,0.7071067811865474,1,0
2013-01-29 22:00:00,0.0,0.0,0.0,0.0,144.0,2.0,146.0,2.0,-0.5000000000000004,0.8660254037844384,1,0
2013-01-29 23:00:00,118.0,80.0,8.0,84.0,72.0,2.0,364.0,6.0,-0.25881904510252157,0.9659258262890681,1,0
2013-01-30 00:00:00,0.0,0.0,0.0,2.0,0.0,0.0,2.0,1.0,0.0,1.0,2,0
2013-01-30 01:00:00,0.0,0.0,0.0,0.0,0.0,0.0,0.0,0.0,0.25881904510252074,0.9659258262890683,2,1
2013-01-30 02:00:00,0.0,0.0,0.0,0.0,0.0,0.0,0.0,0.0,0.49999999999999994,0.8660254037844387,2,1
2013-01-30 03:00:00,0.0,0.0,0.0,0.0,0.0,0.0,0.0,0.0,0.7071067811865476,0.7071067811865476,2,1
2013-01-30 04:00:00,58.0,82.0,0.0,0.0,0.0,0.0,140.0,2.0,0.8660254037844386,0.5000000000000001,2,0
2013-01-30 05:00:00,0.0,2.0,0.0,0.0,0.0,0.0,2.0,1.0,0.9659258262890683,0.25881904510252074,2,0
2013-01-30 06:00:00,0.0,6.0,0.0,0.0,0.0,2.0,8.0,2.0,1.0,6.123233995736766e-17,2,0
2013-01-30 07:00:00,0.0,4.0,0.0,0.0,0.0,0.0,4.0,1.0,0.9659258262890683,-0.25881904510252063,2,0
2013-01-30 08:00:00,60.0,46.0,6.0,32.0,104.0,20.0,268.0,6.0,0.8660254037844387,-0.4999999999999998,2,0
2013-01-30 09:00:00,236.0,146.0,0.0,2.0,56.0,14.0,454.0,5.0,0.7071067811865476,-0.7071067811865475,2,0
2013-01-30 10:00:00,0.0,0.0,0.0,0.0,0.0,0.0,0.0,0.0,0.49999999999999994,-0.8660254037844387,2,1
2013-01-30 11:00:00,52.0,8.0,0.0,0.0,40.0,22.0,122.0,4.0,0.258819045102521,-0.9659258262890682,2,0
2013-01-30 12:00:00,0.0,0.0,0.0,0.0,0.0,0.0,0.0,0.0,1.2246467991473532e-16,-1.0,2,1
2013-01-30 13:00:00,60.0,0.0,8.0,102.0,52.0,10.0,232.0,5.0,-0.2588190451025208,-0.9659258262890683,2,0
2013-01-30 14:00:00,0.0,0.0,6.0,84.0,59.0,0.0,149.0,3.0,-0.4999999999999997,-0.8660254037844388,2,0
2013-01-30 15:00:00,0.0,0.0,2.0,0.0,55.0,14.0,71.0,3.0,-0.7071067811865471,-0.7071067811865479,2,0
2013-01-30 16:00:00,50.0,0.0,8.0,60.0,28.0,0.0,146.0,4.0,-0.8660254037844385,-0.5000000000000004,2,0
2013-01-30 17:00:00,0.0,0.0,4.0,52.0,46.0,0.0,102.0,3.0,-0.9659258262890683,-0.25881904510252063,2,0
2013-01-30 18:00:00,0.0,0.0,24.0,378.0,92.0,16.0,510.0,4.0,-1.0,-1.8369701987210297e-16,2,0
2013-01-30 19:00:00,0.0,0.0,4.0,62.0,52.0,8.0,126.0,4.0,-0.9659258262890684,0.2588190451025203,2,0
2013-01-30 20:00:00,40.0,0.0,0.0,0.0,44.0,12.0,96.0,3.0,-0.8660254037844386,0.5000000000000001,2,0
2013-01-30 21:00:00,0.0,0.0,0.0,0.0,50.0,0.0,50.0,1.0,-0.7071067811865477,0.7071067811865474,2,0
2013-01-30 22:00:00,0.0,0.0,0.0,0.0,20.0,0.0,20.0,1.0,-0.5000000000000004,0.8660254037844384,2,0
2013-01-30 23:00:00,104.0,154.0,8.0,108.0,102.0,18.0,494.0,6.0,-0.25881904510252157,0.9659258262890681,2,0
2013-01-31 00:00:00,0.0,0.0,0.0,2.0,0.0,0.0,2.0,1.0,0.0,1.0,3,0
2013-01-31 01:00:00,0.0,6.0,0.0,0.0,0.0,0.0,6.0,1.0,0.25881904510252074,0.9659258262890683,3,0
2013-01-31 02:00:00,0.0,0.0,0.0,0.0,0.0,0.0,0.0,0.0,0.49999999999999994,0.8660254037844387,3,1
2013-01-31 03:00:00,0.0,2.0,0.0,0.0,0.0,0.0,2.0,1.0,0.7071067811865476,0.7071067811865476,3,0
2013-01-31 04:00:00,0.0,6.0,0.0,0.0,0.0,0.0,6.0,1.0,0.8660254037844386,0.5000000000000001,3,0
2013-01-31 05:00:00,0.0,32.0,0.0,0.0,0.0,2.0,34.0,2.0,0.9659258262890683,0.25881904510252074,3,0
2013-01-31 06:00:00,0.0,8.0,0.0,0.0,0.0,0.0,8.0,1.0,1.0,6.123233995736766e-17,3,0
2013-01-31 07:00:00,0.0,4.0,0.0,0.0,0.0,0.0,4.0,1.0,0.9659258262890683,-0.25881904510252063,3,0
2013-01-31 08:00:00,0.0,6.0,0.0,0.0,0.0,0.0,6.0,1.0,0.8660254037844387,-0.4999999999999998,3,0
2013-01-31 09:00:00,40.0,54.0,2.0,44.0,78.0,18.0,236.0,6.0,0.7071067811865476,-0.7071067811865475,3,0
2013-01-31 10:00:00,0.0,0.0,4.0,220.0,94.0,0.0,318.0,3.0,0.49999999999999994,-0.8660254037844387,3,0
2013-01-31 11:00:00,0.0,0.0,0.0,0.0,58.0,0.0,58.0,1.0,0.258819045102521,-0.9659258262890682,3,0
2013-01-31 12:00:00,328.0,356.0,20.0,40.0,70.0,4.0,818.0,6.0,1.2246467991473532e-16,-1.0,3,0
2013-01-31 13:00:00,0.0,0.0,0.0,0.0,264.0,18.0,282.0,2.0,-0.2588190451025208,-0.9659258262890683,3,0
2013-01-31 14:00:00,0.0,0.0,8.0,100.0,74.0,8.0,190.0,4.0,-0.4999999999999997,-0.8660254037844388,3,0
2013-01-31 15:00:00,42.0,0.0,6.0,20.0,96.0,12.0,176.0,5.0,-0.7071067811865471,-0.7071067811865479,3,0
2013-01-31 16:00:00,0.0,0.0,0.0,0.0,0.0,0.0,0.0,0.0,-0.8660254037844385,-0.5000000000000004,3,1
2013-01-31 17:00:00,20.0,10.0,0.0,0.0,64.0,24.0,118.0,4.0,-0.9659258262890683,-0.25881904510252063,3,0
2013-01-31 18:00:00,0.0,0.0,0.0,0.0,0.0,0.0,0.0,0.0,-1.0,-1.8369701987210297e-16,3,1
2013-01-31 19:00:00,0.0,0.0,0.0,0.0,138.0,6.0,144.0,2.0,-0.9659258262890684,0.2588190451025203,3,0
2013-01-31 20:00:00,0.0,0.0,0.0,0.0,164.0,0.0,164.0,1.0,-0.8660254037844386,0.5000000000000001,3,0
2013-01-31 21:00:00,132.0,220.0,0.0,0.0,196.0,8.0,556.0,4.0,-0.7071067811865477,0.7071067811865474,3,0
2013-01-31 22:00:00,0.0,0.0,0.0,2.0,125.0,0.0,127.0,2.0,-0.5000000000000004,0.8660254037844384,3,0
2013-01-31 23:00:00,56.0,4.0,6.0,36.0,167.0,6.0,275.0,6.0,-0.25881904510252157,0.9659258262890681,3,0
2013-02-01 00:00:00,0.0,36.0,0.0,0.0,80.0,4.0,120.0,3.0,0.0,1.0,4,0
2013-02-01 01:00:00,0.0,6.0,0.0,0.0,0.0,0.0,6.0,1.0,0.25881904510252074,0.9659258262890683,4,0
2013-02-01 02:00:00,0.0,0.0,0.0,0.0,0.0,0.0,0.0,0.0,0.49999999999999994,0.8660254037844387,4,1
2013-02-01 03:00:00,0.0,8.0,0.0,0.0,0.0,0.0,8.0,1.0,0.7071067811865476,0.7071067811865476,4,0
2013-02-01 04:00:00,0.0,6.0,0.0,0.0,2.0,0.0,8.0,2.0,0.8660254037844386,0.5000000000000001,4,0
2013-02-01 05:00:00,0.0,2.0,0.0,0.0,0.0,0.0,2.0,1.0,0.9659258262890683,0.25881904510252074,4,0
2013-02-01 06:00:00,36.0,68.0,4.0,24.0,96.0,20.0,248.0,6.0,1.0,6.123233995736766e-17,4,0
2013-02-01 07:00:00,0.0,0.0,14.0,352.0,112.0,0.0,478.0,3.0,0.9659258262890683,-0.25881904510252063,4,0
2013-02-01 08:00:00,50.0,0.0,0.0,0.0,106.0,4.0,160.0,3.0,0.8660254037844387,-0.4999999999999998,4,0
2013-02-01 09:00:00,0.0,0.0,0.0,0.0,66.0,0.0,66.0,1.0,0.7071067811865476,-0.7071067811865475,4,0
2013-02-01 10:00:00,296.0,262.0,6.0,20.0,124.0,12.0,720.0,6.0,0.49999999999999994,-0.8660254037844387,4,0
2013-02-01 11:00:00,0.0,0.0,267.0,20.0,110.0,22.0,419.0,4.0,0.258819045102521,-0.9659258262890682,4,0
2013-02-01 12:00:00,0.0,14.0,279.0,78.0,48.0,20.0,439.0,5.0,1.2246467991473532e-16,-1.0,4,0
2013-02-01 13:00:00,0.0,0.0,12.0,46.0,104.0,10.0,172.0,4.0,-0.2588190451025208,-0.9659258262890683,4,0
2013-02-01 14:00:00,0.0,0.0,0.0,0.0,0.0,0.0,0.0,0.0,-0.4999999999999997,-0.8660254037844388,4,1
2013-02-01 15:00:00,50.0,18.0,0.0,0.0,66.0,14.0,148.0,4.0,-0.7071067811865471,-0.7071067811865479,4,0
2013-02-01 16:00:00,42.0,10.0,2.0,62.0,44.0,4.0,164.0,6.0,-0.8660254037844385,-0.5000000000000004,4,0
2013-02-01 17:00:00,0.0,2.0,0.0,0.0,40.0,22.0,64.0,3.0,-0.9659258262890683,-0.25881904510252063,4,0
2013-02-01 18:00:00,0.0,0.0,0.0,0.0,0.0,0.0,0.0,0.0,-1.0,-1.8369701987210297e-16,4,1
2013-02-01 19:00:00,0.0,0.0,4.0,36.0,106.0,16.0,162.0,4.0,-0.9659258262890684,0.2588190451025203,4,0
2013-02-01 20:00:00,0.0,0.0,0.0,0.0,24.0,0.0,24.0,1.0,-0.8660254037844386,0.5000000000000001,4,0
2013-02-01 21:00:00,116.0,296.0,0.0,2.0,114.0,2.0,530.0,5.0,-0.7071067811865477,0.7071067811865474,4,0
2013-02-01 22:00:00,0.0,0.0,0.0,0.0,194.0,0.0,194.0,1.0,-0.5000000000000004,0.8660254037844384,4,0
2013-02-01 23:00:00,0.0,0.0,4.0,56.0,90.0,0.0,150.0,3.0,-0.25881904510252157,0.9659258262890681,4,0
2013-02-02 00:00:00,0.0,0.0,0.0,0.0,8.0,0.0,8.0,1.0,0.0,1.0,5,0
2013-02-02 01:00:00,30.0,74.0,0.0,0.0,22.0,4.0,130.0,4.0,0.25881904510252074,0.9659258262890683,5,0
2013-02-02 02:00:00,0.0,0.0,0.0,0.0,0.0,0.0,0.0,0.0,0.49999999999999994,0.8660254037844387,5,1
2013-02-02 03:00:00,0.0,4.0,0.0,2.0,0.0,0.0,6.0,2.0,0.7071067811865476,0.7071067811865476,5,0
2013-02-02 04:00:00,0.0,0.0,0.0,0.0,0.0,0.0,0.0,0.0,0.8660254037844386,0.5000000000000001,5,1
2013-02-02 05:00:00,0.0,4.0,2.0,0.0,0.0,0.0,6.0,2.0,0.9659258262890683,0.25881904510252074,5,0
2013-02-02 06:00:00,0.0,26.0,0.0,0.0,0.0,0.0,26.0,1.0,1.0,6.123233995736766e-17,5,0
2013-02-02 07:00:00,0.0,8.0,0.0,0.0,0.0,0.0,8.0,1.0,0.9659258262890683,-0.25881904510252063,5,0
2013-02-02 08:00:00,54.0,50.0,2.0,40.0,62.0,20.0,228.0,6.0,0.8660254037844387,-0.4999999999999998,5,0
2013-02-02 09:00:00,0.0,0.0,0.0,0.0,62.0,0.0,62.0,1.0,0.7071067811865476,-0.7071067811865475,5,0
2013-02-02 10:00:00,56.0,0.0,12.0,180.0,152.0,12.0,412.0,5.0,0.49999999999999994,-0.8660254037844387,5,0
2013-02-02 11:00:00,0.0,0.0,0.0,0.0,104.0,0.0,104.0,1.0,0.258819045102521,-0.9659258262890682,5,0
2013-02-02 12:00:00,0.0,0.0,0.0,0.0,110.0,0.0,110.0,1.0,1.2246467991473532e-16,-1.0,5,0
2013-02-02 13:00:00,20.0,82.0,2.0,40.0,104.0,0.0,248.0,5.0,-0.2588190451025208,-0.9659258262890683,5,0
2013-02-02 14:00:00,328.0,160.0,6.0,50.0,86.0,26.0,656.0,6.0,-0.4999999999999997,-0.8660254037844388,5,0
2013-02-02 15:00:00,0.0,0.0,2.0,236.0,154.0,0.0,392.0,3.0,-0.7071067811865471,-0.7071067811865479,5,0
2013-02-02 16:00:00,0.0,0.0,0.0,0.0,8.0,0.0,8.0,1.0,-0.8660254037844385,-0.5000000000000004,5,0
2013-02-02 17:00:00,0.0,0.0,0.0,0.0,20.0,0.0,20.0,1.0,-0.9659258262890683,-0.25881904510252063,5,0
2013-02-02 18:00:00,0.0,0.0,0.0,0.0,16.0,0.0,16.0,1.0,-1.0,-1.8369701987210297e-16,5,0
2013-02-02 19:00:00,54.0,0.0,122.0,16.0,40.0,4.0,236.0,5.0,-0.9659258262890684,0.2588190451025203,5,0
2013-02-02 20:00:00,20.0,0.0,188.0,8.0,112.0,4.0,332.0,5.0,-0.8660254037844386,0.5000000000000001,5,0
2013-02-02 21:00:00,0.0,0.0,6.0,138.0,124.0,0.0,268.0,3.0,-0.7071067811865477,0.7071067811865474,5,0
2013-02-02 22:00:00,0.0,0.0,0.0,0.0,26.0,0.0,26.0,1.0,-0.5000000000000004,0.8660254037844384,5,0
2013-02-02 23:00:00,4.0,2.0,10.0,72.0,72.0,8.0,168.0,6.0,-0.25881904510252157,0.9659258262890681,5,0
2013-02-03 00:00:00,60.0,200.0,0.0,0.0,22.0,2.0,284.0,4.0,0.0,1.0,6,0
2013-02-03 01:00:00,0.0,4.0,0.0,0.0,0.0,0.0,4.0,1.0,0.25881904510252074,0.9659258262890683,6,0
2013-02-03 02:00:00,0.0,0.0,0.0,0.0,0.0,0.0,0.0,0.0,0.49999999999999994,0.8660254037844387,6,1
2013-02-03 03:00:00,0.0,0.0,0.0,2.0,0.0,0.0,2.0,1.0,0.7071067811865476,0.7071067811865476,6,0
2013-02-03 04:00:00,0.0,4.0,0.0,0.0,0.0,0.0,4.0,1.0,0.8660254037844386,0.5000000000000001,6,0
2013-02-03 05:00:00,0.0,6.0,0.0,0.0,0.0,0.0,6.0,1.0,0.9659258262890683,0.25881904510252074,6,0
2013-02-03 06:00:00,0.0,0.0,0.0,0.0,0.0,0.0,0.0,0.0,1.0,6.123233995736766e-17,6,1
2013-02-03 07:00:00,0.0,0.0,0.0,0.0,2.0,0.0,2.0,1.0,0.9659258262890683,-0.25881904510252063,6,0
2013-02-03 08:00:00,0.0,6.0,0.0,0.0,0.0,0.0,6.0,1.0,0.8660254037844387,-0.4999999999999998,6,0
2013-02-03 09:00:00,58.0,58.0,6.0,48.0,70.0,16.0,256.0,6.0,0.7071067811865476,-0.7071067811865475,6,0
2013-02-03 10:00:00,15.0,0.0,4.0,122.0,140.0,0.0,281.0,4.0,0.49999999999999994,-0.8660254037844387,6,0
2013-02-03 11:00:00,39.0,0.0,2.0,64.0,108.0,2.0,215.0,5.0,0.258819045102521,-0.9659258262890682,6,0
2013-02-03 12:00:00,219.0,286.0,4.0,76.0,70.0,0.0,655.0,5.0,1.2246467991473532e-16,-1.0,6,0
2013-02-03 13:00:00,91.0,72.0,0.0,0.0,32.0,6.0,201.0,4.0,-0.2588190451025208,-0.9659258262890683,6,0
2013-02-03 14:00:00,0.0,0.0,0.0,0.0,22.0,2.0,24.0,2.0,-0.4999999999999997,-0.8660254037844388,6,0
2013-02-03 15:00:00,30.0,24.0,4.0,306.0,46.0,28.0,438.0,6.0,-0.7071067811865471,-0.7071067811865479,6,0
2013-02-03 16:00:00,0.0,0.0,6.0,78.0,66.0,18.0,168.0,4.0,-0.8660254037844385,-0.5000000000000004,6,0
2013-02-03 17:00:00,0.0,0.0,2.0,48.0,224.0,30.0,304.0,4.0,-0.9659258262890683,-0.25881904510252063,6,0
2013-02-03 18:00:00,0.0,0.0,0.0,0.0,106.0,0.0,106.0,1.0,-1.0,-1.8369701987210297e-16,6,0
2013-02-03 19:00:00,0.0,0.0,0.0,2.0,118.0,0.0,120.0,2.0,-0.9659258262890684,0.2588190451025203,6,0
2013-02-03 20:00:00,0.0,0.0,0.0,0.0,164.0,0.0,164.0,1.0,-0.8660254037844386,0.5000000000000001,6,0
2013-02-03 21:00:00,2.0,424.0,0.0,0.0,160.0,6.0,592.0,4.0,-0.7071067811865477,0.7071067811865474,6,0
2013-02-03 22:00:00,0.0,0.0,0.0,0.0,86.0,0.0,86.0,1.0,-0.5000000000000004,0.8660254037844384,6,0
2013-02-03 23:00:00,0.0,0.0,4.0,104.0,88.0,0.0,196.0,3.0,-0.25881904510252157,0.9659258262890681,6,0
2013-02-04 00:00:00,12.0,4.0,0.0,0.0,10.0,0.0,26.0,3.0,0.0,1.0,0,0
2013-02-04 01:00:00,64.0,190.0,0.0,0.0,0.0,4.0,258.0,3.0,0.25881904510252074,0.9659258262890683,0,0
2013-02-04 02:00:00,0.0,0.0,0.0,0.0,0.0,0.0,0.0,0.0,0.49999999999999994,0.8660254037844387,0,1
2013-02-04 03:00:00,0.0,4.0,0.0,0.0,0.0,0.0,4.0,1.0,0.7071067811865476,0.7071067811865476,0,0
2013-02-04 04:00:00,0.0,6.0,0.0,0.0,0.0,0.0,6.0,1.0,0.8660254037844386,0.5000000000000001,0,0
2013-02-04 05:00:00,0.0,6.0,0.0,0.0,0.0,0.0,6.0,1.0,0.9659258262890683,0.25881904510252074,0,0
2013-02-04 06:00:00,0.0,12.0,0.0,0.0,0.0,0.0,12.0,1.0,1.0,6.123233995736766e-17,0,0
2013-02-04 07:00:00,0.0,4.0,0.0,0.0,0.0,0.0,4.0,1.0,0.9659258262890683,-0.25881904510252063,0,0
2013-02-04 08:00:00,54.0,72.0,8.0,48.0,60.0,20.0,262.0,6.0,0.8660254037844387,-0.4999999999999998,0,0
2013-02-04 09:00:00,0.0,0.0,2.0,184.0,138.0,12.0,336.0,4.0,0.7071067811865476,-0.7071067811865475,0,0
2013-02-04 10:00:00,375.0,264.0,6.0,28.0,64.0,2.0,739.0,6.0,0.49999999999999994,-0.8660254037844387,0,0
2013-02-04 11:00:00,11.0,24.0,2.0,0.0,68.0,12.0,117.0,5.0,0.258819045102521,-0.9659258262890682,0,0
2013-02-04 12:00:00,0.0,0.0,4.0,114.0,54.0,8.0,180.0,4.0,1.2246467991473532e-16,-1.0,0,0
2013-02-04 13:00:00,0.0,0.0,4.0,14.0,68.0,16.0,102.0,4.0,-0.2588190451025208,-0.9659258262890683,0,0
2013-02-04 14:00:00,0.0,0.0,0.0,0.0,0.0,0.0,0.0,0.0,-0.4999999999999997,-0.8660254037844388,0,1
2013-02-04 15:00:00,32.0,2.0,0.0,2.0,30.0,2.0,68.0,5.0,-0.7071067811865471,-0.7071067811865479,0,0
2013-02-04 16:00:00,0.0,0.0,4.0,120.0,52.0,0.0,176.0,3.0,-0.8660254037844385,-0.5000000000000004,0,0
2013-02-04 17:00:00,6.0,28.0,0.0,0.0,50.0,16.0,100.0,4.0,-0.9659258262890683,-0.25881904510252063,0,0
2013-02-04 18:00:00,0.0,0.0,0.0,0.0,0.0,0.0,0.0,0.0,-1.0,-1.8369701987210297e-16,0,1
2013-02-04 19:00:00,0.0,0.0,0.0,0.0,26.0,8.0,34.0,2.0,-0.9659258262890684,0.2588190451025203,0,0
2013-02-04 20:00:00,0.0,0.0,6.0,150.0,52.0,0.0,208.0,3.0,-0.8660254037844386,0.5000000000000001,0,0
2013-02-04 21:00:00,0.0,0.0,0.0,0.0,62.0,0.0,62.0,1.0,-0.7071067811865477,0.7071067811865474,0,0
2013-02-04 22:00:00,0.0,0.0,0.0,0.0,74.0,0.0,74.0,1.0,-0.5000000000000004,0.8660254037844384,0,0
2013-02-04 23:00:00,142.0,178.0,4.0,50.0,94.0,10.0,478.0,6.0,-0.25881904510252157,0.9659258262890681,0,0
2013-02-05 00:00:00,0.0,6.0,0.0,0.0,0.0,0.0,6.0,1.0,0.0,1.0,1,0
2013-02-05 01:00:00,0.0,2.0,0.0,0.0,0.0,0.0,2.0,1.0,0.25881904510252074,0.9659258262890683,1,0
2013-02-05 02:00:00,0.0,0.0,0.0,0.0,0.0,0.0,0.0,0.0,0.49999999999999994,0.8660254037844387,1,1
2013-02-05 03:00:00,0.0,0.0,0.0,2.0,0.0,0.0,2.0,1.0,0.7071067811865476,0.7071067811865476,1,0
2013-02-05 04:00:00,42.0,76.0,0.0,0.0,0.0,0.0,118.0,2.0,0.8660254037844386,0.5000000000000001,1,0
2013-02-05 05:00:00,0.0,2.0,0.0,4.0,0.0,0.0,6.0,2.0,0.9659258262890683,0.25881904510252074,1,0
2013-02-05 06:00:00,0.0,0.0,0.0,2.0,0.0,0.0,2.0,1.0,1.0,6.123233995736766e-17,1,0
2013-02-05 07:00:00,0.0,2.0,0.0,0.0,0.0,0.0,2.0,1.0,0.9659258262890683,-0.25881904510252063,1,0
2013-02-05 08:00:00,44.0,60.0,6.0,30.0,60.0,16.0,216.0,6.0,0.8660254037844387,-0.4999999999999998,1,0
2013-02-05 09:00:00,34.0,4.0,4.0,260.0,90.0,4.0,396.0,6.0,0.7071067811865476,-0.7071067811865475,1,0
2013-02-05 10:00:00,294.0,150.0,6.0,14.0,102.0,16.0,582.0,6.0,0.49999999999999994,-0.8660254037844387,1,0
2013-02-05 11:00:00,0.0,0.0,0.0,2.0,0.0,0.0,2.0,1.0,0.258819045102521,-0.9659258262890682,1,0
2013-02-05 12:00:00,38.0,2.0,34.0,210.0,114.0,26.0,424.0,6.0,1.2246467991473532e-16,-1.0,1,0
2013-02-05 13:00:00,0.0,0.0,0.0,0.0,50.0,0.0,50.0,1.0,-0.2588190451025208,-0.9659258262890683,1,0
2013-02-05 14:00:00,0.0,2.0,6.0,14.0,128.0,18.0,168.0,5.0,-0.4999999999999997,-0.8660254037844388,1,0
2013-02-05 15:00:00,0.0,0.0,6.0,340.0,58.0,0.0,404.0,3.0,-0.7071067811865471,-0.7071067811865479,1,0
2013-02-05 16:00:00,0.0,0.0,0.0,0.0,18.0,0.0,18.0,1.0,-0.8660254037844385,-0.5000000000000004,1,0
2013-02-05 17:00:00,50.0,4.0,4.0,10.0,80.0,12.0,160.0,6.0,-0.9659258262890683,-0.25881904510252063,1,0
2013-02-05 18:00:00,0.0,0.0,0.0,0.0,0.0,0.0,0.0,0.0,-1.0,-1.8369701987210297e-16,1,1
2013-02-05 19:00:00,40.0,60.0,0.0,0.0,58.0,10.0,168.0,4.0,-0.9659258262890684,0.2588190451025203,1,0
2013-02-05 20:00:00,0.0,32.0,0.0,0.0,54.0,0.0,86.0,2.0,-0.8660254037844386,0.5000000000000001,1,0
2013-02-05 21:00:00,0.0,0.0,0.0,0.0,16.0,0.0,16.0,1.0,-0.7071067811865477,0.7071067811865474,1,0
2013-02-05 22:00:00,0.0,0.0,0.0,0.0,36.0,0.0,36.0,1.0,-0.5000000000000004,0.8660254037844384,1,0
2013-02-05 23:00:00,0.0,4.0,14.0,190.0,76.0,0.0,284.0,4.0,-0.25881904510252157,0.9659258262890681,1,0
2013-02-06 00:00:00,132.0,144.0,0.0,0.0,46.0,12.0,334.0,4.0,0.0,1.0,2,0
2013-02-06 01:00:00,0.0,0.0,0.0,0.0,0.0,0.0,0.0,0.0,0.25881904510252074,0.9659258262890683,2,1
2013-02-06 02:00:00,0.0,0.0,0.0,0.0,0.0,0.0,0.0,0.0,0.49999999999999994,0.8660254037844387,2,1
2013-02-06 03:00:00,0.0,0.0,0.0,0.0,0.0,0.0,0.0,0.0,0.7071067811865476,0.7071067811865476,2,1
2013-02-06 04:00:00,0.0,4.0,0.0,0.0,0.0,0.0,4.0,1.0,0.8660254037844386,0.5000000000000001,2,0
2013-02-06 05:00:00,0.0,6.0,0.0,0.0,0.0,0.0,6.0,1.0,0.9659258262890683,0.25881904510252074,2,0
2013-02-06 06:00:00,0.0,6.0,0.0,0.0,0.0,0.0,6.0,1.0,1.0,6.123233995736766e-17,2,0
2013-02-06 07:00:00,0.0,0.0,0.0,0.0,0.0,0.0,0.0,0.0,0.9659258262890683,-0.25881904510252063,2,1
2013-02-06 08:00:00,38.0,64.0,6.0,62.0,42.0,20.0,232.0,6.0,0.8660254037844387,-0.4999999999999998,2,0
2013-02-06 09:00:00,40.0,0.0,10.0,56.0,100.0,2.0,208.0,5.0,0.7071067811865476,-0.7071067811865475,2,0
2013-02-06 10:00:00,0.0,0.0,4.0,114.0,26.0,2.0,146.0,4.0,0.49999999999999994,-0.8660254037844387,2,0
2013-02-06 11:00:00,342.0,388.0,6.0,22.0,84.0,6.0,848.0,6.0,0.258819045102521,-0.9659258262890682,2,0
2013-02-06 12:00:00,30.0,2.0,0.0,0.0,36.0,12.0,80.0,4.0,1.2246467991473532e-16,-1.0,2,0
2013-02-06 13:00:00,0.0,0.0,0.0,0.0,0.0,0.0,0.0,0.0,-0.2588190451025208,-0.9659258262890683,2,1
2013-02-06 14:00:00,132.0,30.0,18.0,36.0,90.0,10.0,316.0,6.0,-0.4999999999999997,-0.8660254037844388,2,0
2013-02-06 15:00:00,0.0,12.0,0.0,0.0,22.0,8.0,42.0,3.0,-0.7071067811865471,-0.7071067811865479,2,0
2013-02-06 16:00:00,0.0,0.0,0.0,2.0,38.0,14.0,54.0,3.0,-0.8660254037844385,-0.5000000000000004,2,0
2013-02-06 17:00:00,52.0,2.0,0.0,0.0,36.0,8.0,98.0,4.0,-0.9659258262890683,-0.25881904510252063,2,0
2013-02-06 18:00:00,0.0,0.0,8.0,174.0,58.0,0.0,240.0,3.0,-1.0,-1.8369701987210297e-16,2,0
2013-02-06 19:00:00,0.0,30.0,0.0,0.0,20.0,12.0,62.0,3.0,-0.9659258262890684,0.2588190451025203,2,0
2013-02-06 20:00:00,0.0,0.0,0.0,0.0,40.0,10.0,50.0,2.0,-0.8660254037844386,0.5000000000000001,2,0
2013-02-06 21:00:00,44.0,188.0,4.0,10.0,52.0,6.0,304.0,6.0,-0.7071067811865477,0.7071067811865474,2,0
2013-02-06 22:00:00,0.0,0.0,0.0,0.0,12.0,0.0,12.0,1.0,-0.5000000000000004,0.8660254037844384,2,0
2013-02-06 23:00:00,22.0,10.0,6.0,38.0,28.0,14.0,118.0,6.0,-0.25881904510252157,0.9659258262890681,2,0
2013-02-07 00:00:00,40.0,36.0,0.0,2.0,0.0,0.0,78.0,3.0,0.0,1.0,3,0
2013-02-07 01:00:00,0.0,4.0,0.0,0.0,0.0,0.0,4.0,1.0,0.25881904510252074,0.9659258262890683,3,0
2013-02-07 02:00:00,0.0,4.0,0.0,0.0,0.0,0.0,4.0,1.0,0.49999999999999994,0.8660254037844387,3,0
2013-02-07 03:00:00,0.0,2.0,0.0,0.0,0.0,0.0,2.0,1.0,0.7071067811865476,0.7071067811865476,3,0
2013-02-07 04:00:00,0.0,2.0,0.0,0.0,0.0,0.0,2.0,1.0,0.8660254037844386,0.5000000000000001,3,0
2013-02-07 05:00:00,0.0,4.0,0.0,0.0,0.0,0.0,4.0,1.0,0.9659258262890683,0.25881904510252074,3,0
2013-02-07 06:00:00,0.0,6.0,0.0,0.0,0.0,0.0,6.0,1.0,1.0,6.123233995736766e-17,3,0
2013-02-07 07:00:00,42.0,44.0,4.0,78.0,54.0,18.0,240.0,6.0,0.9659258262890683,-0.25881904510252063,3,0
2013-02-07 08:00:00,0.0,0.0,0.0,0.0,22.0,0.0,22.0,1.0,0.8660254037844387,-0.4999999999999998,3,0
2013-02-07 09:00:00,0.0,0.0,30.0,318.0,54.0,0.0,402.0,3.0,0.7071067811865476,-0.7071067811865475,3,0
2013-02-07 10:00:00,0.0,0.0,0.0,2.0,40.0,0.0,42.0,2.0,0.49999999999999994,-0.8660254037844387,3,0
2013-02-07 11:00:00,20.0,84.0,0.0,0.0,26.0,32.0,162.0,4.0,0.258819045102521,-0.9659258262890682,3,0
2013-02-07 12:00:00,340.0,156.0,6.0,62.0,46.0,2.0,612.0,6.0,1.2246467991473532e-16,-1.0,3,0
2013-02-07 13:00:00,0.0,0.0,0.0,0.0,12.0,0.0,12.0,1.0,-0.2588190451025208,-0.9659258262890683,3,0
2013-02-07 14:00:00,54.0,4.0,10.0,14.0,40.0,14.0,136.0,6.0,-0.4999999999999997,-0.8660254037844388,3,0
2013-02-07 15:00:00,0.0,0.0,10.0,136.0,68.0,18.0,232.0,4.0,-0.7071067811865471,-0.7071067811865479,3,0
2013-02-07 16:00:00,56.0,4.0,114.0,10.0,122.0,8.0,314.0,6.0,-0.8660254037844385,-0.5000000000000004,3,0
2013-02-07 17:00:00,0.0,0.0,0.0,0.0,66.0,26.0,92.0,2.0,-0.9659258262890683,-0.25881904510252063,3,0
2013-02-07 18:00:00,0.0,0.0,0.0,0.0,0.0,0.0,0.0,0.0,-1.0,-1.8369701987210297e-16,3,1
2013-02-07 19:00:00,0.0,0.0,0.0,0.0,0.0,0.0,0.0,0.0,-0.9659258262890684,0.2588190451025203,3,1
2013-02-07 20:00:00,0.0,0.0,0.0,0.0,54.0,8.0,62.0,2.0,-0.8660254037844386,0.5000000000000001,3,0
2013-02-07 21:00:00,38.0,176.0,6.0,0.0,44.0,4.0,268.0,5.0,-0.7071067811865477,0.7071067811865474,3,0
2013-02-07 22:00:00,0.0,0.0,0.0,0.0,0.0,0.0,0.0,0.0,-0.5000000000000004,0.8660254037844384,3,1
2013-02-07 23:00:00,0.0,0.0,0.0,0.0,4.0,0.0,4.0,1.0,-0.25881904510252157,0.9659258262890681,3,0
2013-02-08 00:00:00,74.0,68.0,4.0,34.0,30.0,8.0,218.0,6.0,0.0,1.0,4,0
2013-02-08 01:00:00,0.0,4.0,0.0,0.0,0.0,0.0,4.0,1.0,0.25881904510252074,0.9659258262890683,4,0
2013-02-08 02:00:00,0.0,4.0,0.0,0.0,0.0,0.0,4.0,1.0,0.49999999999999994,0.8660254037844387,4,0
2013-02-08 03:00:00,0.0,4.0,0.0,0.0,0.0,0.0,4.0,1.0,0.7071067811865476,0.7071067811865476,4,0
2013-02-08 04:00:00,0.0,6.0,0.0,0.0,0.0,0.0,6.0,1.0,0.8660254037844386,0.5000000000000001,4,0
2013-02-08 05:00:00,0.0,4.0,0.0,0.0,0.0,0.0,4.0,1.0,0.9659258262890683,0.25881904510252074,4,0
2013-02-08 06:00:00,0.0,2.0,0.0,2.0,0.0,0.0,4.0,2.0,1.0,6.123233995736766e-17,4,0
2013-02-08 07:00:00,44.0,66.0,2.0,38.0,20.0,16.0,186.0,6.0,0.9659258262890683,-0.25881904510252063,4,0
2013-02-08 08:00:00,0.0,0.0,0.0,0.0,86.0,0.0,86.0,1.0,0.8660254037844387,-0.4999999999999998,4,0
2013-02-08 09:00:00,34.0,0.0,36.0,276.0,82.0,2.0,430.0,5.0,0.7071067811865476,-0.7071067811865475,4,0
2013-02-08 10:00:00,34.0,306.0,2.0,38.0,52.0,4.0,436.0,6.0,0.49999999999999994,-0.8660254037844387,4,0
2013-02-08 11:00:00,2.0,174.0,5.0,2.0,70.0,0.0,253.0,5.0,0.258819045102521,-0.9659258262890682,4,0
2013-02-08 12:00:00,103.0,630.0,15.0,66.0,24.0,8.0,846.0,6.0,1.2246467991473532e-16,-1.0,4,0
2013-02-08 13:00:00,257.0,116.0,0.0,0.0,36.0,0.0,409.0,3.0,-0.2588190451025208,-0.9659258262890683,4,0
2013-02-08 14:00:00,52.0,4.0,8.0,136.0,60.0,28.0,288.0,6.0,-0.4999999999999997,-0.8660254037844388,4,0
2013-02-08 15:00:00,0.0,0.0,2.0,4.0,46.0,0.0,52.0,3.0,-0.7071067811865471,-0.7071067811865479,4,0
2013-02-08 16:00:00,0.0,0.0,2.0,26.0,14.0,0.0,42.0,3.0,-0.8660254037844385,-0.5000000000000004,4,0
2013-02-08 17:00:00,80.0,48.0,0.0,0.0,54.0,8.0,190.0,4.0,-0.9659258262890683,-0.25881904510252063,4,0
2013-02-08 18:00:00,0.0,0.0,0.0,0.0,0.0,0.0,0.0,0.0,-1.0,-1.8369701987210297e-16,4,1
2013-02-08 19:00:00,38.0,18.0,4.0,18.0,38.0,14.0,130.0,6.0,-0.9659258262890684,0.2588190451025203,4,0
2013-02-08 20:00:00,0.0,0.0,0.0,0.0,8.0,0.0,8.0,1.0,-0.8660254037844386,0.5000000000000001,4,0
2013-02-08 21:00:00,0.0,0.0,0.0,0.0,44.0,0.0,44.0,1.0,-0.7071067811865477,0.7071067811865474,4,0
2013-02-08 22:00:00,0.0,0.0,2.0,0.0,14.0,0.0,16.0,2.0,-0.5000000000000004,0.8660254037844384,4,0
2013-02-08 23:00:00,0.0,0.0,0.0,0.0,12.0,0.0,12.0,1.0,-0.25881904510252157,0.9659258262890681,4,0
2013-02-09 00:00:00,0.0,0.0,0.0,0.0,0.0,0.0,0.0,0.0,0.0,1.0,5,1
2013-02-09 01:00:00,78.0,234.0,4.0,62.0,52.0,10.0,440.0,6.0,0.25881904510252074,0.9659258262890683,5,0
2013-02-09 02:00:00,0.0,0.0,0.0,0.0,0.0,0.0,0.0,0.0,0.49999999999999994,0.8660254037844387,5,1
2013-02-09 03:00:00,0.0,0.0,0.0,0.0,0.0,0.0,0.0,0.0,0.7071067811865476,0.7071067811865476,5,1
2013-02-09 04:00:00,0.0,6.0,0.0,0.0,0.0,0.0,6.0,1.0,0.8660254037844386,0.5000000000000001,5,0
2013-02-09 05:00:00,0.0,2.0,0.0,0.0,0.0,0.0,2.0,1.0,0.9659258262890683,0.25881904510252074,5,0
2013-02-09 06:00:00,0.0,4.0,0.0,0.0,0.0,0.0,4.0,1.0,1.0,6.123233995736766e-17,5,0
2013-02-09 07:00:00,0.0,0.0,0.0,0.0,0.0,0.0,0.0,0.0,0.9659258262890683,-0.25881904510252063,5,1
2013-02-09 08:00:00,46.0,46.0,4.0,48.0,66.0,16.0,226.0,6.0,0.8660254037844387,-0.4999999999999998,5,0
2013-02-09 09:00:00,0.0,0.0,0.0,0.0,34.0,0.0,34.0,1.0,0.7071067811865476,-0.7071067811865475,5,0
2013-02-09 10:00:00,0.0,0.0,0.0,0.0,8.0,0.0,8.0,1.0,0.49999999999999994,-0.8660254037844387,5,0
2013-02-09 11:00:00,32.0,0.0,6.0,336.0,86.0,0.0,460.0,4.0,0.258819045102521,-0.9659258262890682,5,0
2013-02-09 12:00:00,0.0,0.0,0.0,0.0,194.0,0.0,194.0,1.0,1.2246467991473532e-16,-1.0,5,0
2013-02-09 13:00:00,318.0,132.0,4.0,94.0,130.0,2.0,680.0,6.0,-0.2588190451025208,-0.9659258262890683,5,0
2013-02-09 14:00:00,0.0,0.0,96.0,0.0,56.0,10.0,162.0,3.0,-0.4999999999999997,-0.8660254037844388,5,0
2013-02-09 15:00:00,0.0,0.0,0.0,0.0,0.0,0.0,0.0,0.0,-0.7071067811865471,-0.7071067811865479,5,1
2013-02-09 16:00:00,56.0,4.0,12.0,66.0,114.0,10.0,262.0,6.0,-0.8660254037844385,-0.5000000000000004,5,0
2013-02-09 17:00:00,0.0,0.0,0.0,0.0,26.0,12.0,38.0,2.0,-0.9659258262890683,-0.25881904510252063,5,0
2013-02-09 18:00:00,0.0,0.0,0.0,0.0,0.0,2.0,2.0,1.0,-1.0,-1.8369701987210297e-16,5,0
2013-02-09 19:00:00,0.0,2.0,0.0,0.0,78.0,10.0,90.0,3.0,-0.9659258262890684,0.2588190451025203,5,0
2013-02-09 20:00:00,0.0,0.0,0.0,0.0,18.0,0.0,18.0,1.0,-0.8660254037844386,0.5000000000000001,5,0
2013-02-09 21:00:00,70.0,124.0,0.0,0.0,74.0,2.0,270.0,4.0,-0.7071067811865477,0.7071067811865474,5,0
2013-02-09 22:00:00,0.0,0.0,6.0,0.0,36.0,0.0,42.0,2.0,-0.5000000000000004,0.8660254037844384,5,0
2013-02-09 23:00:00,0.0,0.0,12.0,72.0,86.0,0.0,170.0,3.0,-0.25881904510252157,0.9659258262890681,5,0
2013-02-10 00:00:00,50.0,64.0,0.0,2.0,30.0,2.0,148.0,5.0,0.0,1.0,6,0
2013-02-10 01:00:00,0.0,0.0,0.0,0.0,0.0,0.0,0.0,0.0,0.25881904510252074,0.9659258262890683,6,1
2013-02-10 02:00:00,0.0,2.0,0.0,0.0,0.0,0.0,2.0,1.0,0.49999999999999994,0.8660254037844387,6,0
2013-02-10 03:00:00,0.0,8.0,0.0,0.0,0.0,0.0,8.0,1.0,0.7071067811865476,0.7071067811865476,6,0
2013-02-10 04:00:00,0.0,2.0,0.0,0.0,0.0,0.0,2.0,1.0,0.8660254037844386,0.5000000000000001,6,0
2013-02-10 05:00:00,0.0,0.0,0.0,0.0,0.0,0.0,0.0,0.0,0.9659258262890683,0.25881904510252074,6,1
2013-02-10 06:00:00,42.0,44.0,8.0,44.0,86.0,14.0,238.0,6.0,1.0,6.123233995736766e-17,6,0
2013-02-10 07:00:00,0.0,0.0,0.0,0.0,70.0,0.0,70.0,1.0,0.9659258262890683,-0.25881904510252063,6,0
2013-02-10 08:00:00,80.0,0.0,4.0,74.0,120.0,0.0,278.0,4.0,0.8660254037844387,-0.4999999999999998,6,0
2013-02-10 09:00:00,340.0,188.0,2.0,20.0,42.0,12.0,604.0,6.0,0.7071067811865476,-0.7071067811865475,6,0
2013-02-10 10:00:00,30.0,4.0,0.0,0.0,18.0,10.0,62.0,4.0,0.49999999999999994,-0.8660254037844387,6,0
2013-02-10 11:00:00,34.0,66.0,0.0,0.0,36.0,14.0,150.0,4.0,0.258819045102521,-0.9659258262890682,6,0
2013-02-10 12:00:00,0.0,0.0,0.0,0.0,0.0,0.0,0.0,0.0,1.2246467991473532e-16,-1.0,6,1
2013-02-10 13:00:00,36.0,26.0,18.0,164.0,68.0,32.0,344.0,6.0,-0.2588190451025208,-0.9659258262890683,6,0
2013-02-10 14:00:00,0.0,0.0,0.0,0.0,48.0,20.0,68.0,2.0,-0.4999999999999997,-0.8660254037844388,6,0
2013-02-10 15:00:00,2.0,482.0,0.0,0.0,48.0,22.0,554.0,4.0,-0.7071067811865471,-0.7071067811865479,6,0
2013-02-10 16:00:00,0.0,0.0,0.0,0.0,6.0,0.0,6.0,1.0,-0.8660254037844385,-0.5000000000000004,6,0
2013-02-10 17:00:00,36.0,12.0,8.0,20.0,44.0,10.0,130.0,6.0,-0.9659258262890683,-0.25881904510252063,6,0
2013-02-10 18:00:00,0.0,0.0,0.0,2.0,0.0,0.0,2.0,1.0,-1.0,-1.8369701987210297e-16,6,0
2013-02-10 19:00:00,0.0,0.0,4.0,10.0,64.0,6.0,84.0,4.0,-0.9659258262890684,0.2588190451025203,6,0
2013-02-10 20:00:00,0.0,0.0,0.0,0.0,8.0,0.0,8.0,1.0,-0.8660254037844386,0.5000000000000001,6,0
2013-02-10 21:00:00,0.0,0.0,0.0,0.0,10.0,0.0,10.0,1.0,-0.7071067811865477,0.7071067811865474,6,0
2013-02-10 22:00:00,0.0,0.0,0.0,0.0,4.0,0.0,4.0,1.0,-0.5000000000000004,0.8660254037844384,6,0
2013-02-10 23:00:00,4.0,116.0,0.0,74.0,130.0,8.0,332.0,5.0,-0.25881904510252157,0.9659258262890681,6,0
2013-02-11 00:00:00,100.0,74.0,0.0,0.0,0.0,0.0,174.0,2.0,0.0,1.0,0,0
2013-02-11 01:00:00,0.0,0.0,0.0,2.0,0.0,0.0,2.0,1.0,0.25881904510252074,0.9659258262890683,0,0
2013-02-11 02:00:00,0.0,0.0,0.0,0.0,0.0,0.0,0.0,0.0,0.49999999999999994,0.8660254037844387,0,1
2013-02-11 03:00:00,0.0,0.0,0.0,0.0,0.0,0.0,0.0,0.0,0.7071067811865476,0.7071067811865476,0,1
2013-02-11 04:00:00,0.0,8.0,0.0,2.0,0.0,0.0,10.0,2.0,0.8660254037844386,0.5000000000000001,0,0
2013-02-11 05:00:00,0.0,0.0,0.0,0.0,0.0,0.0,0.0,0.0,0.9659258262890683,0.25881904510252074,0,1
2013-02-11 06:00:00,0.0,0.0,0.0,0.0,0.0,0.0,0.0,0.0,1.0,6.123233995736766e-17,0,1
2013-02-11 07:00:00,0.0,0.0,0.0,0.0,0.0,0.0,0.0,0.0,0.9659258262890683,-0.25881904510252063,0,1
2013-02-11 08:00:00,48.0,84.0,2.0,8.0,30.0,24.0,196.0,6.0,0.8660254037844387,-0.4999999999999998,0,0
2013-02-11 09:00:00,0.0,0.0,2.0,34.0,48.0,0.0,84.0,3.0,0.7071067811865476,-0.7071067811865475,0,0
2013-02-11 10:00:00,52.0,0.0,4.0,200.0,108.0,0.0,364.0,4.0,0.49999999999999994,-0.8660254037844387,0,0
2013-02-11 11:00:00,0.0,0.0,0.0,0.0,134.0,0.0,134.0,1.0,0.258819045102521,-0.9659258262890682,0,0
2013-02-11 12:00:00,316.0,284.0,108.0,76.0,114.0,6.0,904.0,6.0,1.2246467991473532e-16,-1.0,0,0
2013-02-11 13:00:00,28.0,4.0,84.0,94.0,102.0,22.0,334.0,6.0,-0.2588190451025208,-0.9659258262890683,0,0
2013-02-11 14:00:00,0.0,48.0,16.0,70.0,148.0,36.0,318.0,5.0,-0.4999999999999997,-0.8660254037844388,0,0
2013-02-11 15:00:00,0.0,0.0,0.0,0.0,50.0,6.0,56.0,2.0,-0.7071067811865471,-0.7071067811865479,0,0
2013-02-11 16:00:00,0.0,0.0,6.0,78.0,72.0,10.0,166.0,4.0,-0.8660254037844385,-0.5000000000000004,0,0
2013-02-11 17:00:00,2.0,18.0,0.0,0.0,74.0,12.0,106.0,4.0,-0.9659258262890683,-0.25881904510252063,0,0
2013-02-11 18:00:00,0.0,0.0,0.0,0.0,0.0,0.0,0.0,0.0,-1.0,-1.8369701987210297e-16,0,1
2013-02-11 19:00:00,0.0,0.0,4.0,24.0,34.0,10.0,72.0,4.0,-0.9659258262890684,0.2588190451025203,0,0
2013-02-11 20:00:00,0.0,0.0,0.0,0.0,6.0,0.0,6.0,1.0,-0.8660254037844386,0.5000000000000001,0,0
2013-02-11 21:00:00,0.0,0.0,0.0,4.0,8.0,0.0,12.0,2.0,-0.7071067811865477,0.7071067811865474,0,0
2013-02-11 22:00:00,0.0,0.0,0.0,0.0,22.0,0.0,22.0,1.0,-0.5000000000000004,0.8660254037844384,0,0
2013-02-11 23:00:00,30.0,387.0,10.0,48.0,80.0,10.0,565.0,6.0,-0.25881904510252157,0.9659258262890681,0,0
2013-02-12 00:00:00,118.0,97.0,0.0,0.0,0.0,0.0,215.0,2.0,0.0,1.0,1,0
2013-02-12 01:00:00,0.0,2.0,0.0,0.0,0.0,0.0,2.0,1.0,0.25881904510252074,0.9659258262890683,1,0
2013-02-12 02:00:00,0.0,2.0,0.0,0.0,2.0,2.0,6.0,3.0,0.49999999999999994,0.8660254037844387,1,0
2013-02-12 03:00:00,0.0,4.0,0.0,0.0,0.0,0.0,4.0,1.0,0.7071067811865476,0.7071067811865476,1,0
2013-02-12 04:00:00,0.0,2.0,0.0,0.0,0.0,0.0,2.0,1.0,0.8660254037844386,0.5000000000000001,1,0
2013-02-12 05:00:00,0.0,4.0,0.0,0.0,0.0,0.0,4.0,1.0,0.9659258262890683,0.25881904510252074,1,0
2013-02-12 06:00:00,48.0,88.0,0.0,0.0,28.0,18.0,182.0,4.0,1.0,6.123233995736766e-17,1,0
2013-02-12 07:00:00,0.0,0.0,0.0,0.0,80.0,0.0,80.0,1.0,0.9659258262890683,-0.25881904510252063,1,0
2013-02-12 08:00:00,274.0,160.0,0.0,0.0,60.0,10.0,504.0,4.0,0.8660254037844387,-0.4999999999999998,1,0
2013-02-12 09:00:00,0.0,0.0,0.0,0.0,26.0,6.0,32.0,2.0,0.7071067811865476,-0.7071067811865475,1,0
2013-02-12 10:00:00,50.0,206.0,6.0,54.0,62.0,8.0,386.0,6.0,0.49999999999999994,-0.8660254037844387,1,0
2013-02-12 11:00:00,0.0,0.0,40.0,0.0,70.0,10.0,120.0,3.0,0.258819045102521,-0.9659258262890682,1,0
2013-02-12 12:00:00,0.0,0.0,16.0,218.0,36.0,0.0,270.0,3.0,1.2246467991473532e-16,-1.0,1,0
2013-02-12 13:00:00,0.0,0.0,12.0,106.0,174.0,9.0,301.0,4.0,-0.2588190451025208,-0.9659258262890683,1,0
2013-02-12 14:00:00,0.0,0.0,0.0,0.0,2.0,3.0,5.0,2.0,-0.4999999999999997,-0.8660254037844388,1,0
2013-02-12 15:00:00,0.0,0.0,0.0,0.0,94.0,8.0,102.0,2.0,-0.7071067811865471,-0.7071067811865479,1,0
2013-02-12 16:00:00,78.0,0.0,6.0,68.0,98.0,10.0,260.0,5.0,-0.8660254037844385,-0.5000000000000004,1,0
2013-02-12 17:00:00,0.0,12.0,8.0,54.0,104.0,24.0,202.0,5.0,-0.9659258262890683,-0.25881904510252063,1,0
2013-02-12 18:00:00,0.0,0.0,6.0,180.0,36.0,0.0,222.0,3.0,-1.0,-1.8369701987210297e-16,1,0
2013-02-12 19:00:00,0.0,0.0,0.0,0.0,30.0,0.0,30.0,1.0,-0.9659258262890684,0.2588190451025203,1,0
2013-02-12 20:00:00,0.0,0.0,4.0,68.0,34.0,0.0,106.0,3.0,-0.8660254037844386,0.5000000000000001,1,0
2013-02-12 21:00:00,0.0,0.0,0.0,0.0,24.0,0.0,24.0,1.0,-0.7071067811865477,0.7071067811865474,1,0
2013-02-12 22:00:00,0.0,0.0,0.0,0.0,4.0,0.0,4.0,1.0,-0.5000000000000004,0.8660254037844384,1,0
2013-02-12 23:00:00,2.0,1.0,6.0,10.0,90.0,0.0,109.0,5.0,-0.25881904510252157,0.9659258262890681,1,0
2013-02-13 00:00:00,110.0,247.0,0.0,0.0,22.0,6.0,385.0,4.0,0.0,1.0,2,0
2013-02-13 01:00:00,0.0,2.0,0.0,0.0,0.0,0.0,2.0,1.0,0.25881904510252074,0.9659258262890683,2,0
2013-02-13 02:00:00,0.0,4.0,0.0,0.0,0.0,0.0,4.0,1.0,0.49999999999999994,0.8660254037844387,2,0
2013-02-13 03:00:00,0.0,2.0,0.0,0.0,0.0,0.0,2.0,1.0,0.7071067811865476,0.7071067811865476,2,0
2013-02-13 04:00:00,0.0,0.0,0.0,0.0,2.0,0.0,2.0,1.0,0.8660254037844386,0.5000000000000001,2,0
2013-02-13 05:00:00,0.0,2.0,0.0,0.0,0.0,0.0,2.0,1.0,0.9659258262890683,0.25881904510252074,2,0
2013-02-13 06:00:00,0.0,4.0,0.0,0.0,0.0,0.0,4.0,1.0,1.0,6.123233995736766e-17,2,0
2013-02-13 07:00:00,56.0,66.0,4.0,32.0,42.0,14.0,214.0,6.0,0.9659258262890683,-0.25881904510252063,2,0
2013-02-13 08:00:00,2.0,6.0,0.0,0.0,120.0,0.0,128.0,3.0,0.8660254037844387,-0.4999999999999998,2,0
2013-02-13 09:00:00,246.0,152.0,4.0,158.0,86.0,8.0,654.0,6.0,0.7071067811865476,-0.7071067811865475,2,0
2013-02-13 10:00:00,0.0,0.0,0.0,0.0,0.0,0.0,0.0,0.0,0.49999999999999994,-0.8660254037844387,2,1
2013-02-13 11:00:00,62.0,0.0,0.0,0.0,116.0,10.0,188.0,3.0,0.258819045102521,-0.9659258262890682,2,0
2013-02-13 12:00:00,0.0,0.0,0.0,0.0,34.0,8.0,42.0,2.0,1.2246467991473532e-16,-1.0,2,0
2013-02-13 13:00:00,0.0,0.0,0.0,0.0,0.0,0.0,0.0,0.0,-0.2588190451025208,-0.9659258262890683,2,1
2013-02-13 14:00:00,32.0,0.0,6.0,70.0,162.0,26.0,296.0,5.0,-0.4999999999999997,-0.8660254037844388,2,0
2013-02-13 15:00:00,0.0,0.0,8.0,130.0,82.0,0.0,220.0,3.0,-0.7071067811865471,-0.7071067811865479,2,0
2013-02-13 16:00:00,0.0,0.0,0.0,0.0,4.0,0.0,4.0,1.0,-0.8660254037844385,-0.5000000000000004,2,0
2013-02-13 17:00:00,0.0,0.0,0.0,0.0,28.0,6.0,34.0,2.0,-0.9659258262890683,-0.25881904510252063,2,0
2013-02-13 18:00:00,0.0,0.0,0.0,0.0,0.0,0.0,0.0,0.0,-1.0,-1.8369701987210297e-16,2,1
2013-02-13 19:00:00,0.0,0.0,0.0,0.0,0.0,0.0,0.0,0.0,-0.9659258262890684,0.2588190451025203,2,1
2013-02-13 20:00:00,38.0,0.0,0.0,0.0,56.0,8.0,102.0,3.0,-0.8660254037844386,0.5000000000000001,2,0
2013-02-13 21:00:00,0.0,0.0,0.0,0.0,20.0,0.0,20.0,1.0,-0.7071067811865477,0.7071067811865474,2,0
2013-02-13 22:00:00,0.0,0.0,0.0,0.0,16.0,0.0,16.0,1.0,-0.5000000000000004,0.8660254037844384,2,0
2013-02-13 23:00:00,104.0,124.0,18.0,52.0,112.0,8.0,418.0,6.0,-0.25881904510252157,0.9659258262890681,2,0
2013-02-14 00:00:00,50.0,34.0,0.0,0.0,50.0,2.0,136.0,4.0,0.0,1.0,3,0
2013-02-14 01:00:00,0.0,2.0,0.0,0.0,0.0,0.0,2.0,1.0,0.25881904510252074,0.9659258262890683,3,0
2013-02-14 02:00:00,0.0,2.0,0.0,0.0,0.0,0.0,2.0,1.0,0.49999999999999994,0.8660254037844387,3,0
2013-02-14 03:00:00,0.0,14.0,0.0,0.0,0.0,0.0,14.0,1.0,0.7071067811865476,0.7071067811865476,3,0
2013-02-14 04:00:00,0.0,8.0,0.0,2.0,2.0,0.0,12.0,3.0,0.8660254037844386,0.5000000000000001,3,0
2013-02-14 05:00:00,0.0,0.0,0.0,0.0,0.0,0.0,0.0,0.0,0.9659258262890683,0.25881904510252074,3,1
2013-02-14 06:00:00,0.0,8.0,0.0,0.0,0.0,0.0,8.0,1.0,1.0,6.123233995736766e-17,3,0
2013-02-14 07:00:00,0.0,4.0,0.0,0.0,0.0,0.0,4.0,1.0,0.9659258262890683,-0.25881904510252063,3,0
2013-02-14 08:00:00,42.0,34.0,0.0,0.0,78.0,16.0,170.0,4.0,0.8660254037844387,-0.4999999999999998,3,0
2013-02-14 09:00:00,224.0,242.0,6.0,38.0,70.0,10.0,590.0,6.0,0.7071067811865476,-0.7071067811865475,3,0
2013-02-14 10:00:00,0.0,0.0,0.0,0.0,0.0,0.0,0.0,0.0,0.49999999999999994,-0.8660254037844387,3,1
2013-02-14 11:00:00,0.0,0.0,2.0,218.0,98.0,10.0,328.0,4.0,0.258819045102521,-0.9659258262890682,3,0
2013-02-14 12:00:00,0.0,0.0,0.0,0.0,82.0,0.0,82.0,1.0,1.2246467991473532e-16,-1.0,3,0
2013-02-14 13:00:00,56.0,0.0,6.0,48.0,112.0,8.0,230.0,5.0,-0.2588190451025208,-0.9659258262890683,3,0
2013-02-14 14:00:00,0.0,0.0,0.0,0.0,0.0,0.0,0.0,0.0,-0.4999999999999997,-0.8660254037844388,3,1
2013-02-14 15:00:00,22.0,0.0,0.0,0.0,88.0,26.0,136.0,3.0,-0.7071067811865471,-0.7071067811865479,3,0
2013-02-14 16:00:00,0.0,0.0,0.0,0.0,28.0,0.0,28.0,1.0,-0.8660254037844385,-0.5000000000000004,3,0
2013-02-14 17:00:00,126.0,36.0,2.0,10.0,62.0,8.0,244.0,6.0,-0.9659258262890683,-0.25881904510252063,3,0
2013-02-14 18:00:00,0.0,0.0,2.0,2.0,0.0,0.0,4.0,2.0,-1.0,-1.8369701987210297e-16,3,0
2013-02-14 19:00:00,16.0,0.0,0.0,0.0,76.0,10.0,102.0,3.0,-0.9659258262890684,0.2588190451025203,3,0
2013-02-14 20:00:00,0.0,0.0,0.0,2.0,36.0,0.0,38.0,2.0,-0.8660254037844386,0.5000000000000001,3,0
2013-02-14 21:00:00,0.0,0.0,0.0,0.0,14.0,0.0,14.0,1.0,-0.7071067811865477,0.7071067811865474,3,0
2013-02-14 22:00:00,0.0,0.0,0.0,0.0,0.0,0.0,0.0,0.0,-0.5000000000000004,0.8660254037844384,3,1
2013-02-14 23:00:00,2.0,0.0,0.0,0.0,22.0,2.0,26.0,3.0,-0.25881904510252157,0.9659258262890681,3,0
2013-02-15 00:00:00,28.0,164.0,6.0,50.0,34.0,4.0,286.0,6.0,0.0,1.0,4,0
2013-02-15 01:00:00,0.0,2.0,0.0,0.0,0.0,0.0,2.0,1.0,0.25881904510252074,0.9659258262890683,4,0
2013-02-15 02:00:00,0.0,2.0,0.0,0.0,0.0,0.0,2.0,1.0,0.49999999999999994,0.8660254037844387,4,0
2013-02-15 03:00:00,0.0,2.0,0.0,2.0,0.0,0.0,4.0,2.0,0.7071067811865476,0.7071067811865476,4,0
2013-02-15 04:00:00,0.0,0.0,0.0,0.0,0.0,0.0,0.0,0.0,0.8660254037844386,0.5000000000000001,4,1
2013-02-15 05:00:00,0.0,4.0,0.0,0.0,0.0,0.0,4.0,1.0,0.9659258262890683,0.25881904510252074,4,0
2013-02-15 06:00:00,0.0,2.0,0.0,2.0,0.0,0.0,4.0,2.0,1.0,6.123233995736766e-17,4,0
2013-02-15 07:00:00,0.0,12.0,0.0,0.0,0.0,0.0,12.0,1.0,0.9659258262890683,-0.25881904510252063,4,0
2013-02-15 08:00:00,96.0,34.0,8.0,58.0,106.0,16.0,318.0,6.0,0.8660254037844387,-0.4999999999999998,4,0
2013-02-15 09:00:00,0.0,0.0,2.0,192.0,80.0,0.0,274.0,3.0,0.7071067811865476,-0.7071067811865475,4,0
2013-02-15 10:00:00,0.0,0.0,2.0,54.0,86.0,0.0,142.0,3.0,0.49999999999999994,-0.8660254037844387,4,0
2013-02-15 11:00:00,132.0,156.0,0.0,0.0,44.0,0.0,332.0,3.0,0.258819045102521,-0.9659258262890682,4,0
2013-02-15 12:00:00,182.0,94.0,6.0,24.0,70.0,14.0,390.0,6.0,1.2246467991473532e-16,-1.0,4,0
2013-02-15 13:00:00,0.0,0.0,0.0,0.0,2.0,0.0,2.0,1.0,-0.2588190451025208,-0.9659258262890683,4,0
2013-02-15 14:00:00,84.0,0.0,26.0,172.0,84.0,22.0,388.0,5.0,-0.4999999999999997,-0.8660254037844388,4,0
2013-02-15 15:00:00,0.0,0.0,0.0,0.0,44.0,20.0,64.0,2.0,-0.7071067811865471,-0.7071067811865479,4,0
2013-02-15 16:00:00,0.0,0.0,4.0,32.0,16.0,4.0,56.0,4.0,-0.8660254037844385,-0.5000000000000004,4,0
2013-02-15 17:00:00,42.0,96.0,8.0,72.0,80.0,8.0,306.0,6.0,-0.9659258262890683,-0.25881904510252063,4,0
2013-02-15 18:00:00,0.0,0.0,0.0,0.0,0.0,0.0,0.0,0.0,-1.0,-1.8369701987210297e-16,4,1
2013-02-15 19:00:00,38.0,0.0,0.0,0.0,30.0,6.0,74.0,3.0,-0.9659258262890684,0.2588190451025203,4,0
2013-02-15 20:00:00,32.0,0.0,0.0,0.0,126.0,4.0,162.0,3.0,-0.8660254037844386,0.5000000000000001,4,0
2013-02-15 21:00:00,30.0,154.0,0.0,0.0,144.0,2.0,330.0,4.0,-0.7071067811865477,0.7071067811865474,4,0
2013-02-15 22:00:00,0.0,0.0,0.0,0.0,128.0,0.0,128.0,1.0,-0.5000000000000004,0.8660254037844384,4,0
2013-02-15 23:00:00,0.0,0.0,4.0,78.0,114.0,0.0,196.0,3.0,-0.25881904510252157,0.9659258262890681,4,0
2013-02-16 00:00:00,56.0,32.0,0.0,0.0,14.0,8.0,110.0,4.0,0.0,1.0,5,0
2013-02-16 01:00:00,0.0,6.0,0.0,2.0,0.0,0.0,8.0,2.0,0.25881904510252074,0.9659258262890683,5,0
2013-02-16 02:00:00,0.0,0.0,0.0,0.0,0.0,2.0,2.0,1.0,0.49999999999999994,0.8660254037844387,5,0
2013-02-16 03:00:00,0.0,0.0,0.0,2.0,0.0,0.0,2.0,1.0,0.7071067811865476,0.7071067811865476,5,0
2013-02-16 04:00:00,44.0,88.0,0.0,0.0,0.0,0.0,132.0,2.0,0.8660254037844386,0.5000000000000001,5,0
2013-02-16 05:00:00,0.0,6.0,0.0,0.0,0.0,0.0,6.0,1.0,0.9659258262890683,0.25881904510252074,5,0
2013-02-16 06:00:00,0.0,2.0,0.0,0.0,0.0,0.0,2.0,1.0,1.0,6.123233995736766e-17,5,0
2013-02-16 07:00:00,0.0,10.0,0.0,0.0,0.0,0.0,10.0,1.0,0.9659258262890683,-0.25881904510252063,5,0
2013-02-16 08:00:00,46.0,44.0,4.0,30.0,22.0,16.0,162.0,6.0,0.8660254037844387,-0.4999999999999998,5,0
2013-02-16 09:00:00,0.0,0.0,0.0,0.0,80.0,0.0,80.0,1.0,0.7071067811865476,-0.7071067811865475,5,0
2013-02-16 10:00:00,184.0,142.0,6.0,260.0,98.0,14.0,704.0,6.0,0.49999999999999994,-0.8660254037844387,5,0
2013-02-16 11:00:00,0.0,0.0,0.0,0.0,0.0,0.0,0.0,0.0,0.258819045102521,-0.9659258262890682,5,1
2013-02-16 12:00:00,34.0,4.0,0.0,134.0,102.0,16.0,290.0,5.0,1.2246467991473532e-16,-1.0,5,0
2013-02-16 13:00:00,38.0,158.0,4.0,66.0,118.0,10.0,394.0,6.0,-0.2588190451025208,-0.9659258262890683,5,0
2013-02-16 14:00:00,0.0,0.0,0.0,0.0,0.0,0.0,0.0,0.0,-0.4999999999999997,-0.8660254037844388,5,1
2013-02-16 15:00:00,40.0,0.0,0.0,0.0,68.0,10.0,118.0,3.0,-0.7071067811865471,-0.7071067811865479,5,0
2013-02-16 16:00:00,70.0,116.0,6.0,46.0,112.0,30.0,380.0,6.0,-0.8660254037844385,-0.5000000000000004,5,0
2013-02-16 17:00:00,0.0,0.0,0.0,0.0,88.0,8.0,96.0,2.0,-0.9659258262890683,-0.25881904510252063,5,0
2013-02-16 18:00:00,0.0,0.0,4.0,346.0,82.0,18.0,450.0,4.0,-1.0,-1.8369701987210297e-16,5,0
2013-02-16 19:00:00,0.0,0.0,28.0,434.0,56.0,14.0,532.0,4.0,-0.9659258262890684,0.2588190451025203,5,0
2013-02-16 20:00:00,0.0,0.0,4.0,76.0,128.0,16.0,224.0,4.0,-0.8660254037844386,0.5000000000000001,5,0
2013-02-16 21:00:00,0.0,0.0,0.0,0.0,172.0,0.0,172.0,1.0,-0.7071067811865477,0.7071067811865474,5,0
2013-02-16 22:00:00,0.0,0.0,0.0,0.0,42.0,0.0,42.0,1.0,-0.5000000000000004,0.8660254037844384,5,0
2013-02-16 23:00:00,73.0,98.0,4.0,24.0,192.0,4.0,395.0,6.0,-0.25881904510252157,0.9659258262890681,5,0
2013-02-17 00:00:00,57.0,86.0,0.0,0.0,0.0,0.0,143.0,2.0,0.0,1.0,6,0
2013-02-17 01:00:00,0.0,2.0,0.0,0.0,0.0,2.0,4.0,2.0,0.25881904510252074,0.9659258262890683,6,0
2013-02-17 02:00:00,0.0,2.0,0.0,0.0,0.0,0.0,2.0,1.0,0.49999999999999994,0.8660254037844387,6,0
2013-02-17 03:00:00,0.0,0.0,0.0,0.0,0.0,0.0,0.0,0.0,0.7071067811865476,0.7071067811865476,6,1
2013-02-17 04:00:00,0.0,4.0,0.0,0.0,0.0,0.0,4.0,1.0,0.8660254037844386,0.5000000000000001,6,0
2013-02-17 05:00:00,48.0,98.0,4.0,46.0,86.0,16.0,298.0,6.0,0.9659258262890683,0.25881904510252074,6,0
2013-02-17 06:00:00,0.0,0.0,0.0,0.0,126.0,0.0,126.0,1.0,1.0,6.123233995736766e-17,6,0
2013-02-17 07:00:00,128.0,0.0,10.0,246.0,92.0,0.0,476.0,4.0,0.9659258262890683,-0.25881904510252063,6,0
2013-02-17 08:00:00,0.0,0.0,0.0,0.0,18.0,0.0,18.0,1.0,0.8660254037844387,-0.4999999999999998,6,0
2013-02-17 09:00:00,0.0,0.0,0.0,0.0,0.0,0.0,0.0,0.0,0.7071067811865476,-0.7071067811865475,6,1
2013-02-17 10:00:00,0.0,0.0,0.0,0.0,2.0,0.0,2.0,1.0,0.49999999999999994,-0.8660254037844387,6,0
2013-02-17 11:00:00,66.0,120.0,4.0,86.0,40.0,0.0,316.0,5.0,0.258819045102521,-0.9659258262890682,6,0
2013-02-17 12:00:00,0.0,0.0,0.0,0.0,72.0,0.0,72.0,1.0,1.2246467991473532e-16,-1.0,6,0
2013-02-17 13:00:00,280.0,372.0,0.0,0.0,78.0,2.0,732.0,4.0,-0.2588190451025208,-0.9659258262890683,6,0
2013-02-17 14:00:00,24.0,302.0,40.0,250.0,126.0,22.0,764.0,6.0,-0.4999999999999997,-0.8660254037844388,6,0
2013-02-17 15:00:00,74.0,8.0,8.0,96.0,94.0,24.0,304.0,6.0,-0.7071067811865471,-0.7071067811865479,6,0
2013-02-17 16:00:00,0.0,0.0,0.0,0.0,20.0,0.0,20.0,1.0,-0.8660254037844385,-0.5000000000000004,6,0
2013-02-17 17:00:00,0.0,0.0,0.0,0.0,26.0,8.0,34.0,2.0,-0.9659258262890683,-0.25881904510252063,6,0
2013-02-17 18:00:00,0.0,0.0,0.0,0.0,0.0,0.0,0.0,0.0,-1.0,-1.8369701987210297e-16,6,1
2013-02-17 19:00:00,42.0,4.0,0.0,2.0,28.0,8.0,84.0,5.0,-0.9659258262890684,0.2588190451025203,6,0
2013-02-17 20:00:00,0.0,0.0,0.0,2.0,8.0,0.0,10.0,2.0,-0.8660254037844386,0.5000000000000001,6,0
2013-02-17 21:00:00,0.0,2.0,4.0,108.0,44.0,0.0,158.0,4.0,-0.7071067811865477,0.7071067811865474,6,0
2013-02-17 22:00:00,0.0,0.0,0.0,0.0,18.0,0.0,18.0,1.0,-0.5000000000000004,0.8660254037844384,6,0
2013-02-17 23:00:00,0.0,0.0,0.0,0.0,16.0,0.0,16.0,1.0,-0.25881904510252157,0.9659258262890681,6,0
2013-02-18 00:00:00,108.0,290.0,0.0,0.0,40.0,6.0,444.0,4.0,0.0,1.0,0,0
2013-02-18 01:00:00,0.0,0.0,0.0,0.0,0.0,0.0,0.0,0.0,0.25881904510252074,0.9659258262890683,0,1
2013-02-18 02:00:00,0.0,0.0,0.0,0.0,0.0,0.0,0.0,0.0,0.49999999999999994,0.8660254037844387,0,1
2013-02-18 03:00:00,0.0,6.0,0.0,0.0,0.0,0.0,6.0,1.0,0.7071067811865476,0.7071067811865476,0,0
2013-02-18 04:00:00,0.0,0.0,0.0,0.0,0.0,0.0,0.0,0.0,0.8660254037844386,0.5000000000000001,0,1
2013-02-18 05:00:00,0.0,2.0,0.0,0.0,0.0,0.0,2.0,1.0,0.9659258262890683,0.25881904510252074,0,0
2013-02-18 06:00:00,0.0,8.0,0.0,0.0,0.0,0.0,8.0,1.0,1.0,6.123233995736766e-17,0,0
2013-02-18 07:00:00,46.0,74.0,4.0,42.0,90.0,18.0,274.0,6.0,0.9659258262890683,-0.25881904510252063,0,0
2013-02-18 08:00:00,38.0,2.0,8.0,212.0,100.0,2.0,362.0,6.0,0.8660254037844387,-0.4999999999999998,0,0
2013-02-18 09:00:00,38.0,6.0,0.0,107.0,110.0,2.0,263.0,5.0,0.7071067811865476,-0.7071067811865475,0,0
2013-02-18 10:00:00,0.0,0.0,44.0,45.0,140.0,0.0,229.0,3.0,0.49999999999999994,-0.8660254037844387,0,0
2013-02-18 11:00:00,78.0,152.0,4.0,48.0,60.0,24.0,366.0,6.0,0.258819045102521,-0.9659258262890682,0,0
2013-02-18 12:00:00,28.0,4.0,2.0,6.0,102.0,8.0,150.0,6.0,1.2246467991473532e-16,-1.0,0,0
2013-02-18 13:00:00,44.0,6.0,8.0,66.0,56.0,12.0,192.0,6.0,-0.2588190451025208,-0.9659258262890683,0,0
2013-02-18 14:00:00,0.0,0.0,0.0,0.0,16.0,0.0,16.0,1.0,-0.4999999999999997,-0.8660254037844388,0,0
2013-02-18 15:00:00,0.0,0.0,0.0,4.0,8.0,0.0,12.0,2.0,-0.7071067811865471,-0.7071067811865479,0,0
2013-02-18 16:00:00,28.0,6.0,6.0,18.0,56.0,4.0,118.0,6.0,-0.8660254037844385,-0.5000000000000004,0,0
2013-02-18 17:00:00,0.0,0.0,0.0,0.0,10.0,0.0,10.0,1.0,-0.9659258262890683,-0.25881904510252063,0,0
2013-02-18 18:00:00,42.0,26.0,4.0,214.0,82.0,2.0,370.0,6.0,-1.0,-1.8369701987210297e-16,0,0
2013-02-18 19:00:00,0.0,0.0,0.0,0.0,0.0,0.0,0.0,0.0,-0.9659258262890684,0.2588190451025203,0,1
2013-02-18 20:00:00,0.0,0.0,0.0,63.0,26.0,0.0,89.0,2.0,-0.8660254037844386,0.5000000000000001,0,0
2013-02-18 21:00:00,26.0,0.0,2.0,69.0,42.0,0.0,139.0,4.0,-0.7071067811865477,0.7071067811865474,0,0
2013-02-18 22:00:00,0.0,0.0,0.0,0.0,24.0,0.0,24.0,1.0,-0.5000000000000004,0.8660254037844384,0,0
2013-02-18 23:00:00,0.0,0.0,0.0,0.0,20.0,0.0,20.0,1.0,-0.25881904510252157,0.9659258262890681,0,0
2013-02-19 00:00:00,78.0,150.0,0.0,0.0,70.0,2.0,300.0,4.0,0.0,1.0,1,0
2013-02-19 01:00:00,0.0,0.0,0.0,0.0,2.0,0.0,2.0,1.0,0.25881904510252074,0.9659258262890683,1,0
2013-02-19 02:00:00,0.0,0.0,0.0,0.0,0.0,0.0,0.0,0.0,0.49999999999999994,0.8660254037844387,1,1
2013-02-19 03:00:00,0.0,4.0,0.0,2.0,0.0,0.0,6.0,2.0,0.7071067811865476,0.7071067811865476,1,0
2013-02-19 04:00:00,0.0,0.0,0.0,0.0,0.0,0.0,0.0,0.0,0.8660254037844386,0.5000000000000001,1,1
2013-02-19 05:00:00,0.0,8.0,0.0,0.0,0.0,0.0,8.0,1.0,0.9659258262890683,0.25881904510252074,1,0
2013-02-19 06:00:00,0.0,4.0,0.0,0.0,0.0,0.0,4.0,1.0,1.0,6.123233995736766e-17,1,0
2013-02-19 07:00:00,86.0,80.0,6.0,38.0,76.0,14.0,300.0,6.0,0.9659258262890683,-0.25881904510252063,1,0
2013-02-19 08:00:00,30.0,4.0,2.0,226.0,98.0,2.0,362.0,6.0,0.8660254037844387,-0.4999999999999998,1,0
2013-02-19 09:00:00,0.0,0.0,0.0,0.0,64.0,0.0,64.0,1.0,0.7071067811865476,-0.7071067811865475,1,0
2013-02-19 10:00:00,294.0,294.0,4.0,26.0,52.0,2.0,672.0,6.0,0.49999999999999994,-0.8660254037844387,1,0
2013-02-19 11:00:00,32.0,6.0,4.0,62.0,52.0,16.0,172.0,6.0,0.258819045102521,-0.9659258262890682,1,0
2013-02-19 12:00:00,0.0,0.0,0.0,0.0,16.0,0.0,16.0,1.0,1.2246467991473532e-16,-1.0,1,0
2013-02-19 13:00:00,22.0,4.0,12.0,296.0,88.0,4.0,426.0,6.0,-0.2588190451025208,-0.9659258262890683,1,0
2013-02-19 14:00:00,0.0,0.0,0.0,0.0,12.0,0.0,12.0,1.0,-0.4999999999999997,-0.8660254037844388,1,0
2013-02-19 15:00:00,0.0,0.0,0.0,0.0,0.0,0.0,0.0,0.0,-0.7071067811865471,-0.7071067811865479,1,1
2013-02-19 16:00:00,24.0,58.0,0.0,0.0,60.0,14.0,156.0,4.0,-0.8660254037844385,-0.5000000000000004,1,0
2013-02-19 17:00:00,0.0,0.0,140.0,28.0,50.0,8.0,226.0,4.0,-0.9659258262890683,-0.25881904510252063,1,0
2013-02-19 18:00:00,0.0,0.0,0.0,0.0,0.0,0.0,0.0,0.0,-1.0,-1.8369701987210297e-16,1,1
2013-02-19 19:00:00,36.0,8.0,0.0,0.0,24.0,12.0,80.0,4.0,-0.9659258262890684,0.2588190451025203,1,0
2013-02-19 20:00:00,0.0,0.0,0.0,0.0,12.0,0.0,12.0,1.0,-0.8660254037844386,0.5000000000000001,1,0
2013-02-19 21:00:00,0.0,0.0,4.0,112.0,20.0,0.0,136.0,3.0,-0.7071067811865477,0.7071067811865474,1,0
2013-02-19 22:00:00,0.0,0.0,0.0,0.0,10.0,0.0,10.0,1.0,-0.5000000000000004,0.8660254037844384,1,0
2013-02-19 23:00:00,78.0,123.0,18.0,6.0,116.0,6.0,347.0,6.0,-0.25881904510252157,0.9659258262890681,1,0
2013-02-20 00:00:00,30.0,99.0,0.0,0.0,0.0,2.0,131.0,3.0,0.0,1.0,2,0
2013-02-20 01:00:00,0.0,2.0,0.0,2.0,0.0,0.0,4.0,2.0,0.25881904510252074,0.9659258262890683,2,0
2013-02-20 02:00:00,0.0,0.0,0.0,0.0,0.0,0.0,0.0,0.0,0.49999999999999994,0.8660254037844387,2,1
2013-02-20 03:00:00,0.0,0.0,0.0,0.0,0.0,0.0,0.0,0.0,0.7071067811865476,0.7071067811865476,2,1
2013-02-20 04:00:00,0.0,0.0,0.0,0.0,0.0,0.0,0.0,0.0,0.8660254037844386,0.5000000000000001,2,1
2013-02-20 05:00:00,0.0,0.0,0.0,0.0,0.0,0.0,0.0,0.0,0.9659258262890683,0.25881904510252074,2,1
2013-02-20 06:00:00,0.0,27.0,0.0,0.0,0.0,0.0,27.0,1.0,1.0,6.123233995736766e-17,2,0
2013-02-20 07:00:00,48.0,77.0,4.0,42.0,116.0,18.0,305.0,6.0,0.9659258262890683,-0.25881904510252063,2,0
2013-02-20 08:00:00,0.0,0.0,4.0,278.0,102.0,0.0,384.0,3.0,0.8660254037844387,-0.4999999999999998,2,0
2013-02-20 09:00:00,0.0,0.0,0.0,0.0,8.0,0.0,8.0,1.0,0.7071067811865476,-0.7071067811865475,2,0
2013-02-20 10:00:00,264.0,222.0,4.0,46.0,44.0,2.0,582.0,6.0,0.49999999999999994,-0.8660254037844387,2,0
2013-02-20 11:00:00,20.0,14.0,0.0,2.0,94.0,24.0,154.0,5.0,0.258819045102521,-0.9659258262890682,2,0
2013-02-20 12:00:00,42.0,4.0,0.0,0.0,30.0,14.0,90.0,4.0,1.2246467991473532e-16,-1.0,2,0
2013-02-20 13:00:00,22.0,0.0,0.0,0.0,6.0,8.0,36.0,3.0,-0.2588190451025208,-0.9659258262890683,2,0
2013-02-20 14:00:00,14.0,4.0,6.0,134.0,50.0,0.0,208.0,5.0,-0.4999999999999997,-0.8660254037844388,2,0
2013-02-20 15:00:00,0.0,0.0,6.0,60.0,22.0,6.0,94.0,4.0,-0.7071067811865471,-0.7071067811865479,2,0
2013-02-20 16:00:00,14.0,0.0,0.0,0.0,2.0,8.0,24.0,3.0,-0.8660254037844385,-0.5000000000000004,2,0
2013-02-20 17:00:00,124.0,48.0,0.0,0.0,60.0,10.0,242.0,4.0,-0.9659258262890683,-0.25881904510252063,2,0
2013-02-20 18:00:00,0.0,0.0,0.0,0.0,0.0,0.0,0.0,0.0,-1.0,-1.8369701987210297e-16,2,1
2013-02-20 19:00:00,0.0,0.0,0.0,0.0,20.0,6.0,26.0,2.0,-0.9659258262890684,0.2588190451025203,2,0
2013-02-20 20:00:00,0.0,0.0,0.0,0.0,2.0,0.0,2.0,1.0,-0.8660254037844386,0.5000000000000001,2,0
2013-02-20 21:00:00,0.0,0.0,0.0,0.0,52.0,0.0,52.0,1.0,-0.7071067811865477,0.7071067811865474,2,0
2013-02-20 22:00:00,0.0,0.0,0.0,0.0,60.0,0.0,60.0,1.0,-0.5000000000000004,0.8660254037844384,2,0
2013-02-20 23:00:00,0.0,0.0,0.0,2.0,0.0,0.0,2.0,1.0,-0.25881904510252157,0.9659258262890681,2,0
2013-02-21 00:00:00,81.0,136.0,10.0,102.0,98.0,12.0,439.0,6.0,0.0,1.0,3,0
2013-02-21 01:00:00,11.0,88.0,0.0,0.0,0.0,0.0,99.0,2.0,0.25881904510252074,0.9659258262890683,3,0
2013-02-21 02:00:00,0.0,0.0,0.0,0.0,0.0,0.0,0.0,0.0,0.49999999999999994,0.8660254037844387,3,1
2013-02-21 03:00:00,0.0,0.0,0.0,0.0,0.0,0.0,0.0,0.0,0.7071067811865476,0.7071067811865476,3,1
2013-02-21 04:00:00,0.0,0.0,0.0,0.0,0.0,0.0,0.0,0.0,0.8660254037844386,0.5000000000000001,3,1
2013-02-21 05:00:00,0.0,4.0,0.0,0.0,0.0,0.0,4.0,1.0,0.9659258262890683,0.25881904510252074,3,0
2013-02-21 06:00:00,0.0,4.0,0.0,0.0,2.0,0.0,6.0,2.0,1.0,6.123233995736766e-17,3,0
2013-02-21 07:00:00,0.0,14.0,0.0,0.0,0.0,0.0,14.0,1.0,0.9659258262890683,-0.25881904510252063,3,0
2013-02-21 08:00:00,36.0,82.0,4.0,60.0,78.0,14.0,274.0,6.0,0.8660254037844387,-0.4999999999999998,3,0
2013-02-21 09:00:00,0.0,0.0,2.0,206.0,70.0,0.0,278.0,3.0,0.7071067811865476,-0.7071067811865475,3,0
2013-02-21 10:00:00,46.0,0.0,12.0,98.0,94.0,0.0,250.0,4.0,0.49999999999999994,-0.8660254037844387,3,0
2013-02-21 11:00:00,0.0,0.0,0.0,0.0,6.0,0.0,6.0,1.0,0.258819045102521,-0.9659258262890682,3,0
2013-02-21 12:00:00,0.0,0.0,0.0,0.0,32.0,0.0,32.0,1.0,1.2246467991473532e-16,-1.0,3,0
2013-02-21 13:00:00,324.0,300.0,4.0,134.0,54.0,4.0,820.0,6.0,-0.2588190451025208,-0.9659258262890683,3,0
2013-02-21 14:00:00,0.0,0.0,0.0,0.0,12.0,0.0,12.0,1.0,-0.4999999999999997,-0.8660254037844388,3,0
2013-02-21 15:00:00,58.0,0.0,0.0,0.0,52.0,10.0,120.0,3.0,-0.7071067811865471,-0.7071067811865479,3,0
2013-02-21 16:00:00,0.0,2.0,8.0,102.0,60.0,8.0,180.0,5.0,-0.8660254037844385,-0.5000000000000004,3,0
2013-02-21 17:00:00,0.0,0.0,0.0,4.0,50.0,8.0,62.0,3.0,-0.9659258262890683,-0.25881904510252063,3,0
2013-02-21 18:00:00,0.0,0.0,0.0,0.0,0.0,0.0,0.0,0.0,-1.0,-1.8369701987210297e-16,3,1
2013-02-21 19:00:00,0.0,0.0,4.0,30.0,96.0,6.0,136.0,4.0,-0.9659258262890684,0.2588190451025203,3,0
2013-02-21 20:00:00,0.0,0.0,0.0,0.0,10.0,0.0,10.0,1.0,-0.8660254037844386,0.5000000000000001,3,0
2013-02-21 21:00:00,2.0,28.0,0.0,0.0,70.0,4.0,104.0,4.0,-0.7071067811865477,0.7071067811865474,3,0
2013-02-21 22:00:00,0.0,0.0,6.0,234.0,38.0,0.0,278.0,3.0,-0.5000000000000004,0.8660254037844384,3,0
2013-02-21 23:00:00,0.0,0.0,2.0,20.0,18.0,0.0,40.0,3.0,-0.25881904510252157,0.9659258262890681,3,0
2013-02-22 00:00:00,86.0,216.0,6.0,34.0,56.0,20.0,418.0,6.0,0.0,1.0,4,0
2013-02-22 01:00:00,0.0,0.0,0.0,0.0,0.0,0.0,0.0,0.0,0.25881904510252074,0.9659258262890683,4,1
2013-02-22 02:00:00,0.0,0.0,0.0,0.0,0.0,0.0,0.0,0.0,0.49999999999999994,0.8660254037844387,4,1
2013-02-22 03:00:00,0.0,2.0,0.0,0.0,0.0,0.0,2.0,1.0,0.7071067811865476,0.7071067811865476,4,0
2013-02-22 04:00:00,0.0,2.0,0.0,0.0,0.0,0.0,2.0,1.0,0.8660254037844386,0.5000000000000001,4,0
2013-02-22 05:00:00,0.0,2.0,0.0,0.0,0.0,0.0,2.0,1.0,0.9659258262890683,0.25881904510252074,4,0
2013-02-22 06:00:00,0.0,4.0,0.0,0.0,0.0,0.0,4.0,1.0,1.0,6.123233995736766e-17,4,0
2013-02-22 07:00:00,0.0,4.0,0.0,0.0,0.0,0.0,4.0,1.0,0.9659258262890683,-0.25881904510252063,4,0
2013-02-22 08:00:00,36.0,42.0,4.0,64.0,30.0,18.0,194.0,6.0,0.8660254037844387,-0.4999999999999998,4,0
2013-02-22 09:00:00,0.0,0.0,0.0,0.0,78.0,0.0,78.0,1.0,0.7071067811865476,-0.7071067811865475,4,0
2013-02-22 10:00:00,30.0,0.0,8.0,198.0,94.0,0.0,330.0,4.0,0.49999999999999994,-0.8660254037844387,4,0
2013-02-22 11:00:00,0.0,0.0,0.0,0.0,26.0,0.0,26.0,1.0,0.258819045102521,-0.9659258262890682,4,0
2013-02-22 12:00:00,234.0,172.0,10.0,56.0,60.0,0.0,532.0,5.0,1.2246467991473532e-16,-1.0,4,0
2013-02-22 13:00:00,100.0,138.0,10.0,72.0,114.0,42.0,476.0,6.0,-0.2588190451025208,-0.9659258262890683,4,0
2013-02-22 14:00:00,0.0,0.0,0.0,0.0,166.0,20.0,186.0,2.0,-0.4999999999999997,-0.8660254037844388,4,0
2013-02-22 15:00:00,0.0,0.0,0.0,0.0,38.0,6.0,44.0,2.0,-0.7071067811865471,-0.7071067811865479,4,0
2013-02-22 16:00:00,0.0,0.0,0.0,0.0,48.0,10.0,58.0,2.0,-0.8660254037844385,-0.5000000000000004,4,0
2013-02-22 17:00:00,64.0,12.0,0.0,0.0,144.0,30.0,250.0,4.0,-0.9659258262890683,-0.25881904510252063,4,0
2013-02-22 18:00:00,0.0,0.0,0.0,0.0,60.0,12.0,72.0,2.0,-1.0,-1.8369701987210297e-16,4,0
2013-02-22 19:00:00,0.0,0.0,0.0,0.0,24.0,0.0,24.0,1.0,-0.9659258262890684,0.2588190451025203,4,0
2013-02-22 20:00:00,0.0,0.0,0.0,0.0,8.0,0.0,8.0,1.0,-0.8660254037844386,0.5000000000000001,4,0
2013-02-22 21:00:00,0.0,0.0,0.0,0.0,0.0,0.0,0.0,0.0,-0.7071067811865477,0.7071067811865474,4,1
2013-02-22 22:00:00,0.0,0.0,0.0,0.0,0.0,0.0,0.0,0.0,-0.5000000000000004,0.8660254037844384,4,1
2013-02-22 23:00:00,4.0,0.0,2.0,78.0,96.0,6.0,186.0,5.0,-0.25881904510252157,0.9659258262890681,4,0
2013-02-23 00:00:00,0.0,0.0,2.0,94.0,54.0,0.0,150.0,3.0,0.0,1.0,5,0
2013-02-23 01:00:00,80.0,234.0,0.0,0.0,70.0,2.0,386.0,4.0,0.25881904510252074,0.9659258262890683,5,0
2013-02-23 02:00:00,0.0,14.0,0.0,0.0,0.0,0.0,14.0,1.0,0.49999999999999994,0.8660254037844387,5,0
2013-02-23 03:00:00,0.0,0.0,0.0,0.0,0.0,0.0,0.0,0.0,0.7071067811865476,0.7071067811865476,5,1
2013-02-23 04:00:00,0.0,4.0,0.0,0.0,0.0,0.0,4.0,1.0,0.8660254037844386,0.5000000000000001,5,0
2013-02-23 05:00:00,0.0,4.0,0.0,0.0,0.0,0.0,4.0,1.0,0.9659258262890683,0.25881904510252074,5,0
2013-02-23 06:00:00,0.0,2.0,0.0,0.0,0.0,0.0,2.0,1.0,1.0,6.123233995736766e-17,5,0
2013-02-23 07:00:00,36.0,64.0,4.0,38.0,78.0,18.0,238.0,6.0,0.9659258262890683,-0.25881904510252063,5,0
2013-02-23 08:00:00,0.0,0.0,6.0,242.0,92.0,0.0,340.0,3.0,0.8660254037844387,-0.4999999999999998,5,0
2013-02-23 09:00:00,0.0,0.0,0.0,0.0,6.0,0.0,6.0,1.0,0.7071067811865476,-0.7071067811865475,5,0
2013-02-23 10:00:00,0.0,0.0,0.0,0.0,4.0,0.0,4.0,1.0,0.49999999999999994,-0.8660254037844387,5,0
2013-02-23 11:00:00,240.0,430.0,4.0,124.0,36.0,2.0,836.0,6.0,0.258819045102521,-0.9659258262890682,5,0
2013-02-23 12:00:00,100.0,162.0,0.0,0.0,138.0,2.0,402.0,4.0,1.2246467991473532e-16,-1.0,5,0
2013-02-23 13:00:00,36.0,0.0,6.0,34.0,68.0,44.0,188.0,5.0,-0.2588190451025208,-0.9659258262890683,5,0
2013-02-23 14:00:00,0.0,12.0,0.0,0.0,122.0,40.0,174.0,3.0,-0.4999999999999997,-0.8660254037844388,5,0
2013-02-23 15:00:00,44.0,256.0,0.0,0.0,56.0,20.0,376.0,4.0,-0.7071067811865471,-0.7071067811865479,5,0
2013-02-23 16:00:00,0.0,162.0,4.0,40.0,110.0,18.0,334.0,5.0,-0.8660254037844385,-0.5000000000000004,5,0
2013-02-23 17:00:00,126.0,4.0,0.0,0.0,66.0,10.0,206.0,4.0,-0.9659258262890683,-0.25881904510252063,5,0
2013-02-23 18:00:00,0.0,0.0,0.0,0.0,0.0,0.0,0.0,0.0,-1.0,-1.8369701987210297e-16,5,1
2013-02-23 19:00:00,0.0,0.0,0.0,0.0,16.0,10.0,26.0,2.0,-0.9659258262890684,0.2588190451025203,5,0
2013-02-23 20:00:00,0.0,0.0,0.0,2.0,6.0,0.0,8.0,2.0,-0.8660254037844386,0.5000000000000001,5,0
2013-02-23 21:00:00,0.0,0.0,0.0,2.0,32.0,0.0,34.0,2.0,-0.7071067811865477,0.7071067811865474,5,0
2013-02-23 22:00:00,38.0,248.0,0.0,0.0,62.0,4.0,352.0,4.0,-0.5000000000000004,0.8660254037844384,5,0
2013-02-23 23:00:00,0.0,0.0,0.0,0.0,2.0,0.0,2.0,1.0,-0.25881904510252157,0.9659258262890681,5,0
2013-02-24 00:00:00,0.0,0.0,0.0,0.0,18.0,0.0,18.0,1.0,0.0,1.0,6,0
2013-02-24 01:00:00,32.0,24.0,4.0,18.0,38.0,2.0,118.0,6.0,0.25881904510252074,0.9659258262890683,6,0
2013-02-24 02:00:00,0.0,0.0,0.0,0.0,0.0,0.0,0.0,0.0,0.49999999999999994,0.8660254037844387,6,1
2013-02-24 03:00:00,0.0,0.0,0.0,0.0,0.0,0.0,0.0,0.0,0.7071067811865476,0.7071067811865476,6,1
2013-02-24 04:00:00,0.0,4.0,0.0,0.0,0.0,0.0,4.0,1.0,0.8660254037844386,0.5000000000000001,6,0
2013-02-24 05:00:00,0.0,4.0,0.0,0.0,0.0,0.0,4.0,1.0,0.9659258262890683,0.25881904510252074,6,0
2013-02-24 06:00:00,0.0,2.0,0.0,0.0,2.0,0.0,4.0,2.0,1.0,6.123233995736766e-17,6,0
2013-02-24 07:00:00,0.0,2.0,0.0,0.0,0.0,0.0,2.0,1.0,0.9659258262890683,-0.25881904510252063,6,0
2013-02-24 08:00:00,68.0,52.0,4.0,48.0,72.0,12.0,256.0,6.0,0.8660254037844387,-0.4999999999999998,6,0
2013-02-24 09:00:00,0.0,0.0,0.0,0.0,108.0,0.0,108.0,1.0,0.7071067811865476,-0.7071067811865475,6,0
2013-02-24 10:00:00,160.0,18.0,8.0,272.0,98.0,2.0,558.0,6.0,0.49999999999999994,-0.8660254037844387,6,0
2013-02-24 11:00:00,0.0,0.0,2.0,14.0,112.0,0.0,128.0,3.0,0.258819045102521,-0.9659258262890682,6,0
2013-02-24 12:00:00,192.0,162.0,2.0,14.0,12.0,12.0,394.0,6.0,1.2246467991473532e-16,-1.0,6,0
2013-02-24 13:00:00,36.0,2.0,0.0,0.0,32.0,12.0,82.0,4.0,-0.2588190451025208,-0.9659258262890683,6,0
2013-02-24 14:00:00,0.0,0.0,0.0,0.0,20.0,0.0,20.0,1.0,-0.4999999999999997,-0.8660254037844388,6,0
2013-02-24 15:00:00,0.0,0.0,0.0,0.0,30.0,0.0,30.0,1.0,-0.7071067811865471,-0.7071067811865479,6,0
2013-02-24 16:00:00,42.0,4.0,0.0,0.0,90.0,4.0,140.0,4.0,-0.8660254037844385,-0.5000000000000004,6,0
2013-02-24 17:00:00,0.0,0.0,0.0,0.0,34.0,6.0,40.0,2.0,-0.9659258262890683,-0.25881904510252063,6,0
2013-02-24 18:00:00,0.0,0.0,0.0,0.0,30.0,6.0,36.0,2.0,-1.0,-1.8369701987210297e-16,6,0
2013-02-24 19:00:00,0.0,0.0,0.0,0.0,12.0,0.0,12.0,1.0,-0.9659258262890684,0.2588190451025203,6,0
2013-02-24 20:00:00,0.0,0.0,0.0,0.0,30.0,0.0,30.0,1.0,-0.8660254037844386,0.5000000000000001,6,0
2013-02-24 21:00:00,0.0,2.0,0.0,0.0,26.0,0.0,28.0,2.0,-0.7071067811865477,0.7071067811865474,6,0
2013-02-24 22:00:00,62.0,170.0,4.0,38.0,58.0,2.0,334.0,6.0,-0.5000000000000004,0.8660254037844384,6,0
2013-02-24 23:00:00,0.0,0.0,0.0,0.0,18.0,0.0,18.0,1.0,-0.25881904510252157,0.9659258262890681,6,0
2013-02-25 00:00:00,78.0,56.0,4.0,28.0,58.0,0.0,224.0,5.0,0.0,1.0,0,0
2013-02-25 01:00:00,0.0,0.0,0.0,0.0,0.0,0.0,0.0,0.0,0.25881904510252074,0.9659258262890683,0,1
2013-02-25 02:00:00,0.0,0.0,0.0,2.0,0.0,0.0,2.0,1.0,0.49999999999999994,0.8660254037844387,0,0
2013-02-25 03:00:00,0.0,20.0,0.0,0.0,0.0,0.0,20.0,1.0,0.7071067811865476,0.7071067811865476,0,0
2013-02-25 04:00:00,0.0,8.0,0.0,2.0,0.0,0.0,10.0,2.0,0.8660254037844386,0.5000000000000001,0,0
2013-02-25 05:00:00,48.0,38.0,0.0,0.0,0.0,0.0,86.0,2.0,0.9659258262890683,0.25881904510252074,0,0
2013-02-25 06:00:00,0.0,4.0,0.0,0.0,0.0,0.0,4.0,1.0,1.0,6.123233995736766e-17,0,0
2013-02-25 07:00:00,0.0,18.0,0.0,0.0,0.0,0.0,18.0,1.0,0.9659258262890683,-0.25881904510252063,0,0
2013-02-25 08:00:00,60.0,74.0,8.0,50.0,44.0,18.0,254.0,6.0,0.8660254037844387,-0.4999999999999998,0,0
2013-02-25 09:00:00,0.0,0.0,2.0,12.0,92.0,0.0,106.0,3.0,0.7071067811865476,-0.7071067811865475,0,0
2013-02-25 10:00:00,0.0,0.0,4.0,410.0,86.0,0.0,500.0,3.0,0.49999999999999994,-0.8660254037844387,0,0
2013-02-25 11:00:00,272.0,186.0,22.0,64.0,138.0,6.0,688.0,6.0,0.258819045102521,-0.9659258262890682,0,0
2013-02-25 12:00:00,0.0,0.0,6.0,0.0,70.0,10.0,86.0,3.0,1.2246467991473532e-16,-1.0,0,0
2013-02-25 13:00:00,44.0,0.0,8.0,96.0,52.0,12.0,212.0,5.0,-0.2588190451025208,-0.9659258262890683,0,0
2013-02-25 14:00:00,0.0,0.0,0.0,0.0,48.0,0.0,48.0,1.0,-0.4999999999999997,-0.8660254037844388,0,0
2013-02-25 15:00:00,24.0,16.0,8.0,72.0,118.0,22.0,260.0,6.0,-0.7071067811865471,-0.7071067811865479,0,0
2013-02-25 16:00:00,0.0,18.0,0.0,0.0,28.0,2.0,48.0,3.0,-0.8660254037844385,-0.5000000000000004,0,0
2013-02-25 17:00:00,58.0,64.0,2.0,12.0,60.0,8.0,204.0,6.0,-0.9659258262890683,-0.25881904510252063,0,0
2013-02-25 18:00:00,0.0,0.0,0.0,0.0,0.0,0.0,0.0,0.0,-1.0,-1.8369701987210297e-16,0,1
2013-02-25 19:00:00,0.0,0.0,0.0,0.0,42.0,8.0,50.0,2.0,-0.9659258262890684,0.2588190451025203,0,0
2013-02-25 20:00:00,0.0,0.0,0.0,0.0,40.0,0.0,40.0,1.0,-0.8660254037844386,0.5000000000000001,0,0
2013-02-25 21:00:00,0.0,0.0,0.0,0.0,12.0,0.0,12.0,1.0,-0.7071067811865477,0.7071067811865474,0,0
2013-02-25 22:00:00,34.0,0.0,4.0,106.0,56.0,4.0,204.0,5.0,-0.5000000000000004,0.8660254037844384,0,0
2013-02-25 23:00:00,0.0,0.0,0.0,0.0,42.0,0.0,42.0,1.0,-0.25881904510252157,0.9659258262890681,0,0
2013-02-26 00:00:00,60.0,178.0,8.0,76.0,62.0,6.0,390.0,6.0,0.0,1.0,1,0
2013-02-26 01:00:00,0.0,0.0,0.0,0.0,0.0,0.0,0.0,0.0,0.25881904510252074,0.9659258262890683,1,1
2013-02-26 02:00:00,0.0,10.0,0.0,2.0,0.0,0.0,12.0,2.0,0.49999999999999994,0.8660254037844387,1,0
2013-02-26 03:00:00,0.0,2.0,0.0,0.0,0.0,0.0,2.0,1.0,0.7071067811865476,0.7071067811865476,1,0
2013-02-26 04:00:00,0.0,12.0,0.0,0.0,0.0,0.0,12.0,1.0,0.8660254037844386,0.5000000000000001,1,0
2013-02-26 05:00:00,0.0,4.0,0.0,0.0,0.0,0.0,4.0,1.0,0.9659258262890683,0.25881904510252074,1,0
2013-02-26 06:00:00,0.0,12.0,0.0,0.0,0.0,0.0,12.0,1.0,1.0,6.123233995736766e-17,1,0
2013-02-26 07:00:00,58.0,90.0,4.0,30.0,68.0,16.0,266.0,6.0,0.9659258262890683,-0.25881904510252063,1,0
2013-02-26 08:00:00,0.0,2.0,2.0,60.0,100.0,0.0,164.0,4.0,0.8660254037844387,-0.4999999999999998,1,0
2013-02-26 09:00:00,221.0,84.0,4.0,136.0,114.0,6.0,565.0,6.0,0.7071067811865476,-0.7071067811865475,1,0
2013-02-26 10:00:00,103.0,116.0,0.0,0.0,34.0,12.0,265.0,4.0,0.49999999999999994,-0.8660254037844387,1,0
2013-02-26 11:00:00,0.0,0.0,0.0,0.0,0.0,0.0,0.0,0.0,0.258819045102521,-0.9659258262890682,1,1
2013-02-26 12:00:00,10.0,0.0,0.0,0.0,12.0,10.0,32.0,3.0,1.2246467991473532e-16,-1.0,1,0
2013-02-26 13:00:00,28.0,0.0,0.0,0.0,28.0,0.0,56.0,2.0,-0.2588190451025208,-0.9659258262890683,1,0
2013-02-26 14:00:00,64.0,0.0,12.0,48.0,74.0,4.0,202.0,5.0,-0.4999999999999997,-0.8660254037844388,1,0
2013-02-26 15:00:00,12.0,20.0,2.0,26.0,130.0,24.0,214.0,6.0,-0.7071067811865471,-0.7071067811865479,1,0
2013-02-26 16:00:00,0.0,2.0,0.0,0.0,18.0,0.0,20.0,2.0,-0.8660254037844385,-0.5000000000000004,1,0
2013-02-26 17:00:00,150.0,20.0,0.0,0.0,50.0,6.0,226.0,4.0,-0.9659258262890683,-0.25881904510252063,1,0
2013-02-26 18:00:00,0.0,0.0,0.0,0.0,0.0,0.0,0.0,0.0,-1.0,-1.8369701987210297e-16,1,1
2013-02-26 19:00:00,0.0,0.0,2.0,6.0,40.0,4.0,52.0,4.0,-0.9659258262890684,0.2588190451025203,1,0
2013-02-26 20:00:00,0.0,0.0,0.0,0.0,10.0,0.0,10.0,1.0,-0.8660254037844386,0.5000000000000001,1,0
2013-02-26 21:00:00,0.0,0.0,0.0,0.0,8.0,0.0,8.0,1.0,-0.7071067811865477,0.7071067811865474,1,0
2013-02-26 22:00:00,0.0,0.0,0.0,0.0,20.0,0.0,20.0,1.0,-0.5000000000000004,0.8660254037844384,1,0
2013-02-26 23:00:00,0.0,0.0,0.0,0.0,8.0,0.0,8.0,1.0,-0.25881904510252157,0.9659258262890681,1,0
2013-02-27 00:00:00,0.0,0.0,0.0,2.0,0.0,0.0,2.0,1.0,0.0,1.0,2,0
2013-02-27 01:00:00,36.0,152.0,4.0,16.0,68.0,4.0,280.0,6.0,0.25881904510252074,0.9659258262890683,2,0
2013-02-27 02:00:00,0.0,0.0,0.0,0.0,0.0,0.0,0.0,0.0,0.49999999999999994,0.8660254037844387,2,1
2013-02-27 03:00:00,0.0,0.0,0.0,0.0,0.0,0.0,0.0,0.0,0.7071067811865476,0.7071067811865476,2,1
2013-02-27 04:00:00,0.0,18.0,0.0,0.0,0.0,0.0,18.0,1.0,0.8660254037844386,0.5000000000000001,2,0
2013-02-27 05:00:00,0.0,0.0,0.0,0.0,0.0,0.0,0.0,0.0,0.9659258262890683,0.25881904510252074,2,1
2013-02-27 06:00:00,0.0,6.0,0.0,0.0,0.0,0.0,6.0,1.0,1.0,6.123233995736766e-17,2,0
2013-02-27 07:00:00,64.0,90.0,4.0,48.0,68.0,20.0,294.0,6.0,0.9659258262890683,-0.25881904510252063,2,0
2013-02-27 08:00:00,46.0,0.0,6.0,244.0,98.0,2.0,396.0,5.0,0.8660254037844387,-0.4999999999999998,2,0
2013-02-27 09:00:00,0.0,0.0,6.0,182.0,88.0,0.0,276.0,3.0,0.7071067811865476,-0.7071067811865475,2,0
2013-02-27 10:00:00,302.0,156.0,6.0,42.0,48.0,4.0,558.0,6.0,0.49999999999999994,-0.8660254037844387,2,0
2013-02-27 11:00:00,12.0,88.0,6.0,2.0,62.0,16.0,186.0,6.0,0.258819045102521,-0.9659258262890682,2,0
2013-02-27 12:00:00,58.0,0.0,0.0,0.0,46.0,12.0,116.0,3.0,1.2246467991473532e-16,-1.0,2,0
2013-02-27 13:00:00,0.0,0.0,0.0,0.0,18.0,6.0,24.0,2.0,-0.2588190451025208,-0.9659258262890683,2,0
2013-02-27 14:00:00,38.0,0.0,2.0,90.0,54.0,0.0,184.0,4.0,-0.4999999999999997,-0.8660254037844388,2,0
2013-02-27 15:00:00,0.0,0.0,26.0,46.0,48.0,8.0,128.0,4.0,-0.7071067811865471,-0.7071067811865479,2,0
2013-02-27 16:00:00,0.0,0.0,0.0,0.0,4.0,6.0,10.0,2.0,-0.8660254037844385,-0.5000000000000004,2,0
2013-02-27 17:00:00,44.0,0.0,4.0,118.0,92.0,0.0,258.0,4.0,-0.9659258262890683,-0.25881904510252063,2,0
2013-02-27 18:00:00,0.0,0.0,0.0,0.0,36.0,0.0,36.0,1.0,-1.0,-1.8369701987210297e-16,2,0
2013-02-27 19:00:00,0.0,0.0,0.0,0.0,20.0,8.0,28.0,2.0,-0.9659258262890684,0.2588190451025203,2,0
2013-02-27 20:00:00,18.0,0.0,0.0,0.0,48.0,12.0,78.0,3.0,-0.8660254037844386,0.5000000000000001,2,0
2013-02-27 21:00:00,28.0,0.0,2.0,26.0,60.0,0.0,116.0,4.0,-0.7071067811865477,0.7071067811865474,2,0
2013-02-27 22:00:00,0.0,0.0,0.0,0.0,12.0,0.0,12.0,1.0,-0.5000000000000004,0.8660254037844384,2,0
2013-02-27 23:00:00,4.0,2.0,6.0,20.0,88.0,2.0,122.0,6.0,-0.25881904510252157,0.9659258262890681,2,0
2013-02-28 00:00:00,74.0,192.0,0.0,0.0,28.0,2.0,296.0,4.0,0.0,1.0,3,0
2013-02-28 01:00:00,0.0,0.0,0.0,0.0,0.0,0.0,0.0,0.0,0.25881904510252074,0.9659258262890683,3,1
2013-02-28 02:00:00,0.0,8.0,0.0,0.0,0.0,0.0,8.0,1.0,0.49999999999999994,0.8660254037844387,3,0
2013-02-28 03:00:00,0.0,12.0,0.0,2.0,0.0,0.0,14.0,2.0,0.7071067811865476,0.7071067811865476,3,0
2013-02-28 04:00:00,40.0,102.0,0.0,0.0,0.0,0.0,142.0,2.0,0.8660254037844386,0.5000000000000001,3,0
2013-02-28 05:00:00,0.0,4.0,0.0,0.0,0.0,0.0,4.0,1.0,0.9659258262890683,0.25881904510252074,3,0
2013-02-28 06:00:00,0.0,6.0,0.0,0.0,0.0,0.0,6.0,1.0,1.0,6.123233995736766e-17,3,0
2013-02-28 07:00:00,0.0,6.0,0.0,0.0,0.0,0.0,6.0,1.0,0.9659258262890683,-0.25881904510252063,3,0
2013-02-28 08:00:00,42.0,68.0,4.0,48.0,24.0,18.0,204.0,6.0,0.8660254037844387,-0.4999999999999998,3,0
2013-02-28 09:00:00,0.0,0.0,0.0,0.0,50.0,0.0,50.0,1.0,0.7071067811865476,-0.7071067811865475,3,0
2013-02-28 10:00:00,0.0,0.0,8.0,414.0,94.0,0.0,516.0,3.0,0.49999999999999994,-0.8660254037844387,3,0
2013-02-28 11:00:00,0.0,0.0,0.0,2.0,130.0,0.0,132.0,2.0,0.258819045102521,-0.9659258262890682,3,0
2013-02-28 12:00:00,304.0,242.0,2.0,30.0,104.0,2.0,684.0,6.0,1.2246467991473532e-16,-1.0,3,0
2013-02-28 13:00:00,36.0,4.0,12.0,149.0,140.0,36.0,377.0,6.0,-0.2588190451025208,-0.9659258262890683,3,0
2013-02-28 14:00:00,0.0,0.0,2.0,9.0,108.0,34.0,153.0,4.0,-0.4999999999999997,-0.8660254037844388,3,0
2013-02-28 15:00:00,46.0,4.0,0.0,0.0,34.0,28.0,112.0,4.0,-0.7071067811865471,-0.7071067811865479,3,0
2013-02-28 16:00:00,0.0,0.0,0.0,0.0,34.0,6.0,40.0,2.0,-0.8660254037844385,-0.5000000000000004,3,0
2013-02-28 17:00:00,32.0,28.0,0.0,0.0,36.0,20.0,116.0,4.0,-0.9659258262890683,-0.25881904510252063,3,0
2013-02-28 18:00:00,0.0,0.0,0.0,0.0,0.0,0.0,0.0,0.0,-1.0,-1.8369701987210297e-16,3,1
2013-02-28 19:00:00,6.0,0.0,0.0,0.0,40.0,18.0,64.0,3.0,-0.9659258262890684,0.2588190451025203,3,0
2013-02-28 20:00:00,0.0,0.0,0.0,0.0,70.0,0.0,70.0,1.0,-0.8660254037844386,0.5000000000000001,3,0
2013-02-28 21:00:00,88.0,334.0,2.0,76.0,118.0,20.0,638.0,6.0,-0.7071067811865477,0.7071067811865474,3,0
2013-02-28 22:00:00,0.0,44.0,0.0,0.0,0.0,0.0,44.0,1.0,-0.5000000000000004,0.8660254037844384,3,0
2013-02-28 23:00:00,0.0,0.0,0.0,0.0,0.0,0.0,0.0,0.0,-0.25881904510252157,0.9659258262890681,3,1
2013-03-01 00:00:00,0.0,12.0,0.0,0.0,0.0,0.0,12.0,1.0,0.0,1.0,4,0
2013-03-01 01:00:00,0.0,8.0,0.0,0.0,0.0,0.0,8.0,1.0,0.25881904510252074,0.9659258262890683,4,0
2013-03-01 02:00:00,54.0,64.0,0.0,0.0,0.0,0.0,118.0,2.0,0.49999999999999994,0.8660254037844387,4,0
2013-03-01 03:00:00,0.0,0.0,0.0,0.0,0.0,0.0,0.0,0.0,0.7071067811865476,0.7071067811865476,4,1
2013-03-01 04:00:00,0.0,6.0,0.0,0.0,0.0,0.0,6.0,1.0,0.8660254037844386,0.5000000000000001,4,0
2013-03-01 05:00:00,0.0,2.0,0.0,0.0,0.0,0.0,2.0,1.0,0.9659258262890683,0.25881904510252074,4,0
2013-03-01 06:00:00,0.0,16.0,0.0,2.0,0.0,0.0,18.0,2.0,1.0,6.123233995736766e-17,4,0
2013-03-01 07:00:00,52.0,64.0,6.0,44.0,74.0,18.0,258.0,6.0,0.9659258262890683,-0.25881904510252063,4,0
2013-03-01 08:00:00,208.0,102.0,0.0,0.0,78.0,12.0,400.0,4.0,0.8660254037844387,-0.4999999999999998,4,0
2013-03-01 09:00:00,0.0,0.0,0.0,0.0,0.0,0.0,0.0,0.0,0.7071067811865476,-0.7071067811865475,4,1
2013-03-01 10:00:00,34.0,0.0,14.0,48.0,68.0,12.0,176.0,5.0,0.49999999999999994,-0.8660254037844387,4,0
2013-03-01 11:00:00,28.0,88.0,4.0,18.0,144.0,42.0,324.0,6.0,0.258819045102521,-0.9659258262890682,4,0
2013-03-01 12:00:00,4.0,0.0,12.0,174.0,104.0,24.0,318.0,5.0,1.2246467991473532e-16,-1.0,4,0
2013-03-01 13:00:00,0.0,2.0,4.0,34.0,54.0,8.0,102.0,5.0,-0.2588190451025208,-0.9659258262890683,4,0
2013-03-01 14:00:00,24.0,4.0,0.0,0.0,48.0,22.0,98.0,4.0,-0.4999999999999997,-0.8660254037844388,4,0
2013-03-01 15:00:00,0.0,0.0,0.0,0.0,50.0,0.0,50.0,1.0,-0.7071067811865471,-0.7071067811865479,4,0
2013-03-01 16:00:00,0.0,0.0,0.0,2.0,12.0,0.0,14.0,2.0,-0.8660254037844385,-0.5000000000000004,4,0
2013-03-01 17:00:00,124.0,28.0,0.0,0.0,96.0,12.0,260.0,4.0,-0.9659258262890683,-0.25881904510252063,4,0
2013-03-01 18:00:00,0.0,0.0,0.0,2.0,0.0,0.0,2.0,1.0,-1.0,-1.8369701987210297e-16,4,0
2013-03-01 19:00:00,0.0,0.0,0.0,0.0,34.0,10.0,44.0,2.0,-0.9659258262890684,0.2588190451025203,4,0
2013-03-01 20:00:00,0.0,0.0,0.0,2.0,6.0,0.0,8.0,2.0,-0.8660254037844386,0.5000000000000001,4,0
2013-03-01 21:00:00,0.0,0.0,0.0,0.0,32.0,2.0,34.0,2.0,-0.7071067811865477,0.7071067811865474,4,0
2013-03-01 22:00:00,0.0,0.0,0.0,0.0,22.0,0.0,22.0,1.0,-0.5000000000000004,0.8660254037844384,4,0
2013-03-01 23:00:00,56.0,6.0,4.0,82.0,72.0,14.0,234.0,6.0,-0.25881904510252157,0.9659258262890681,4,0
2013-03-02 00:00:00,78.0,442.0,0.0,0.0,82.0,2.0,604.0,4.0,0.0,1.0,5,0
2013-03-02 01:00:00,0.0,8.0,0.0,0.0,0.0,0.0,8.0,1.0,0.25881904510252074,0.9659258262890683,5,0
2013-03-02 02:00:00,0.0,0.0,0.0,0.0,0.0,0.0,0.0,0.0,0.49999999999999994,0.8660254037844387,5,1
2013-03-02 03:00:00,44.0,94.0,0.0,0.0,0.0,0.0,138.0,2.0,0.7071067811865476,0.7071067811865476,5,0
2013-03-02 04:00:00,0.0,4.0,0.0,0.0,0.0,0.0,4.0,1.0,0.8660254037844386,0.5000000000000001,5,0
2013-03-02 05:00:00,0.0,2.0,0.0,0.0,0.0,0.0,2.0,1.0,0.9659258262890683,0.25881904510252074,5,0
2013-03-02 06:00:00,0.0,8.0,0.0,0.0,0.0,0.0,8.0,1.0,1.0,6.123233995736766e-17,5,0
2013-03-02 07:00:00,0.0,2.0,0.0,0.0,0.0,0.0,2.0,1.0,0.9659258262890683,-0.25881904510252063,5,0
2013-03-02 08:00:00,40.0,70.0,0.0,0.0,0.0,0.0,110.0,2.0,0.8660254037844387,-0.4999999999999998,5,0
2013-03-02 09:00:00,2.0,14.0,2.0,38.0,92.0,14.0,162.0,6.0,0.7071067811865476,-0.7071067811865475,5,0
2013-03-02 10:00:00,52.0,0.0,2.0,210.0,94.0,2.0,360.0,5.0,0.49999999999999994,-0.8660254037844387,5,0
2013-03-02 11:00:00,276.0,291.0,4.0,20.0,80.0,2.0,673.0,6.0,0.258819045102521,-0.9659258262890682,5,0
2013-03-02 12:00:00,20.0,81.0,0.0,0.0,14.0,0.0,115.0,3.0,1.2246467991473532e-16,-1.0,5,0
2013-03-02 13:00:00,0.0,0.0,0.0,2.0,2.0,0.0,4.0,2.0,-0.2588190451025208,-0.9659258262890683,5,0
2013-03-02 14:00:00,20.0,26.0,4.0,32.0,56.0,20.0,158.0,6.0,-0.4999999999999997,-0.8660254037844388,5,0
2013-03-02 15:00:00,0.0,0.0,54.0,0.0,26.0,0.0,80.0,2.0,-0.7071067811865471,-0.7071067811865479,5,0
2013-03-02 16:00:00,0.0,0.0,38.0,0.0,48.0,0.0,86.0,2.0,-0.8660254037844385,-0.5000000000000004,5,0
2013-03-02 17:00:00,114.0,20.0,0.0,0.0,64.0,8.0,206.0,4.0,-0.9659258262890683,-0.25881904510252063,5,0
2013-03-02 18:00:00,0.0,0.0,0.0,0.0,0.0,0.0,0.0,0.0,-1.0,-1.8369701987210297e-16,5,1
2013-03-02 19:00:00,0.0,0.0,0.0,0.0,20.0,8.0,28.0,2.0,-0.9659258262890684,0.2588190451025203,5,0
2013-03-02 20:00:00,0.0,0.0,0.0,0.0,6.0,0.0,6.0,1.0,-0.8660254037844386,0.5000000000000001,5,0
2013-03-02 21:00:00,0.0,0.0,0.0,0.0,6.0,0.0,6.0,1.0,-0.7071067811865477,0.7071067811865474,5,0
2013-03-02 22:00:00,0.0,0.0,0.0,2.0,22.0,0.0,24.0,2.0,-0.5000000000000004,0.8660254037844384,5,0
2013-03-02 23:00:00,0.0,0.0,0.0,0.0,54.0,0.0,54.0,1.0,-0.25881904510252157,0.9659258262890681,5,0
2013-03-03 00:00:00,110.0,258.0,8.0,98.0,42.0,0.0,516.0,5.0,0.0,1.0,6,0
2013-03-03 01:00:00,0.0,2.0,0.0,0.0,0.0,0.0,2.0,1.0,0.25881904510252074,0.9659258262890683,6,0
2013-03-03 02:00:00,0.0,0.0,0.0,0.0,0.0,0.0,0.0,0.0,0.49999999999999994,0.8660254037844387,6,1
2013-03-03 03:00:00,0.0,2.0,0.0,0.0,0.0,0.0,2.0,1.0,0.7071067811865476,0.7071067811865476,6,0
2013-03-03 04:00:00,0.0,4.0,0.0,0.0,0.0,0.0,4.0,1.0,0.8660254037844386,0.5000000000000001,6,0
2013-03-03 05:00:00,0.0,8.0,0.0,0.0,0.0,0.0,8.0,1.0,0.9659258262890683,0.25881904510252074,6,0
2013-03-03 06:00:00,42.0,52.0,2.0,62.0,56.0,12.0,226.0,6.0,1.0,6.123233995736766e-17,6,0
2013-03-03 07:00:00,0.0,0.0,0.0,0.0,38.0,0.0,38.0,1.0,0.9659258262890683,-0.25881904510252063,6,0
2013-03-03 08:00:00,158.0,0.0,8.0,340.0,120.0,2.0,628.0,5.0,0.8660254037844387,-0.4999999999999998,6,0
2013-03-03 09:00:00,0.0,0.0,2.0,24.0,46.0,0.0,72.0,3.0,0.7071067811865476,-0.7071067811865475,6,0
2013-03-03 10:00:00,0.0,0.0,0.0,0.0,22.0,0.0,22.0,1.0,0.49999999999999994,-0.8660254037844387,6,0
2013-03-03 11:00:00,288.0,276.0,10.0,70.0,104.0,4.0,752.0,6.0,0.258819045102521,-0.9659258262890682,6,0
2013-03-03 12:00:00,0.0,0.0,0.0,2.0,50.0,0.0,52.0,2.0,1.2246467991473532e-16,-1.0,6,0
2013-03-03 13:00:00,0.0,0.0,0.0,0.0,72.0,0.0,72.0,1.0,-0.2588190451025208,-0.9659258262890683,6,0
2013-03-03 14:00:00,44.0,36.0,14.0,354.0,80.0,2.0,530.0,6.0,-0.4999999999999997,-0.8660254037844388,6,0
2013-03-03 15:00:00,0.0,0.0,0.0,0.0,18.0,0.0,18.0,1.0,-0.7071067811865471,-0.7071067811865479,6,0
2013-03-03 16:00:00,0.0,0.0,4.0,50.0,62.0,0.0,116.0,3.0,-0.8660254037844385,-0.5000000000000004,6,0
2013-03-03 17:00:00,82.0,16.0,0.0,0.0,64.0,16.0,178.0,4.0,-0.9659258262890683,-0.25881904510252063,6,0
2013-03-03 18:00:00,0.0,0.0,0.0,0.0,0.0,0.0,0.0,0.0,-1.0,-1.8369701987210297e-16,6,1
2013-03-03 19:00:00,0.0,0.0,0.0,0.0,20.0,10.0,30.0,2.0,-0.9659258262890684,0.2588190451025203,6,0
2013-03-03 20:00:00,0.0,0.0,0.0,0.0,12.0,0.0,12.0,1.0,-0.8660254037844386,0.5000000000000001,6,0
2013-03-03 21:00:00,0.0,0.0,0.0,0.0,0.0,0.0,0.0,0.0,-0.7071067811865477,0.7071067811865474,6,1
2013-03-03 22:00:00,0.0,0.0,0.0,0.0,0.0,0.0,0.0,0.0,-0.5000000000000004,0.8660254037844384,6,1
2013-03-03 23:00:00,0.0,0.0,0.0,0.0,8.0,0.0,8.0,1.0,-0.25881904510252157,0.9659258262890681,6,0
2013-03-04 00:00:00,36.0,220.0,2.0,46.0,44.0,12.0,360.0,6.0,0.0,1.0,0,0
2013-03-04 01:00:00,0.0,2.0,0.0,0.0,0.0,0.0,2.0,1.0,0.25881904510252074,0.9659258262890683,0,0
2013-03-04 02:00:00,0.0,0.0,0.0,2.0,0.0,0.0,2.0,1.0,0.49999999999999994,0.8660254037844387,0,0
2013-03-04 03:00:00,0.0,0.0,0.0,4.0,0.0,0.0,4.0,1.0,0.7071067811865476,0.7071067811865476,0,0
2013-03-04 04:00:00,0.0,2.0,0.0,0.0,0.0,0.0,2.0,1.0,0.8660254037844386,0.5000000000000001,0,0
2013-03-04 05:00:00,0.0,4.0,0.0,0.0,0.0,0.0,4.0,1.0,0.9659258262890683,0.25881904510252074,0,0
2013-03-04 06:00:00,46.0,58.0,2.0,48.0,74.0,16.0,244.0,6.0,1.0,6.123233995736766e-17,0,0
2013-03-04 07:00:00,0.0,0.0,4.0,236.0,96.0,0.0,336.0,3.0,0.9659258262890683,-0.25881904510252063,0,0
2013-03-04 08:00:00,0.0,0.0,0.0,2.0,76.0,0.0,78.0,2.0,0.8660254037844387,-0.4999999999999998,0,0
2013-03-04 09:00:00,44.0,8.0,8.0,68.0,104.0,0.0,232.0,5.0,0.7071067811865476,-0.7071067811865475,0,0
2013-03-04 10:00:00,306.0,282.0,0.0,2.0,34.0,6.0,630.0,5.0,0.49999999999999994,-0.8660254037844387,0,0
2013-03-04 11:00:00,24.0,4.0,0.0,0.0,68.0,16.0,112.0,4.0,0.258819045102521,-0.9659258262890682,0,0
2013-03-04 12:00:00,0.0,0.0,0.0,0.0,4.0,0.0,4.0,1.0,1.2246467991473532e-16,-1.0,0,0
2013-03-04 13:00:00,0.0,0.0,8.0,198.0,86.0,0.0,292.0,3.0,-0.2588190451025208,-0.9659258262890683,0,0
2013-03-04 14:00:00,58.0,2.0,4.0,36.0,82.0,20.0,202.0,6.0,-0.4999999999999997,-0.8660254037844388,0,0
2013-03-04 15:00:00,0.0,0.0,12.0,216.0,54.0,10.0,292.0,4.0,-0.7071067811865471,-0.7071067811865479,0,0
2013-03-04 16:00:00,0.0,0.0,4.0,124.0,36.0,4.0,168.0,4.0,-0.8660254037844385,-0.5000000000000004,0,0
2013-03-04 17:00:00,74.0,22.0,0.0,0.0,48.0,10.0,154.0,4.0,-0.9659258262890683,-0.25881904510252063,0,0
2013-03-04 18:00:00,0.0,0.0,0.0,0.0,0.0,0.0,0.0,0.0,-1.0,-1.8369701987210297e-16,0,1
2013-03-04 19:00:00,0.0,0.0,0.0,0.0,30.0,6.0,36.0,2.0,-0.9659258262890684,0.2588190451025203,0,0
2013-03-04 20:00:00,0.0,2.0,0.0,0.0,2.0,0.0,4.0,2.0,-0.8660254037844386,0.5000000000000001,0,0
2013-03-04 21:00:00,0.0,0.0,0.0,0.0,8.0,0.0,8.0,1.0,-0.7071067811865477,0.7071067811865474,0,0
2013-03-04 22:00:00,0.0,0.0,0.0,0.0,16.0,0.0,16.0,1.0,-0.5000000000000004,0.8660254037844384,0,0
2013-03-04 23:00:00,48.0,6.0,4.0,170.0,76.0,10.0,314.0,6.0,-0.25881904510252157,0.9659258262890681,0,0
2013-03-05 00:00:00,82.0,228.0,8.0,56.0,46.0,4.0,424.0,6.0,0.0,1.0,1,0
2013-03-05 01:00:00,0.0,2.0,0.0,0.0,0.0,0.0,2.0,1.0,0.25881904510252074,0.9659258262890683,1,0
2013-03-05 02:00:00,0.0,8.0,0.0,0.0,0.0,0.0,8.0,1.0,0.49999999999999994,0.8660254037844387,1,0
2013-03-05 03:00:00,44.0,134.0,0.0,0.0,0.0,0.0,178.0,2.0,0.7071067811865476,0.7071067811865476,1,0
2013-03-05 04:00:00,0.0,14.0,0.0,0.0,0.0,0.0,14.0,1.0,0.8660254037844386,0.5000000000000001,1,0
2013-03-05 05:00:00,0.0,8.0,0.0,4.0,0.0,0.0,12.0,2.0,0.9659258262890683,0.25881904510252074,1,0
2013-03-05 06:00:00,0.0,18.0,0.0,0.0,0.0,0.0,18.0,1.0,1.0,6.123233995736766e-17,1,0
2013-03-05 07:00:00,0.0,48.0,0.0,0.0,0.0,0.0,48.0,1.0,0.9659258262890683,-0.25881904510252063,1,0
2013-03-05 08:00:00,52.0,20.0,2.0,44.0,58.0,22.0,198.0,6.0,0.8660254037844387,-0.4999999999999998,1,0
2013-03-05 09:00:00,0.0,0.0,4.0,156.0,82.0,0.0,242.0,3.0,0.7071067811865476,-0.7071067811865475,1,0
2013-03-05 10:00:00,40.0,2.0,2.0,122.0,116.0,2.0,284.0,6.0,0.49999999999999994,-0.8660254037844387,1,0
2013-03-05 11:00:00,0.0,0.0,0.0,2.0,144.0,0.0,146.0,2.0,0.258819045102521,-0.9659258262890682,1,0
2013-03-05 12:00:00,304.0,292.0,0.0,0.0,92.0,6.0,694.0,4.0,1.2246467991473532e-16,-1.0,1,0
2013-03-05 13:00:00,0.0,0.0,10.0,6.0,136.0,18.0,170.0,4.0,-0.2588190451025208,-0.9659258262890683,1,0
2013-03-05 14:00:00,0.0,0.0,4.0,42.0,44.0,0.0,90.0,3.0,-0.4999999999999997,-0.8660254037844388,1,0
2013-03-05 15:00:00,46.0,0.0,6.0,32.0,74.0,20.0,178.0,5.0,-0.7071067811865471,-0.7071067811865479,1,0
2013-03-05 16:00:00,0.0,0.0,0.0,0.0,12.0,0.0,12.0,1.0,-0.8660254037844385,-0.5000000000000004,1,0
2013-03-05 17:00:00,76.0,28.0,4.0,0.0,26.0,32.0,166.0,5.0,-0.9659258262890683,-0.25881904510252063,1,0
2013-03-05 18:00:00,0.0,0.0,0.0,0.0,24.0,8.0,32.0,2.0,-1.0,-1.8369701987210297e-16,1,0
2013-03-05 19:00:00,0.0,0.0,0.0,0.0,6.0,0.0,6.0,1.0,-0.9659258262890684,0.2588190451025203,1,0
2013-03-05 20:00:00,0.0,0.0,0.0,0.0,16.0,0.0,16.0,1.0,-0.8660254037844386,0.5000000000000001,1,0
2013-03-05 21:00:00,0.0,0.0,0.0,0.0,6.0,0.0,6.0,1.0,-0.7071067811865477,0.7071067811865474,1,0
2013-03-05 22:00:00,38.0,0.0,8.0,186.0,64.0,10.0,306.0,5.0,-0.5000000000000004,0.8660254037844384,1,0
2013-03-05 23:00:00,42.0,210.0,4.0,16.0,56.0,2.0,330.0,6.0,-0.25881904510252157,0.9659258262890681,1,0
2013-03-06 00:00:00,0.0,0.0,0.0,0.0,0.0,0.0,0.0,0.0,0.0,1.0,2,1
2013-03-06 01:00:00,0.0,2.0,0.0,0.0,0.0,0.0,2.0,1.0,0.25881904510252074,0.9659258262890683,2,0
2013-03-06 02:00:00,0.0,8.0,0.0,0.0,0.0,0.0,8.0,1.0,0.49999999999999994,0.8660254037844387,2,0
2013-03-06 03:00:00,0.0,20.0,0.0,0.0,0.0,0.0,20.0,1.0,0.7071067811865476,0.7071067811865476,2,0
2013-03-06 04:00:00,0.0,18.0,0.0,0.0,0.0,0.0,18.0,1.0,0.8660254037844386,0.5000000000000001,2,0
2013-03-06 05:00:00,0.0,6.0,0.0,0.0,0.0,0.0,6.0,1.0,0.9659258262890683,0.25881904510252074,2,0
2013-03-06 06:00:00,0.0,0.0,0.0,0.0,0.0,0.0,0.0,0.0,1.0,6.123233995736766e-17,2,1
2013-03-06 07:00:00,0.0,0.0,0.0,2.0,0.0,0.0,2.0,1.0,0.9659258262890683,-0.25881904510252063,2,0
2013-03-06 08:00:00,40.0,46.0,2.0,26.0,72.0,20.0,206.0,6.0,0.8660254037844387,-0.4999999999999998,2,0
2013-03-06 09:00:00,32.0,2.0,6.0,250.0,96.0,4.0,390.0,6.0,0.7071067811865476,-0.7071067811865475,2,0
2013-03-06 10:00:00,0.0,0.0,0.0,2.0,68.0,0.0,70.0,2.0,0.49999999999999994,-0.8660254037844387,2,0
2013-03-06 11:00:00,312.0,396.0,6.0,42.0,62.0,16.0,834.0,6.0,0.258819045102521,-0.9659258262890682,2,0
2013-03-06 12:00:00,0.0,0.0,0.0,0.0,46.0,8.0,54.0,2.0,1.2246467991473532e-16,-1.0,2,0
2013-03-06 13:00:00,0.0,0.0,6.0,122.0,40.0,6.0,174.0,4.0,-0.2588190451025208,-0.9659258262890683,2,0
2013-03-06 14:00:00,0.0,0.0,6.0,60.0,48.0,0.0,114.0,3.0,-0.4999999999999997,-0.8660254037844388,2,0
2013-03-06 15:00:00,66.0,0.0,4.0,20.0,46.0,12.0,148.0,5.0,-0.7071067811865471,-0.7071067811865479,2,0
2013-03-06 16:00:00,0.0,0.0,0.0,0.0,36.0,12.0,48.0,2.0,-0.8660254037844385,-0.5000000000000004,2,0
2013-03-06 17:00:00,0.0,0.0,0.0,0.0,26.0,0.0,26.0,1.0,-0.9659258262890683,-0.25881904510252063,2,0
2013-03-06 18:00:00,0.0,0.0,0.0,0.0,22.0,8.0,30.0,2.0,-1.0,-1.8369701987210297e-16,2,0
2013-03-06 19:00:00,0.0,0.0,0.0,0.0,0.0,0.0,0.0,0.0,-0.9659258262890684,0.2588190451025203,2,1
2013-03-06 20:00:00,26.0,0.0,0.0,0.0,56.0,12.0,94.0,3.0,-0.8660254037844386,0.5000000000000001,2,0
2013-03-06 21:00:00,0.0,0.0,4.0,268.0,50.0,0.0,322.0,3.0,-0.7071067811865477,0.7071067811865474,2,0
2013-03-06 22:00:00,0.0,2.0,0.0,0.0,14.0,0.0,16.0,2.0,-0.5000000000000004,0.8660254037844384,2,0
2013-03-06 23:00:00,14.0,6.0,10.0,182.0,102.0,4.0,318.0,6.0,-0.25881904510252157,0.9659258262890681,2,0
2013-03-07 00:00:00,36.0,238.0,0.0,0.0,74.0,12.0,360.0,4.0,0.0,1.0,3,0
2013-03-07 01:00:00,0.0,10.0,0.0,0.0,0.0,0.0,10.0,1.0,0.25881904510252074,0.9659258262890683,3,0
2013-03-07 02:00:00,0.0,0.0,0.0,0.0,2.0,0.0,2.0,1.0,0.49999999999999994,0.8660254037844387,3,0
2013-03-07 03:00:00,0.0,2.0,0.0,0.0,0.0,0.0,2.0,1.0,0.7071067811865476,0.7071067811865476,3,0
2013-03-07 04:00:00,0.0,0.0,0.0,0.0,0.0,0.0,0.0,0.0,0.8660254037844386,0.5000000000000001,3,1
2013-03-07 05:00:00,0.0,0.0,0.0,0.0,2.0,0.0,2.0,1.0,0.9659258262890683,0.25881904510252074,3,0
2013-03-07 06:00:00,0.0,30.0,0.0,2.0,0.0,0.0,32.0,2.0,1.0,6.123233995736766e-17,3,0
2013-03-07 07:00:00,26.0,38.0,2.0,40.0,80.0,18.0,204.0,6.0,0.9659258262890683,-0.25881904510252063,3,0
2013-03-07 08:00:00,302.0,156.0,0.0,0.0,50.0,14.0,522.0,4.0,0.8660254037844387,-0.4999999999999998,3,0
2013-03-07 09:00:00,0.0,0.0,0.0,0.0,0.0,0.0,0.0,0.0,0.7071067811865476,-0.7071067811865475,3,1
2013-03-07 10:00:00,36.0,106.0,4.0,92.0,40.0,12.0,290.0,6.0,0.49999999999999994,-0.8660254037844387,3,0
2013-03-07 11:00:00,0.0,0.0,2.0,16.0,22.0,0.0,40.0,3.0,0.258819045102521,-0.9659258262890682,3,0
2013-03-07 12:00:00,26.0,0.0,0.0,0.0,58.0,22.0,106.0,3.0,1.2246467991473532e-16,-1.0,3,0
2013-03-07 13:00:00,0.0,0.0,0.0,0.0,26.0,0.0,26.0,1.0,-0.2588190451025208,-0.9659258262890683,3,0
2013-03-07 14:00:00,0.0,0.0,0.0,0.0,26.0,0.0,26.0,1.0,-0.4999999999999997,-0.8660254037844388,3,0
2013-03-07 15:00:00,70.0,0.0,0.0,2.0,46.0,12.0,130.0,4.0,-0.7071067811865471,-0.7071067811865479,3,0
2013-03-07 16:00:00,0.0,0.0,0.0,0.0,24.0,8.0,32.0,2.0,-0.8660254037844385,-0.5000000000000004,3,0
2013-03-07 17:00:00,44.0,2.0,0.0,0.0,60.0,12.0,118.0,4.0,-0.9659258262890683,-0.25881904510252063,3,0
2013-03-07 18:00:00,0.0,2.0,0.0,0.0,0.0,0.0,2.0,1.0,-1.0,-1.8369701987210297e-16,3,0
2013-03-07 19:00:00,0.0,0.0,0.0,0.0,16.0,8.0,24.0,2.0,-0.9659258262890684,0.2588190451025203,3,0
2013-03-07 20:00:00,0.0,0.0,0.0,0.0,6.0,0.0,6.0,1.0,-0.8660254037844386,0.5000000000000001,3,0
2013-03-07 21:00:00,34.0,2.0,0.0,0.0,46.0,2.0,84.0,4.0,-0.7071067811865477,0.7071067811865474,3,0
2013-03-07 22:00:00,0.0,0.0,0.0,4.0,14.0,0.0,18.0,2.0,-0.5000000000000004,0.8660254037844384,3,0
2013-03-07 23:00:00,4.0,0.0,6.0,80.0,114.0,4.0,208.0,5.0,-0.25881904510252157,0.9659258262890681,3,0
2013-03-08 00:00:00,58.0,228.0,0.0,0.0,28.0,8.0,322.0,4.0,0.0,1.0,4,0
2013-03-08 01:00:00,0.0,2.0,0.0,0.0,0.0,0.0,2.0,1.0,0.25881904510252074,0.9659258262890683,4,0
2013-03-08 02:00:00,0.0,6.0,0.0,0.0,0.0,0.0,6.0,1.0,0.49999999999999994,0.8660254037844387,4,0
2013-03-08 03:00:00,0.0,4.0,0.0,0.0,0.0,0.0,4.0,1.0,0.7071067811865476,0.7071067811865476,4,0
2013-03-08 04:00:00,0.0,10.0,0.0,2.0,0.0,0.0,12.0,2.0,0.8660254037844386,0.5000000000000001,4,0
2013-03-08 05:00:00,0.0,0.0,0.0,0.0,0.0,0.0,0.0,0.0,0.9659258262890683,0.25881904510252074,4,1
2013-03-08 06:00:00,30.0,94.0,2.0,42.0,72.0,18.0,258.0,6.0,1.0,6.123233995736766e-17,4,0
2013-03-08 07:00:00,20.0,8.0,2.0,170.0,94.0,4.0,298.0,6.0,0.9659258262890683,-0.25881904510252063,4,0
2013-03-08 08:00:00,0.0,0.0,0.0,32.0,60.0,0.0,92.0,2.0,0.8660254037844387,-0.4999999999999998,4,0
2013-03-08 09:00:00,40.0,146.0,2.0,72.0,68.0,4.0,332.0,6.0,0.7071067811865476,-0.7071067811865475,4,0
2013-03-08 10:00:00,0.0,0.0,0.0,0.0,0.0,0.0,0.0,0.0,0.49999999999999994,-0.8660254037844387,4,1
2013-03-08 11:00:00,286.0,126.0,0.0,0.0,46.0,8.0,466.0,4.0,0.258819045102521,-0.9659258262890682,4,0
2013-03-08 12:00:00,0.0,0.0,0.0,0.0,34.0,10.0,44.0,2.0,1.2246467991473532e-16,-1.0,4,0
2013-03-08 13:00:00,0.0,0.0,0.0,0.0,0.0,0.0,0.0,0.0,-0.2588190451025208,-0.9659258262890683,4,1
2013-03-08 14:00:00,0.0,0.0,32.0,142.0,80.0,12.0,266.0,4.0,-0.4999999999999997,-0.8660254037844388,4,0
2013-03-08 15:00:00,0.0,0.0,4.0,174.0,96.0,16.0,290.0,4.0,-0.7071067811865471,-0.7071067811865479,4,0
2013-03-08 16:00:00,0.0,0.0,6.0,218.0,38.0,0.0,262.0,3.0,-0.8660254037844385,-0.5000000000000004,4,0
2013-03-08 17:00:00,76.0,4.0,0.0,0.0,66.0,12.0,158.0,4.0,-0.9659258262890683,-0.25881904510252063,4,0
2013-03-08 18:00:00,12.0,4.0,0.0,0.0,16.0,14.0,46.0,4.0,-1.0,-1.8369701987210297e-16,4,0
2013-03-08 19:00:00,0.0,0.0,0.0,0.0,20.0,0.0,20.0,1.0,-0.9659258262890684,0.2588190451025203,4,0
2013-03-08 20:00:00,46.0,2.0,0.0,0.0,32.0,2.0,82.0,4.0,-0.8660254037844386,0.5000000000000001,4,0
2013-03-08 21:00:00,2.0,2.0,4.0,134.0,48.0,0.0,190.0,5.0,-0.7071067811865477,0.7071067811865474,4,0
2013-03-08 22:00:00,0.0,0.0,0.0,0.0,14.0,0.0,14.0,1.0,-0.5000000000000004,0.8660254037844384,4,0
2013-03-08 23:00:00,0.0,0.0,0.0,0.0,2.0,0.0,2.0,1.0,-0.25881904510252157,0.9659258262890681,4,0
2013-03-09 00:00:00,58.0,202.0,4.0,56.0,46.0,12.0,378.0,6.0,0.0,1.0,5,0
2013-03-09 01:00:00,0.0,0.0,0.0,0.0,0.0,0.0,0.0,0.0,0.25881904510252074,0.9659258262890683,5,1
2013-03-09 02:00:00,0.0,4.0,0.0,0.0,0.0,0.0,4.0,1.0,0.49999999999999994,0.8660254037844387,5,0
2013-03-09 03:00:00,0.0,2.0,0.0,0.0,0.0,0.0,2.0,1.0,0.7071067811865476,0.7071067811865476,5,0
2013-03-09 04:00:00,0.0,6.0,0.0,0.0,0.0,0.0,6.0,1.0,0.8660254037844386,0.5000000000000001,5,0
2013-03-09 05:00:00,0.0,0.0,0.0,0.0,0.0,0.0,0.0,0.0,0.9659258262890683,0.25881904510252074,5,1
2013-03-09 06:00:00,0.0,4.0,0.0,0.0,0.0,0.0,4.0,1.0,1.0,6.123233995736766e-17,5,0
2013-03-09 07:00:00,0.0,8.0,0.0,0.0,0.0,2.0,10.0,2.0,0.9659258262890683,-0.25881904510252063,5,0
2013-03-09 08:00:00,54.0,66.0,2.0,42.0,74.0,14.0,252.0,6.0,0.8660254037844387,-0.4999999999999998,5,0
2013-03-09 09:00:00,32.0,2.0,6.0,272.0,88.0,2.0,402.0,6.0,0.7071067811865476,-0.7071067811865475,5,0
2013-03-09 10:00:00,0.0,0.0,0.0,0.0,42.0,0.0,42.0,1.0,0.49999999999999994,-0.8660254037844387,5,0
2013-03-09 11:00:00,0.0,0.0,4.0,190.0,58.0,0.0,252.0,3.0,0.258819045102521,-0.9659258262890682,5,0
2013-03-09 12:00:00,282.0,232.0,0.0,0.0,38.0,2.0,554.0,4.0,1.2246467991473532e-16,-1.0,5,0
2013-03-09 13:00:00,4.0,8.0,16.0,92.0,98.0,12.0,230.0,6.0,-0.2588190451025208,-0.9659258262890683,5,0
2013-03-09 14:00:00,0.0,0.0,4.0,44.0,68.0,0.0,116.0,3.0,-0.4999999999999997,-0.8660254037844388,5,0
2013-03-09 15:00:00,0.0,0.0,4.0,28.0,40.0,14.0,86.0,4.0,-0.7071067811865471,-0.7071067811865479,5,0
2013-03-09 16:00:00,66.0,30.0,0.0,0.0,52.0,0.0,148.0,3.0,-0.8660254037844385,-0.5000000000000004,5,0
2013-03-09 17:00:00,0.0,0.0,6.0,252.0,36.0,0.0,294.0,3.0,-0.9659258262890683,-0.25881904510252063,5,0
2013-03-09 18:00:00,0.0,0.0,12.0,162.0,50.0,0.0,224.0,3.0,-1.0,-1.8369701987210297e-16,5,0
2013-03-09 19:00:00,0.0,0.0,8.0,246.0,42.0,0.0,296.0,3.0,-0.9659258262890684,0.2588190451025203,5,0
2013-03-09 20:00:00,0.0,0.0,0.0,0.0,8.0,0.0,8.0,1.0,-0.8660254037844386,0.5000000000000001,5,0
2013-03-09 21:00:00,48.0,118.0,8.0,32.0,58.0,4.0,268.0,6.0,-0.7071067811865477,0.7071067811865474,5,0
2013-03-09 22:00:00,0.0,0.0,0.0,0.0,10.0,0.0,10.0,1.0,-0.5000000000000004,0.8660254037844384,5,0
2013-03-09 23:00:00,0.0,0.0,4.0,220.0,36.0,0.0,260.0,3.0,-0.25881904510252157,0.9659258262890681,5,0
2013-03-10 00:00:00,0.0,0.0,0.0,0.0,0.0,0.0,0.0,0.0,0.0,1.0,6,1
2013-03-10 01:00:00,0.0,0.0,0.0,0.0,0.0,0.0,0.0,0.0,0.25881904510252074,0.9659258262890683,6,1
2013-03-10 02:00:00,0.0,0.0,0.0,0.0,0.0,0.0,0.0,0.0,0.49999999999999994,0.8660254037844387,6,1
2013-03-10 03:00:00,28.0,84.0,0.0,0.0,24.0,2.0,138.0,4.0,0.7071067811865476,0.7071067811865476,6,0
2013-03-10 04:00:00,0.0,2.0,0.0,0.0,0.0,0.0,2.0,1.0,0.8660254037844386,0.5000000000000001,6,0
2013-03-10 05:00:00,0.0,0.0,0.0,2.0,0.0,0.0,2.0,1.0,0.9659258262890683,0.25881904510252074,6,0
2013-03-10 06:00:00,0.0,0.0,0.0,0.0,2.0,0.0,2.0,1.0,1.0,6.123233995736766e-17,6,0
2013-03-10 07:00:00,0.0,0.0,0.0,0.0,0.0,0.0,0.0,0.0,0.9659258262890683,-0.25881904510252063,6,1
2013-03-10 08:00:00,0.0,2.0,0.0,0.0,0.0,0.0,2.0,1.0,0.8660254037844387,-0.4999999999999998,6,0
2013-03-10 09:00:00,54.0,52.0,6.0,44.0,68.0,16.0,240.0,6.0,0.7071067811865476,-0.7071067811865475,6,0
2013-03-10 10:00:00,70.0,6.0,2.0,86.0,56.0,4.0,224.0,6.0,0.49999999999999994,-0.8660254037844387,6,0
2013-03-10 11:00:00,38.0,0.0,10.0,102.0,108.0,0.0,258.0,4.0,0.258819045102521,-0.9659258262890682,6,0
2013-03-10 12:00:00,0.0,0.0,16.0,68.0,90.0,0.0,174.0,3.0,1.2246467991473532e-16,-1.0,6,0
2013-03-10 13:00:00,266.0,292.0,14.0,4.0,64.0,6.0,646.0,6.0,-0.2588190451025208,-0.9659258262890683,6,0
2013-03-10 14:00:00,26.0,2.0,14.0,104.0,134.0,16.0,296.0,6.0,-0.4999999999999997,-0.8660254037844388,6,0
2013-03-10 15:00:00,0.0,0.0,0.0,0.0,68.0,14.0,82.0,2.0,-0.7071067811865471,-0.7071067811865479,6,0
2013-03-10 16:00:00,42.0,4.0,0.0,0.0,82.0,26.0,154.0,4.0,-0.8660254037844385,-0.5000000000000004,6,0
2013-03-10 17:00:00,4.0,16.0,0.0,0.0,60.0,10.0,90.0,4.0,-0.9659258262890683,-0.25881904510252063,6,0
2013-03-10 18:00:00,0.0,0.0,0.0,0.0,0.0,0.0,0.0,0.0,-1.0,-1.8369701987210297e-16,6,1
2013-03-10 19:00:00,8.0,0.0,0.0,0.0,22.0,12.0,42.0,3.0,-0.9659258262890684,0.2588190451025203,6,0
2013-03-10 20:00:00,0.0,0.0,0.0,0.0,0.0,0.0,0.0,0.0,-0.8660254037844386,0.5000000000000001,6,1
2013-03-10 21:00:00,0.0,0.0,0.0,0.0,12.0,0.0,12.0,1.0,-0.7071067811865477,0.7071067811865474,6,0
2013-03-10 22:00:00,36.0,0.0,0.0,0.0,32.0,4.0,72.0,3.0,-0.5000000000000004,0.8660254037844384,6,0
2013-03-10 23:00:00,0.0,318.0,6.0,62.0,62.0,10.0,458.0,5.0,-0.25881904510252157,0.9659258262890681,6,0
2013-03-11 00:00:00,94.0,88.0,0.0,0.0,0.0,0.0,182.0,2.0,0.0,1.0,0,0
2013-03-11 01:00:00,0.0,0.0,0.0,0.0,0.0,0.0,0.0,0.0,0.25881904510252074,0.9659258262890683,0,1
2013-03-11 02:00:00,0.0,0.0,0.0,0.0,0.0,0.0,0.0,0.0,0.49999999999999994,0.8660254037844387,0,1
2013-03-11 03:00:00,0.0,4.0,0.0,0.0,0.0,0.0,4.0,1.0,0.7071067811865476,0.7071067811865476,0,0
2013-03-11 04:00:00,0.0,0.0,0.0,0.0,0.0,0.0,0.0,0.0,0.8660254037844386,0.5000000000000001,0,1
2013-03-11 05:00:00,14.0,22.0,0.0,0.0,0.0,0.0,36.0,2.0,0.9659258262890683,0.25881904510252074,0,0
2013-03-11 06:00:00,48.0,46.0,4.0,38.0,80.0,16.0,232.0,6.0,1.0,6.123233995736766e-17,0,0
2013-03-11 07:00:00,38.0,10.0,8.0,180.0,82.0,2.0,320.0,6.0,0.9659258262890683,-0.25881904510252063,0,0
2013-03-11 08:00:00,269.0,124.0,6.0,26.0,40.0,0.0,465.0,5.0,0.8660254037844387,-0.4999999999999998,0,0
2013-03-11 09:00:00,39.0,62.0,0.0,0.0,220.0,4.0,325.0,4.0,0.7071067811865476,-0.7071067811865475,0,0
2013-03-11 10:00:00,0.0,0.0,0.0,2.0,8.0,0.0,10.0,2.0,0.49999999999999994,-0.8660254037844387,0,0
2013-03-11 11:00:00,36.0,8.0,10.0,200.0,58.0,2.0,314.0,6.0,0.258819045102521,-0.9659258262890682,0,0
2013-03-11 12:00:00,0.0,0.0,0.0,0.0,12.0,0.0,12.0,1.0,1.2246467991473532e-16,-1.0,0,0
2013-03-11 13:00:00,46.0,16.0,10.0,370.0,92.0,32.0,566.0,6.0,-0.2588190451025208,-0.9659258262890683,0,0
2013-03-11 14:00:00,0.0,0.0,6.0,162.0,84.0,0.0,252.0,3.0,-0.4999999999999997,-0.8660254037844388,0,0
2013-03-11 15:00:00,92.0,38.0,4.0,4.0,52.0,24.0,214.0,6.0,-0.7071067811865471,-0.7071067811865479,0,0
2013-03-11 16:00:00,32.0,56.0,12.0,64.0,46.0,6.0,216.0,6.0,-0.8660254037844385,-0.5000000000000004,0,0
2013-03-11 17:00:00,0.0,0.0,0.0,0.0,22.0,6.0,28.0,2.0,-0.9659258262890683,-0.25881904510252063,0,0
2013-03-11 18:00:00,0.0,0.0,0.0,0.0,0.0,0.0,0.0,0.0,-1.0,-1.8369701987210297e-16,0,1
2013-03-11 19:00:00,0.0,0.0,8.0,4.0,8.0,8.0,28.0,4.0,-0.9659258262890684,0.2588190451025203,0,0
2013-03-11 20:00:00,42.0,4.0,4.0,28.0,64.0,2.0,144.0,6.0,-0.8660254037844386,0.5000000000000001,0,0
2013-03-11 21:00:00,0.0,2.0,0.0,0.0,0.0,0.0,2.0,1.0,-0.7071067811865477,0.7071067811865474,0,0
2013-03-11 22:00:00,0.0,0.0,4.0,80.0,26.0,0.0,110.0,3.0,-0.5000000000000004,0.8660254037844384,0,0
2013-03-11 23:00:00,0.0,0.0,0.0,2.0,26.0,0.0,28.0,2.0,-0.25881904510252157,0.9659258262890681,0,0
2013-03-12 00:00:00,92.0,180.0,0.0,0.0,44.0,10.0,326.0,4.0,0.0,1.0,1,0
2013-03-12 01:00:00,0.0,0.0,0.0,0.0,0.0,0.0,0.0,0.0,0.25881904510252074,0.9659258262890683,1,1
2013-03-12 02:00:00,0.0,0.0,0.0,0.0,0.0,0.0,0.0,0.0,0.49999999999999994,0.8660254037844387,1,1
2013-03-12 03:00:00,0.0,8.0,0.0,0.0,0.0,0.0,8.0,1.0,0.7071067811865476,0.7071067811865476,1,0
2013-03-12 04:00:00,0.0,0.0,0.0,0.0,0.0,0.0,0.0,0.0,0.8660254037844386,0.5000000000000001,1,1
2013-03-12 05:00:00,0.0,14.0,0.0,0.0,0.0,0.0,14.0,1.0,0.9659258262890683,0.25881904510252074,1,0
2013-03-12 06:00:00,0.0,2.0,0.0,0.0,0.0,0.0,2.0,1.0,1.0,6.123233995736766e-17,1,0
2013-03-12 07:00:00,40.0,98.0,6.0,58.0,38.0,14.0,254.0,6.0,0.9659258262890683,-0.25881904510252063,1,0
2013-03-12 08:00:00,0.0,0.0,0.0,0.0,44.0,0.0,44.0,1.0,0.8660254037844387,-0.4999999999999998,1,0
2013-03-12 09:00:00,52.0,2.0,8.0,224.0,66.0,2.0,354.0,6.0,0.7071067811865476,-0.7071067811865475,1,0
2013-03-12 10:00:00,304.0,270.0,4.0,88.0,64.0,0.0,730.0,5.0,0.49999999999999994,-0.8660254037844387,1,0
2013-03-12 11:00:00,2.0,76.0,49.0,10.0,158.0,20.0,315.0,6.0,0.258819045102521,-0.9659258262890682,1,0
2013-03-12 12:00:00,0.0,0.0,93.0,2.0,168.0,0.0,263.0,3.0,1.2246467991473532e-16,-1.0,1,0
2013-03-12 13:00:00,2.0,24.0,10.0,210.0,92.0,14.0,352.0,6.0,-0.2588190451025208,-0.9659258262890683,1,0
2013-03-12 14:00:00,0.0,0.0,0.0,0.0,3.0,10.0,13.0,2.0,-0.4999999999999997,-0.8660254037844388,1,0
2013-03-12 15:00:00,56.0,2.0,6.0,18.0,81.0,30.0,193.0,6.0,-0.7071067811865471,-0.7071067811865479,1,0
2013-03-12 16:00:00,10.0,4.0,6.0,82.0,76.0,18.0,196.0,6.0,-0.8660254037844385,-0.5000000000000004,1,0
2013-03-12 17:00:00,36.0,6.0,0.0,2.0,98.0,28.0,170.0,5.0,-0.9659258262890683,-0.25881904510252063,1,0
2013-03-12 18:00:00,0.0,0.0,0.0,0.0,0.0,0.0,0.0,0.0,-1.0,-1.8369701987210297e-16,1,1
2013-03-12 19:00:00,38.0,0.0,0.0,0.0,28.0,10.0,76.0,3.0,-0.9659258262890684,0.2588190451025203,1,0
2013-03-12 20:00:00,0.0,0.0,0.0,0.0,2.0,0.0,2.0,1.0,-0.8660254037844386,0.5000000000000001,1,0
2013-03-12 21:00:00,48.0,0.0,2.0,14.0,46.0,2.0,112.0,5.0,-0.7071067811865477,0.7071067811865474,1,0
2013-03-12 22:00:00,0.0,0.0,4.0,78.0,32.0,0.0,114.0,3.0,-0.5000000000000004,0.8660254037844384,1,0
2013-03-12 23:00:00,0.0,0.0,0.0,2.0,38.0,0.0,40.0,2.0,-0.25881904510252157,0.9659258262890681,1,0
2013-03-13 00:00:00,74.0,200.0,0.0,0.0,40.0,10.0,324.0,4.0,0.0,1.0,2,0
2013-03-13 01:00:00,0.0,2.0,0.0,0.0,0.0,0.0,2.0,1.0,0.25881904510252074,0.9659258262890683,2,0
2013-03-13 02:00:00,0.0,18.0,0.0,0.0,2.0,0.0,20.0,2.0,0.49999999999999994,0.8660254037844387,2,0
2013-03-13 03:00:00,0.0,14.0,0.0,0.0,2.0,0.0,16.0,2.0,0.7071067811865476,0.7071067811865476,2,0
2013-03-13 04:00:00,28.0,88.0,0.0,0.0,0.0,0.0,116.0,2.0,0.8660254037844386,0.5000000000000001,2,0
2013-03-13 05:00:00,0.0,0.0,0.0,0.0,0.0,0.0,0.0,0.0,0.9659258262890683,0.25881904510252074,2,1
2013-03-13 06:00:00,0.0,4.0,0.0,0.0,0.0,0.0,4.0,1.0,1.0,6.123233995736766e-17,2,0
2013-03-13 07:00:00,32.0,54.0,4.0,54.0,86.0,16.0,246.0,6.0,0.9659258262890683,-0.25881904510252063,2,0
2013-03-13 08:00:00,0.0,2.0,2.0,172.0,90.0,0.0,266.0,4.0,0.8660254037844387,-0.4999999999999998,2,0
2013-03-13 09:00:00,236.0,162.0,4.0,16.0,66.0,12.0,496.0,6.0,0.7071067811865476,-0.7071067811865475,2,0
2013-03-13 10:00:00,0.0,0.0,0.0,0.0,0.0,0.0,0.0,0.0,0.49999999999999994,-0.8660254037844387,2,1
2013-03-13 11:00:00,0.0,0.0,0.0,0.0,0.0,0.0,0.0,0.0,0.258819045102521,-0.9659258262890682,2,1
2013-03-13 12:00:00,36.0,134.0,6.0,176.0,232.0,38.0,622.0,6.0,1.2246467991473532e-16,-1.0,2,0
2013-03-13 13:00:00,0.0,0.0,0.0,0.0,28.0,8.0,36.0,2.0,-0.2588190451025208,-0.9659258262890683,2,0
2013-03-13 14:00:00,0.0,0.0,0.0,2.0,0.0,0.0,2.0,1.0,-0.4999999999999997,-0.8660254037844388,2,0
2013-03-13 15:00:00,34.0,0.0,0.0,0.0,48.0,10.0,92.0,3.0,-0.7071067811865471,-0.7071067811865479,2,0
2013-03-13 16:00:00,0.0,0.0,4.0,44.0,54.0,0.0,102.0,3.0,-0.8660254037844385,-0.5000000000000004,2,0
2013-03-13 17:00:00,0.0,38.0,8.0,130.0,150.0,10.0,336.0,5.0,-0.9659258262890683,-0.25881904510252063,2,0
2013-03-13 18:00:00,0.0,0.0,0.0,0.0,0.0,0.0,0.0,0.0,-1.0,-1.8369701987210297e-16,2,1
2013-03-13 19:00:00,0.0,0.0,0.0,0.0,0.0,0.0,0.0,0.0,-0.9659258262890684,0.2588190451025203,2,1
2013-03-13 20:00:00,40.0,128.0,8.0,208.0,30.0,13.0,427.0,6.0,-0.8660254037844386,0.5000000000000001,2,0
2013-03-13 21:00:00,26.0,4.0,6.0,0.0,154.0,5.0,195.0,5.0,-0.7071067811865477,0.7071067811865474,2,0
2013-03-13 22:00:00,22.0,4.0,14.0,28.0,70.0,0.0,138.0,5.0,-0.5000000000000004,0.8660254037844384,2,0
2013-03-13 23:00:00,0.0,0.0,2.0,106.0,70.0,0.0,178.0,3.0,-0.25881904510252157,0.9659258262890681,2,0
2013-03-14 00:00:00,130.0,46.0,8.0,4.0,70.0,8.0,266.0,6.0,0.0,1.0,3,0
2013-03-14 01:00:00,0.0,2.0,0.0,0.0,0.0,0.0,2.0,1.0,0.25881904510252074,0.9659258262890683,3,0
2013-03-14 02:00:00,0.0,10.0,0.0,0.0,0.0,0.0,10.0,1.0,0.49999999999999994,0.8660254037844387,3,0
2013-03-14 03:00:00,0.0,22.0,0.0,0.0,0.0,0.0,22.0,1.0,0.7071067811865476,0.7071067811865476,3,0
2013-03-14 04:00:00,0.0,2.0,2.0,0.0,0.0,0.0,4.0,2.0,0.8660254037844386,0.5000000000000001,3,0
2013-03-14 05:00:00,0.0,12.0,0.0,0.0,0.0,0.0,12.0,1.0,0.9659258262890683,0.25881904510252074,3,0
2013-03-14 06:00:00,0.0,6.0,0.0,0.0,0.0,0.0,6.0,1.0,1.0,6.123233995736766e-17,3,0
2013-03-14 07:00:00,46.0,94.0,6.0,62.0,118.0,16.0,342.0,6.0,0.9659258262890683,-0.25881904510252063,3,0
2013-03-14 08:00:00,42.0,4.0,4.0,182.0,96.0,2.0,330.0,6.0,0.8660254037844387,-0.4999999999999998,3,0
2013-03-14 09:00:00,0.0,0.0,0.0,0.0,50.0,0.0,50.0,1.0,0.7071067811865476,-0.7071067811865475,3,0
2013-03-14 10:00:00,294.0,176.0,10.0,30.0,96.0,12.0,618.0,6.0,0.49999999999999994,-0.8660254037844387,3,0
2013-03-14 11:00:00,0.0,0.0,0.0,2.0,18.0,10.0,30.0,3.0,0.258819045102521,-0.9659258262890682,3,0
2013-03-14 12:00:00,0.0,0.0,0.0,2.0,0.0,0.0,2.0,1.0,1.2246467991473532e-16,-1.0,3,0
2013-03-14 13:00:00,38.0,0.0,2.0,126.0,36.0,2.0,204.0,5.0,-0.2588190451025208,-0.9659258262890683,3,0
2013-03-14 14:00:00,0.0,0.0,0.0,0.0,12.0,0.0,12.0,1.0,-0.4999999999999997,-0.8660254037844388,3,0
2013-03-14 15:00:00,28.0,0.0,2.0,38.0,36.0,14.0,118.0,5.0,-0.7071067811865471,-0.7071067811865479,3,0
2013-03-14 16:00:00,0.0,0.0,0.0,0.0,14.0,0.0,14.0,1.0,-0.8660254037844385,-0.5000000000000004,3,0
2013-03-14 17:00:00,64.0,0.0,0.0,0.0,48.0,10.0,122.0,3.0,-0.9659258262890683,-0.25881904510252063,3,0
2013-03-14 18:00:00,0.0,0.0,0.0,0.0,0.0,0.0,0.0,0.0,-1.0,-1.8369701987210297e-16,3,1
2013-03-14 19:00:00,0.0,0.0,0.0,0.0,26.0,10.0,36.0,2.0,-0.9659258262890684,0.2588190451025203,3,0
2013-03-14 20:00:00,0.0,0.0,0.0,0.0,12.0,0.0,12.0,1.0,-0.8660254037844386,0.5000000000000001,3,0
2013-03-14 21:00:00,0.0,0.0,0.0,0.0,12.0,0.0,12.0,1.0,-0.7071067811865477,0.7071067811865474,3,0
2013-03-14 22:00:00,0.0,0.0,0.0,0.0,10.0,0.0,10.0,1.0,-0.5000000000000004,0.8660254037844384,3,0
2013-03-14 23:00:00,0.0,0.0,0.0,0.0,10.0,0.0,10.0,1.0,-0.25881904510252157,0.9659258262890681,3,0
2013-03-15 00:00:00,74.0,152.0,4.0,56.0,50.0,10.0,346.0,6.0,0.0,1.0,4,0
2013-03-15 01:00:00,0.0,0.0,0.0,0.0,0.0,0.0,0.0,0.0,0.25881904510252074,0.9659258262890683,4,1
2013-03-15 02:00:00,0.0,14.0,0.0,0.0,0.0,0.0,14.0,1.0,0.49999999999999994,0.8660254037844387,4,0
2013-03-15 03:00:00,0.0,6.0,0.0,0.0,0.0,0.0,6.0,1.0,0.7071067811865476,0.7071067811865476,4,0
2013-03-15 04:00:00,0.0,4.0,0.0,0.0,0.0,0.0,4.0,1.0,0.8660254037844386,0.5000000000000001,4,0
2013-03-15 05:00:00,0.0,10.0,0.0,0.0,0.0,0.0,10.0,1.0,0.9659258262890683,0.25881904510252074,4,0
2013-03-15 06:00:00,0.0,6.0,0.0,0.0,0.0,0.0,6.0,1.0,1.0,6.123233995736766e-17,4,0
2013-03-15 07:00:00,0.0,16.0,0.0,0.0,0.0,0.0,16.0,1.0,0.9659258262890683,-0.25881904510252063,4,0
2013-03-15 08:00:00,50.0,58.0,4.0,42.0,108.0,16.0,278.0,6.0,0.8660254037844387,-0.4999999999999998,4,0
2013-03-15 09:00:00,34.0,2.0,4.0,242.0,96.0,4.0,382.0,6.0,0.7071067811865476,-0.7071067811865475,4,0
2013-03-15 10:00:00,306.0,142.0,4.0,22.0,64.0,8.0,546.0,6.0,0.49999999999999994,-0.8660254037844387,4,0
2013-03-15 11:00:00,0.0,0.0,0.0,0.0,72.0,24.0,96.0,2.0,0.258819045102521,-0.9659258262890682,4,0
2013-03-15 12:00:00,0.0,0.0,0.0,0.0,0.0,0.0,0.0,0.0,1.2246467991473532e-16,-1.0,4,1
2013-03-15 13:00:00,0.0,0.0,4.0,80.0,84.0,6.0,174.0,4.0,-0.2588190451025208,-0.9659258262890683,4,0
2013-03-15 14:00:00,36.0,0.0,6.0,58.0,58.0,12.0,170.0,5.0,-0.4999999999999997,-0.8660254037844388,4,0
2013-03-15 15:00:00,0.0,0.0,0.0,0.0,0.0,0.0,0.0,0.0,-0.7071067811865471,-0.7071067811865479,4,1
2013-03-15 16:00:00,42.0,0.0,0.0,0.0,20.0,8.0,70.0,3.0,-0.8660254037844385,-0.5000000000000004,4,0
2013-03-15 17:00:00,0.0,0.0,0.0,2.0,0.0,0.0,2.0,1.0,-0.9659258262890683,-0.25881904510252063,4,0
2013-03-15 18:00:00,24.0,0.0,0.0,0.0,40.0,10.0,74.0,3.0,-1.0,-1.8369701987210297e-16,4,0
2013-03-15 19:00:00,0.0,0.0,0.0,0.0,70.0,8.0,78.0,2.0,-0.9659258262890684,0.2588190451025203,4,0
2013-03-15 20:00:00,0.0,0.0,0.0,0.0,18.0,0.0,18.0,1.0,-0.8660254037844386,0.5000000000000001,4,0
2013-03-15 21:00:00,44.0,102.0,0.0,0.0,46.0,0.0,192.0,3.0,-0.7071067811865477,0.7071067811865474,4,0
2013-03-15 22:00:00,0.0,0.0,0.0,0.0,22.0,0.0,22.0,1.0,-0.5000000000000004,0.8660254037844384,4,0
2013-03-15 23:00:00,106.0,116.0,2.0,70.0,52.0,0.0,346.0,5.0,-0.25881904510252157,0.9659258262890681,4,0
2013-03-16 00:00:00,0.0,8.0,0.0,0.0,0.0,0.0,8.0,1.0,0.0,1.0,5,0
2013-03-16 01:00:00,0.0,6.0,0.0,0.0,0.0,0.0,6.0,1.0,0.25881904510252074,0.9659258262890683,5,0
2013-03-16 02:00:00,0.0,4.0,0.0,0.0,0.0,0.0,4.0,1.0,0.49999999999999994,0.8660254037844387,5,0
2013-03-16 03:00:00,0.0,12.0,0.0,0.0,0.0,2.0,14.0,2.0,0.7071067811865476,0.7071067811865476,5,0
2013-03-16 04:00:00,0.0,4.0,0.0,0.0,0.0,0.0,4.0,1.0,0.8660254037844386,0.5000000000000001,5,0
2013-03-16 05:00:00,0.0,6.0,0.0,0.0,0.0,0.0,6.0,1.0,0.9659258262890683,0.25881904510252074,5,0
2013-03-16 06:00:00,0.0,10.0,0.0,0.0,0.0,0.0,10.0,1.0,1.0,6.123233995736766e-17,5,0
2013-03-16 07:00:00,34.0,62.0,4.0,38.0,80.0,16.0,234.0,6.0,0.9659258262890683,-0.25881904510252063,5,0
2013-03-16 08:00:00,58.0,0.0,4.0,310.0,68.0,0.0,440.0,4.0,0.8660254037844387,-0.4999999999999998,5,0
2013-03-16 09:00:00,0.0,0.0,0.0,19.0,116.0,0.0,135.0,2.0,0.7071067811865476,-0.7071067811865475,5,0
2013-03-16 10:00:00,312.0,252.0,0.0,27.0,92.0,2.0,685.0,5.0,0.49999999999999994,-0.8660254037844387,5,0
2013-03-16 11:00:00,4.0,4.0,70.0,142.0,150.0,34.0,404.0,6.0,0.258819045102521,-0.9659258262890682,5,0
2013-03-16 12:00:00,0.0,0.0,4.0,290.0,72.0,10.0,376.0,4.0,1.2246467991473532e-16,-1.0,5,0
2013-03-16 13:00:00,38.0,124.0,0.0,0.0,80.0,20.0,262.0,4.0,-0.2588190451025208,-0.9659258262890683,5,0
2013-03-16 14:00:00,4.0,18.0,0.0,0.0,66.0,52.0,140.0,4.0,-0.4999999999999997,-0.8660254037844388,5,0
2013-03-16 15:00:00,40.0,288.0,0.0,0.0,54.0,14.0,396.0,4.0,-0.7071067811865471,-0.7071067811865479,5,0
2013-03-16 16:00:00,4.0,100.0,4.0,56.0,101.0,18.0,283.0,6.0,-0.8660254037844385,-0.5000000000000004,5,0
2013-03-16 17:00:00,60.0,22.0,0.0,0.0,137.0,22.0,241.0,4.0,-0.9659258262890683,-0.25881904510252063,5,0
2013-03-16 18:00:00,0.0,0.0,0.0,0.0,0.0,0.0,0.0,0.0,-1.0,-1.8369701987210297e-16,5,1
2013-03-16 19:00:00,0.0,0.0,0.0,0.0,42.0,8.0,50.0,2.0,-0.9659258262890684,0.2588190451025203,5,0
2013-03-16 20:00:00,0.0,0.0,0.0,0.0,2.0,0.0,2.0,1.0,-0.8660254037844386,0.5000000000000001,5,0
2013-03-16 21:00:00,0.0,0.0,0.0,2.0,30.0,0.0,32.0,2.0,-0.7071067811865477,0.7071067811865474,5,0
2013-03-16 22:00:00,36.0,4.0,12.0,84.0,154.0,2.0,292.0,6.0,-0.5000000000000004,0.8660254037844384,5,0
2013-03-16 23:00:00,0.0,0.0,0.0,0.0,54.0,0.0,54.0,1.0,-0.25881904510252157,0.9659258262890681,5,0
2013-03-17 00:00:00,6.0,468.0,2.0,30.0,46.0,2.0,554.0,6.0,0.0,1.0,6,0
2013-03-17 01:00:00,0.0,6.0,0.0,0.0,0.0,0.0,6.0,1.0,0.25881904510252074,0.9659258262890683,6,0
2013-03-17 02:00:00,0.0,0.0,0.0,0.0,0.0,0.0,0.0,0.0,0.49999999999999994,0.8660254037844387,6,1
2013-03-17 03:00:00,0.0,18.0,0.0,0.0,0.0,0.0,18.0,1.0,0.7071067811865476,0.7071067811865476,6,0
2013-03-17 04:00:00,0.0,4.0,0.0,2.0,0.0,0.0,6.0,2.0,0.8660254037844386,0.5000000000000001,6,0
2013-03-17 05:00:00,0.0,0.0,0.0,0.0,2.0,0.0,2.0,1.0,0.9659258262890683,0.25881904510252074,6,0
2013-03-17 06:00:00,0.0,0.0,0.0,0.0,0.0,0.0,0.0,0.0,1.0,6.123233995736766e-17,6,1
2013-03-17 07:00:00,0.0,0.0,0.0,0.0,0.0,0.0,0.0,0.0,0.9659258262890683,-0.25881904510252063,6,1
2013-03-17 08:00:00,216.0,230.0,6.0,36.0,64.0,16.0,568.0,6.0,0.8660254037844387,-0.4999999999999998,6,0
2013-03-17 09:00:00,0.0,0.0,0.0,0.0,20.0,6.0,26.0,2.0,0.7071067811865476,-0.7071067811865475,6,0
2013-03-17 10:00:00,0.0,0.0,0.0,0.0,64.0,6.0,70.0,2.0,0.49999999999999994,-0.8660254037844387,6,0
2013-03-17 11:00:00,54.0,4.0,0.0,0.0,114.0,2.0,174.0,4.0,0.258819045102521,-0.9659258262890682,6,0
2013-03-17 12:00:00,0.0,0.0,0.0,0.0,42.0,0.0,42.0,1.0,1.2246467991473532e-16,-1.0,6,0
2013-03-17 13:00:00,94.0,258.0,20.0,304.0,78.0,10.0,764.0,6.0,-0.2588190451025208,-0.9659258262890683,6,0
2013-03-17 14:00:00,0.0,0.0,0.0,0.0,56.0,0.0,56.0,1.0,-0.4999999999999997,-0.8660254037844388,6,0
2013-03-17 15:00:00,0.0,0.0,0.0,0.0,46.0,0.0,46.0,1.0,-0.7071067811865471,-0.7071067811865479,6,0
2013-03-17 16:00:00,36.0,0.0,6.0,162.0,92.0,4.0,300.0,5.0,-0.8660254037844385,-0.5000000000000004,6,0
2013-03-17 17:00:00,76.0,62.0,0.0,0.0,48.0,8.0,194.0,4.0,-0.9659258262890683,-0.25881904510252063,6,0
2013-03-17 18:00:00,0.0,0.0,0.0,0.0,0.0,0.0,0.0,0.0,-1.0,-1.8369701987210297e-16,6,1
2013-03-17 19:00:00,32.0,0.0,4.0,26.0,38.0,8.0,108.0,5.0,-0.9659258262890684,0.2588190451025203,6,0
2013-03-17 20:00:00,0.0,0.0,0.0,2.0,12.0,0.0,14.0,2.0,-0.8660254037844386,0.5000000000000001,6,0
2013-03-17 21:00:00,0.0,0.0,0.0,0.0,0.0,0.0,0.0,0.0,-0.7071067811865477,0.7071067811865474,6,1
2013-03-17 22:00:00,36.0,212.0,0.0,92.0,66.0,2.0,408.0,5.0,-0.5000000000000004,0.8660254037844384,6,0
2013-03-17 23:00:00,58.0,2.0,0.0,0.0,70.0,10.0,140.0,4.0,-0.25881904510252157,0.9659258262890681,6,0
2013-03-18 00:00:00,12.0,44.0,0.0,0.0,0.0,0.0,56.0,2.0,0.0,1.0,0,0
2013-03-18 01:00:00,0.0,2.0,0.0,0.0,0.0,0.0,2.0,1.0,0.25881904510252074,0.9659258262890683,0,0
2013-03-18 02:00:00,0.0,4.0,0.0,0.0,0.0,0.0,4.0,1.0,0.49999999999999994,0.8660254037844387,0,0
2013-03-18 03:00:00,0.0,2.0,0.0,0.0,0.0,0.0,2.0,1.0,0.7071067811865476,0.7071067811865476,0,0
2013-03-18 04:00:00,46.0,90.0,0.0,0.0,0.0,0.0,136.0,2.0,0.8660254037844386,0.5000000000000001,0,0
2013-03-18 05:00:00,0.0,0.0,0.0,0.0,0.0,0.0,0.0,0.0,0.9659258262890683,0.25881904510252074,0,1
2013-03-18 06:00:00,0.0,2.0,0.0,0.0,0.0,0.0,2.0,1.0,1.0,6.123233995736766e-17,0,0
2013-03-18 07:00:00,0.0,6.0,0.0,0.0,0.0,0.0,6.0,1.0,0.9659258262890683,-0.25881904510252063,0,0
2013-03-18 08:00:00,50.0,58.0,4.0,48.0,82.0,16.0,258.0,6.0,0.8660254037844387,-0.4999999999999998,0,0
2013-03-18 09:00:00,42.0,0.0,10.0,284.0,92.0,2.0,430.0,5.0,0.7071067811865476,-0.7071067811865475,0,0
2013-03-18 10:00:00,0.0,0.0,2.0,42.0,90.0,0.0,134.0,3.0,0.49999999999999994,-0.8660254037844387,0,0
2013-03-18 11:00:00,177.0,272.0,12.0,72.0,70.0,2.0,605.0,6.0,0.258819045102521,-0.9659258262890682,0,0
2013-03-18 12:00:00,165.0,72.0,0.0,0.0,28.0,0.0,265.0,3.0,1.2246467991473532e-16,-1.0,0,0
2013-03-18 13:00:00,0.0,0.0,6.0,54.0,110.0,14.0,184.0,4.0,-0.2588190451025208,-0.9659258262890683,0,0
2013-03-18 14:00:00,0.0,0.0,0.0,0.0,124.0,0.0,124.0,1.0,-0.4999999999999997,-0.8660254037844388,0,0
2013-03-18 15:00:00,80.0,8.0,4.0,50.0,134.0,2.0,278.0,6.0,-0.7071067811865471,-0.7071067811865479,0,0
2013-03-18 16:00:00,0.0,0.0,2.0,0.0,0.0,0.0,2.0,1.0,-0.8660254037844385,-0.5000000000000004,0,0
2013-03-18 17:00:00,48.0,68.0,0.0,0.0,58.0,12.0,186.0,4.0,-0.9659258262890683,-0.25881904510252063,0,0
2013-03-18 18:00:00,0.0,0.0,0.0,0.0,0.0,0.0,0.0,0.0,-1.0,-1.8369701987210297e-16,0,1
2013-03-18 19:00:00,0.0,0.0,0.0,0.0,46.0,8.0,54.0,2.0,-0.9659258262890684,0.2588190451025203,0,0
2013-03-18 20:00:00,0.0,0.0,0.0,0.0,28.0,0.0,28.0,1.0,-0.8660254037844386,0.5000000000000001,0,0
2013-03-18 21:00:00,66.0,142.0,0.0,0.0,58.0,0.0,266.0,3.0,-0.7071067811865477,0.7071067811865474,0,0
2013-03-18 22:00:00,0.0,0.0,0.0,0.0,4.0,0.0,4.0,1.0,-0.5000000000000004,0.8660254037844384,0,0
2013-03-18 23:00:00,0.0,0.0,4.0,104.0,100.0,0.0,208.0,3.0,-0.25881904510252157,0.9659258262890681,0,0
2013-03-19 00:00:00,0.0,0.0,0.0,0.0,48.0,0.0,48.0,1.0,0.0,1.0,1,0
2013-03-19 01:00:00,44.0,60.0,4.0,16.0,16.0,0.0,140.0,5.0,0.25881904510252074,0.9659258262890683,1,0
2013-03-19 02:00:00,0.0,0.0,0.0,0.0,0.0,0.0,0.0,0.0,0.49999999999999994,0.8660254037844387,1,1
2013-03-19 03:00:00,0.0,0.0,0.0,0.0,0.0,0.0,0.0,0.0,0.7071067811865476,0.7071067811865476,1,1
2013-03-19 04:00:00,0.0,4.0,0.0,0.0,0.0,0.0,4.0,1.0,0.8660254037844386,0.5000000000000001,1,0
2013-03-19 05:00:00,0.0,4.0,0.0,0.0,0.0,0.0,4.0,1.0,0.9659258262890683,0.25881904510252074,1,0
2013-03-19 06:00:00,0.0,0.0,0.0,0.0,0.0,0.0,0.0,0.0,1.0,6.123233995736766e-17,1,1
2013-03-19 07:00:00,0.0,4.0,0.0,0.0,0.0,0.0,4.0,1.0,0.9659258262890683,-0.25881904510252063,1,0
2013-03-19 08:00:00,64.0,46.0,4.0,34.0,60.0,16.0,224.0,6.0,0.8660254037844387,-0.4999999999999998,1,0
2013-03-19 09:00:00,0.0,0.0,8.0,232.0,78.0,0.0,318.0,3.0,0.7071067811865476,-0.7071067811865475,1,0
2013-03-19 10:00:00,0.0,0.0,0.0,0.0,62.0,0.0,62.0,1.0,0.49999999999999994,-0.8660254037844387,1,0
2013-03-19 11:00:00,0.0,0.0,0.0,0.0,64.0,0.0,64.0,1.0,0.258819045102521,-0.9659258262890682,1,0
2013-03-19 12:00:00,0.0,0.0,0.0,0.0,48.0,0.0,48.0,1.0,1.2246467991473532e-16,-1.0,1,0
2013-03-19 13:00:00,268.0,72.0,0.0,0.0,42.0,0.0,382.0,3.0,-0.2588190451025208,-0.9659258262890683,1,0
2013-03-19 14:00:00,72.0,100.0,0.0,20.0,34.0,2.0,228.0,5.0,-0.4999999999999997,-0.8660254037844388,1,0
2013-03-19 15:00:00,0.0,18.0,0.0,0.0,32.0,10.0,60.0,3.0,-0.7071067811865471,-0.7071067811865479,1,0
2013-03-19 16:00:00,0.0,0.0,0.0,0.0,32.0,10.0,42.0,2.0,-0.8660254037844385,-0.5000000000000004,1,0
2013-03-19 17:00:00,40.0,4.0,0.0,0.0,42.0,10.0,96.0,4.0,-0.9659258262890683,-0.25881904510252063,1,0
2013-03-19 18:00:00,0.0,0.0,0.0,0.0,0.0,0.0,0.0,0.0,-1.0,-1.8369701987210297e-16,1,1
2013-03-19 19:00:00,16.0,4.0,0.0,0.0,30.0,12.0,62.0,4.0,-0.9659258262890684,0.2588190451025203,1,0
2013-03-19 20:00:00,0.0,0.0,0.0,0.0,6.0,0.0,6.0,1.0,-0.8660254037844386,0.5000000000000001,1,0
2013-03-19 21:00:00,0.0,0.0,0.0,0.0,20.0,0.0,20.0,1.0,-0.7071067811865477,0.7071067811865474,1,0
2013-03-19 22:00:00,36.0,4.0,12.0,110.0,100.0,8.0,270.0,6.0,-0.5000000000000004,0.8660254037844384,1,0
2013-03-19 23:00:00,0.0,0.0,0.0,0.0,50.0,0.0,50.0,1.0,-0.25881904510252157,0.9659258262890681,1,0
2013-03-20 00:00:00,54.0,204.0,2.0,20.0,58.0,6.0,344.0,6.0,0.0,1.0,2,0
2013-03-20 01:00:00,0.0,4.0,0.0,0.0,0.0,0.0,4.0,1.0,0.25881904510252074,0.9659258262890683,2,0
2013-03-20 02:00:00,0.0,6.0,0.0,0.0,0.0,0.0,6.0,1.0,0.49999999999999994,0.8660254037844387,2,0
2013-03-20 03:00:00,0.0,8.0,0.0,0.0,0.0,0.0,8.0,1.0,0.7071067811865476,0.7071067811865476,2,0
2013-03-20 04:00:00,0.0,2.0,0.0,0.0,0.0,0.0,2.0,1.0,0.8660254037844386,0.5000000000000001,2,0
2013-03-20 05:00:00,0.0,6.0,0.0,0.0,0.0,0.0,6.0,1.0,0.9659258262890683,0.25881904510252074,2,0
2013-03-20 06:00:00,0.0,10.0,0.0,0.0,0.0,0.0,10.0,1.0,1.0,6.123233995736766e-17,2,0
2013-03-20 07:00:00,0.0,2.0,0.0,0.0,0.0,0.0,2.0,1.0,0.9659258262890683,-0.25881904510252063,2,0
2013-03-20 08:00:00,54.0,56.0,4.0,52.0,64.0,18.0,248.0,6.0,0.8660254037844387,-0.4999999999999998,2,0
2013-03-20 09:00:00,0.0,0.0,0.0,252.0,76.0,0.0,328.0,2.0,0.7071067811865476,-0.7071067811865475,2,0
2013-03-20 10:00:00,0.0,0.0,0.0,0.0,62.0,0.0,62.0,1.0,0.49999999999999994,-0.8660254037844387,2,0
2013-03-20 11:00:00,212.0,164.0,0.0,2.0,78.0,14.0,470.0,5.0,0.258819045102521,-0.9659258262890682,2,0
2013-03-20 12:00:00,0.0,0.0,0.0,0.0,0.0,2.0,2.0,1.0,1.2246467991473532e-16,-1.0,2,0
2013-03-20 13:00:00,40.0,2.0,0.0,0.0,36.0,10.0,88.0,4.0,-0.2588190451025208,-0.9659258262890683,2,0
2013-03-20 14:00:00,0.0,8.0,0.0,0.0,20.0,14.0,42.0,3.0,-0.4999999999999997,-0.8660254037844388,2,0
2013-03-20 15:00:00,0.0,0.0,4.0,46.0,40.0,8.0,98.0,4.0,-0.7071067811865471,-0.7071067811865479,2,0
2013-03-20 16:00:00,0.0,0.0,0.0,0.0,2.0,0.0,2.0,1.0,-0.8660254037844385,-0.5000000000000004,2,0
2013-03-20 17:00:00,38.0,6.0,8.0,50.0,70.0,12.0,184.0,6.0,-0.9659258262890683,-0.25881904510252063,2,0
2013-03-20 18:00:00,0.0,0.0,0.0,2.0,0.0,0.0,2.0,1.0,-1.0,-1.8369701987210297e-16,2,0
2013-03-20 19:00:00,0.0,0.0,4.0,16.0,54.0,10.0,84.0,4.0,-0.9659258262890684,0.2588190451025203,2,0
2013-03-20 20:00:00,0.0,0.0,0.0,0.0,2.0,0.0,2.0,1.0,-0.8660254037844386,0.5000000000000001,2,0
2013-03-20 21:00:00,0.0,0.0,0.0,0.0,6.0,0.0,6.0,1.0,-0.7071067811865477,0.7071067811865474,2,0
2013-03-20 22:00:00,0.0,0.0,0.0,2.0,14.0,0.0,16.0,2.0,-0.5000000000000004,0.8660254037844384,2,0
2013-03-20 23:00:00,40.0,4.0,4.0,82.0,126.0,10.0,266.0,6.0,-0.25881904510252157,0.9659258262890681,2,0
2013-03-21 00:00:00,0.0,0.0,0.0,0.0,26.0,0.0,26.0,1.0,0.0,1.0,3,0
2013-03-21 01:00:00,44.0,174.0,6.0,30.0,48.0,8.0,310.0,6.0,0.25881904510252074,0.9659258262890683,3,0
2013-03-21 02:00:00,0.0,0.0,0.0,0.0,0.0,0.0,0.0,0.0,0.49999999999999994,0.8660254037844387,3,1
2013-03-21 03:00:00,0.0,2.0,0.0,0.0,0.0,0.0,2.0,1.0,0.7071067811865476,0.7071067811865476,3,0
2013-03-21 04:00:00,0.0,6.0,0.0,0.0,0.0,0.0,6.0,1.0,0.8660254037844386,0.5000000000000001,3,0
2013-03-21 05:00:00,0.0,18.0,0.0,0.0,0.0,0.0,18.0,1.0,0.9659258262890683,0.25881904510252074,3,0
2013-03-21 06:00:00,0.0,8.0,0.0,0.0,0.0,0.0,8.0,1.0,1.0,6.123233995736766e-17,3,0
2013-03-21 07:00:00,0.0,5.0,0.0,0.0,0.0,0.0,5.0,1.0,0.9659258262890683,-0.25881904510252063,3,0
2013-03-21 08:00:00,44.0,57.0,4.0,40.0,70.0,12.0,227.0,6.0,0.8660254037844387,-0.4999999999999998,3,0
2013-03-21 09:00:00,0.0,0.0,0.0,220.0,69.0,0.0,289.0,2.0,0.7071067811865476,-0.7071067811865475,3,0
2013-03-21 10:00:00,54.0,140.0,2.0,68.0,47.0,0.0,311.0,5.0,0.49999999999999994,-0.8660254037844387,3,0
2013-03-21 11:00:00,294.0,76.0,0.0,0.0,18.0,0.0,388.0,3.0,0.258819045102521,-0.9659258262890682,3,0
2013-03-21 12:00:00,4.0,64.0,2.0,52.0,90.0,22.0,234.0,6.0,1.2246467991473532e-16,-1.0,3,0
2013-03-21 13:00:00,50.0,2.0,0.0,0.0,56.0,0.0,108.0,3.0,-0.2588190451025208,-0.9659258262890683,3,0
2013-03-21 14:00:00,32.0,4.0,0.0,0.0,48.0,12.0,96.0,4.0,-0.4999999999999997,-0.8660254037844388,3,0
2013-03-21 15:00:00,0.0,0.0,0.0,0.0,0.0,0.0,0.0,0.0,-0.7071067811865471,-0.7071067811865479,3,1
2013-03-21 16:00:00,0.0,0.0,1.0,4.0,40.0,8.0,53.0,4.0,-0.8660254037844385,-0.5000000000000004,3,0
2013-03-21 17:00:00,56.0,2.0,7.0,64.0,64.0,8.0,201.0,6.0,-0.9659258262890683,-0.25881904510252063,3,0
2013-03-21 18:00:00,0.0,0.0,0.0,0.0,0.0,0.0,0.0,0.0,-1.0,-1.8369701987210297e-16,3,1
2013-03-21 19:00:00,30.0,4.0,12.0,28.0,24.0,10.0,108.0,6.0,-0.9659258262890684,0.2588190451025203,3,0
2013-03-21 20:00:00,0.0,0.0,0.0,0.0,22.0,0.0,22.0,1.0,-0.8660254037844386,0.5000000000000001,3,0
2013-03-21 21:00:00,0.0,0.0,0.0,2.0,6.0,0.0,8.0,2.0,-0.7071067811865477,0.7071067811865474,3,0
2013-03-21 22:00:00,0.0,0.0,0.0,0.0,12.0,0.0,12.0,1.0,-0.5000000000000004,0.8660254037844384,3,0
2013-03-21 23:00:00,48.0,174.0,4.0,56.0,64.0,16.0,362.0,6.0,-0.25881904510252157,0.9659258262890681,3,0
2013-03-22 00:00:00,0.0,0.0,0.0,0.0,0.0,0.0,0.0,0.0,0.0,1.0,4,1
2013-03-22 01:00:00,0.0,0.0,0.0,0.0,0.0,0.0,0.0,0.0,0.25881904510252074,0.9659258262890683,4,1
2013-03-22 02:00:00,0.0,6.0,0.0,0.0,0.0,0.0,6.0,1.0,0.49999999999999994,0.8660254037844387,4,0
2013-03-22 03:00:00,0.0,0.0,0.0,0.0,0.0,0.0,0.0,0.0,0.7071067811865476,0.7071067811865476,4,1
2013-03-22 04:00:00,0.0,4.0,0.0,0.0,0.0,0.0,4.0,1.0,0.8660254037844386,0.5000000000000001,4,0
2013-03-22 05:00:00,0.0,0.0,0.0,2.0,0.0,0.0,2.0,1.0,0.9659258262890683,0.25881904510252074,4,0
2013-03-22 06:00:00,0.0,2.0,0.0,0.0,0.0,0.0,2.0,1.0,1.0,6.123233995736766e-17,4,0
2013-03-22 07:00:00,0.0,12.0,0.0,0.0,0.0,0.0,12.0,1.0,0.9659258262890683,-0.25881904510252063,4,0
2013-03-22 08:00:00,0.0,12.0,0.0,0.0,0.0,0.0,12.0,1.0,0.8660254037844387,-0.4999999999999998,4,0
2013-03-22 09:00:00,38.0,176.0,2.0,60.0,102.0,14.0,392.0,6.0,0.7071067811865476,-0.7071067811865475,4,0
2013-03-22 10:00:00,48.0,4.0,4.0,206.0,81.0,2.0,345.0,6.0,0.49999999999999994,-0.8660254037844387,4,0
2013-03-22 11:00:00,96.0,80.0,0.0,0.0,71.0,2.0,249.0,4.0,0.258819045102521,-0.9659258262890682,4,0
2013-03-22 12:00:00,98.0,110.0,0.0,0.0,82.0,10.0,300.0,4.0,1.2246467991473532e-16,-1.0,4,0
2013-03-22 13:00:00,0.0,0.0,0.0,0.0,0.0,0.0,0.0,0.0,-0.2588190451025208,-0.9659258262890683,4,1
2013-03-22 14:00:00,0.0,0.0,32.0,102.0,76.0,10.0,220.0,4.0,-0.4999999999999997,-0.8660254037844388,4,0
2013-03-22 15:00:00,12.0,86.0,6.0,246.0,88.0,18.0,456.0,6.0,-0.7071067811865471,-0.7071067811865479,4,0
2013-03-22 16:00:00,0.0,0.0,0.0,0.0,0.0,0.0,0.0,0.0,-0.8660254037844385,-0.5000000000000004,4,1
2013-03-22 17:00:00,26.0,4.0,0.0,0.0,16.0,12.0,58.0,4.0,-0.9659258262890683,-0.25881904510252063,4,0
2013-03-22 18:00:00,0.0,0.0,0.0,0.0,0.0,0.0,0.0,0.0,-1.0,-1.8369701987210297e-16,4,1
2013-03-22 19:00:00,36.0,4.0,4.0,16.0,80.0,14.0,154.0,6.0,-0.9659258262890684,0.2588190451025203,4,0
2013-03-22 20:00:00,0.0,0.0,0.0,0.0,16.0,0.0,16.0,1.0,-0.8660254037844386,0.5000000000000001,4,0
2013-03-22 21:00:00,0.0,0.0,0.0,0.0,16.0,0.0,16.0,1.0,-0.7071067811865477,0.7071067811865474,4,0
2013-03-22 22:00:00,42.0,4.0,0.0,0.0,56.0,8.0,110.0,4.0,-0.5000000000000004,0.8660254037844384,4,0
2013-03-22 23:00:00,0.0,0.0,6.0,132.0,62.0,0.0,200.0,3.0,-0.25881904510252157,0.9659258262890681,4,0
2013-03-23 00:00:00,104.0,188.0,0.0,0.0,60.0,10.0,362.0,4.0,0.0,1.0,5,0
2013-03-23 01:00:00,0.0,6.0,0.0,0.0,0.0,0.0,6.0,1.0,0.25881904510252074,0.9659258262890683,5,0
2013-03-23 02:00:00,0.0,2.0,0.0,0.0,0.0,0.0,2.0,1.0,0.49999999999999994,0.8660254037844387,5,0
2013-03-23 03:00:00,0.0,2.0,0.0,0.0,0.0,0.0,2.0,1.0,0.7071067811865476,0.7071067811865476,5,0
2013-03-23 04:00:00,0.0,4.0,0.0,0.0,0.0,0.0,4.0,1.0,0.8660254037844386,0.5000000000000001,5,0
2013-03-23 05:00:00,0.0,4.0,0.0,2.0,0.0,0.0,6.0,2.0,0.9659258262890683,0.25881904510252074,5,0
2013-03-23 06:00:00,0.0,0.0,0.0,0.0,0.0,0.0,0.0,0.0,1.0,6.123233995736766e-17,5,1
2013-03-23 07:00:00,46.0,74.0,6.0,38.0,26.0,18.0,208.0,6.0,0.9659258262890683,-0.25881904510252063,5,0
2013-03-23 08:00:00,0.0,0.0,0.0,2.0,74.0,0.0,76.0,2.0,0.8660254037844387,-0.4999999999999998,5,0
2013-03-23 09:00:00,44.0,8.0,8.0,326.0,76.0,2.0,464.0,6.0,0.7071067811865476,-0.7071067811865475,5,0
2013-03-23 10:00:00,288.0,222.0,4.0,108.0,34.0,8.0,664.0,6.0,0.49999999999999994,-0.8660254037844387,5,0
2013-03-23 11:00:00,0.0,2.0,0.0,0.0,48.0,0.0,50.0,2.0,0.258819045102521,-0.9659258262890682,5,0
2013-03-23 12:00:00,40.0,4.0,2.0,0.0,68.0,18.0,132.0,5.0,1.2246467991473532e-16,-1.0,5,0
2013-03-23 13:00:00,0.0,0.0,12.0,180.0,72.0,18.0,282.0,4.0,-0.2588190451025208,-0.9659258262890683,5,0
2013-03-23 14:00:00,0.0,0.0,0.0,0.0,54.0,20.0,74.0,2.0,-0.4999999999999997,-0.8660254037844388,5,0
2013-03-23 15:00:00,0.0,0.0,6.0,122.0,74.0,20.0,222.0,4.0,-0.7071067811865471,-0.7071067811865479,5,0
2013-03-23 16:00:00,56.0,14.0,6.0,20.0,44.0,2.0,142.0,6.0,-0.8660254037844385,-0.5000000000000004,5,0
2013-03-23 17:00:00,58.0,24.0,0.0,0.0,50.0,10.0,142.0,4.0,-0.9659258262890683,-0.25881904510252063,5,0
2013-03-23 18:00:00,0.0,0.0,0.0,0.0,0.0,0.0,0.0,0.0,-1.0,-1.8369701987210297e-16,5,1
2013-03-23 19:00:00,30.0,2.0,0.0,0.0,22.0,14.0,68.0,4.0,-0.9659258262890684,0.2588190451025203,5,0
2013-03-23 20:00:00,0.0,0.0,0.0,0.0,0.0,0.0,0.0,0.0,-0.8660254037844386,0.5000000000000001,5,1
2013-03-23 21:00:00,0.0,0.0,0.0,0.0,0.0,0.0,0.0,0.0,-0.7071067811865477,0.7071067811865474,5,1
2013-03-23 22:00:00,32.0,4.0,14.0,214.0,84.0,4.0,352.0,6.0,-0.5000000000000004,0.8660254037844384,5,0
2013-03-23 23:00:00,0.0,0.0,0.0,0.0,40.0,0.0,40.0,1.0,-0.25881904510252157,0.9659258262890681,5,0
2013-03-24 00:00:00,88.0,244.0,4.0,14.0,74.0,8.0,432.0,6.0,0.0,1.0,6,0
2013-03-24 01:00:00,0.0,8.0,0.0,0.0,0.0,0.0,8.0,1.0,0.25881904510252074,0.9659258262890683,6,0
2013-03-24 02:00:00,0.0,0.0,0.0,0.0,0.0,0.0,0.0,0.0,0.49999999999999994,0.8660254037844387,6,1
2013-03-24 03:00:00,0.0,0.0,0.0,0.0,0.0,0.0,0.0,0.0,0.7071067811865476,0.7071067811865476,6,1
2013-03-24 04:00:00,0.0,2.0,0.0,2.0,0.0,0.0,4.0,2.0,0.8660254037844386,0.5000000000000001,6,0
2013-03-24 05:00:00,0.0,20.0,0.0,0.0,0.0,0.0,20.0,1.0,0.9659258262890683,0.25881904510252074,6,0
2013-03-24 06:00:00,0.0,6.0,0.0,0.0,0.0,0.0,6.0,1.0,1.0,6.123233995736766e-17,6,0
2013-03-24 07:00:00,38.0,74.0,2.0,56.0,30.0,18.0,218.0,6.0,0.9659258262890683,-0.25881904510252063,6,0
2013-03-24 08:00:00,0.0,0.0,0.0,0.0,95.0,0.0,95.0,1.0,0.8660254037844387,-0.4999999999999998,6,0
2013-03-24 09:00:00,74.0,4.0,18.0,348.0,141.0,0.0,585.0,5.0,0.7071067811865476,-0.7071067811865475,6,0
2013-03-24 10:00:00,0.0,0.0,0.0,0.0,64.0,0.0,64.0,1.0,0.49999999999999994,-0.8660254037844387,6,0
2013-03-24 11:00:00,294.0,482.0,2.0,30.0,70.0,8.0,886.0,6.0,0.258819045102521,-0.9659258262890682,6,0
2013-03-24 12:00:00,32.0,4.0,4.0,22.0,78.0,20.0,160.0,6.0,1.2246467991473532e-16,-1.0,6,0
2013-03-24 13:00:00,0.0,0.0,30.0,544.0,98.0,28.0,700.0,4.0,-0.2588190451025208,-0.9659258262890683,6,0
2013-03-24 14:00:00,30.0,4.0,6.0,124.0,80.0,12.0,256.0,6.0,-0.4999999999999997,-0.8660254037844388,6,0
2013-03-24 15:00:00,0.0,0.0,0.0,0.0,2.0,0.0,2.0,1.0,-0.7071067811865471,-0.7071067811865479,6,0
2013-03-24 16:00:00,2.0,0.0,8.0,84.0,54.0,0.0,148.0,4.0,-0.8660254037844385,-0.5000000000000004,6,0
2013-03-24 17:00:00,80.0,36.0,0.0,0.0,52.0,12.0,180.0,4.0,-0.9659258262890683,-0.25881904510252063,6,0
2013-03-24 18:00:00,0.0,0.0,0.0,0.0,0.0,0.0,0.0,0.0,-1.0,-1.8369701987210297e-16,6,1
2013-03-24 19:00:00,38.0,4.0,0.0,0.0,34.0,8.0,84.0,4.0,-0.9659258262890684,0.2588190451025203,6,0
2013-03-24 20:00:00,0.0,0.0,0.0,0.0,82.0,0.0,82.0,1.0,-0.8660254037844386,0.5000000000000001,6,0
2013-03-24 21:00:00,2.0,2.0,0.0,0.0,16.0,0.0,20.0,3.0,-0.7071067811865477,0.7071067811865474,6,0
2013-03-24 22:00:00,0.0,0.0,4.0,134.0,40.0,0.0,178.0,3.0,-0.5000000000000004,0.8660254037844384,6,0
2013-03-24 23:00:00,4.0,304.0,6.0,36.0,64.0,10.0,424.0,6.0,-0.25881904510252157,0.9659258262890681,6,0
2013-03-25 00:00:00,96.0,156.0,0.0,0.0,0.0,0.0,252.0,2.0,0.0,1.0,0,0
2013-03-25 01:00:00,0.0,2.0,0.0,0.0,0.0,0.0,2.0,1.0,0.25881904510252074,0.9659258262890683,0,0
2013-03-25 02:00:00,0.0,22.0,0.0,0.0,0.0,0.0,22.0,1.0,0.49999999999999994,0.8660254037844387,0,0
2013-03-25 03:00:00,0.0,2.0,0.0,0.0,0.0,0.0,2.0,1.0,0.7071067811865476,0.7071067811865476,0,0
2013-03-25 04:00:00,48.0,64.0,0.0,0.0,0.0,0.0,112.0,2.0,0.8660254037844386,0.5000000000000001,0,0
2013-03-25 05:00:00,0.0,0.0,0.0,0.0,0.0,0.0,0.0,0.0,0.9659258262890683,0.25881904510252074,0,1
2013-03-25 06:00:00,0.0,0.0,0.0,0.0,0.0,0.0,0.0,0.0,1.0,6.123233995736766e-17,0,1
2013-03-25 07:00:00,0.0,2.0,0.0,0.0,0.0,0.0,2.0,1.0,0.9659258262890683,-0.25881904510252063,0,0
2013-03-25 08:00:00,32.0,52.0,2.0,54.0,70.0,14.0,224.0,6.0,0.8660254037844387,-0.4999999999999998,0,0
2013-03-25 09:00:00,0.0,0.0,6.0,204.0,92.0,0.0,302.0,3.0,0.7071067811865476,-0.7071067811865475,0,0
2013-03-25 10:00:00,283.0,242.0,2.0,78.0,30.0,2.0,637.0,6.0,0.49999999999999994,-0.8660254037844387,0,0
2013-03-25 11:00:00,87.0,112.0,6.0,14.0,26.0,0.0,245.0,5.0,0.258819045102521,-0.9659258262890682,0,0
2013-03-25 12:00:00,38.0,22.0,14.0,126.0,102.0,10.0,312.0,6.0,1.2246467991473532e-16,-1.0,0,0
2013-03-25 13:00:00,0.0,0.0,0.0,2.0,42.0,14.0,58.0,3.0,-0.2588190451025208,-0.9659258262890683,0,0
2013-03-25 14:00:00,56.0,4.0,0.0,0.0,48.0,12.0,120.0,4.0,-0.4999999999999997,-0.8660254037844388,0,0
2013-03-25 15:00:00,0.0,0.0,0.0,0.0,0.0,0.0,0.0,0.0,-0.7071067811865471,-0.7071067811865479,0,1
2013-03-25 16:00:00,34.0,0.0,0.0,0.0,34.0,12.0,80.0,3.0,-0.8660254037844385,-0.5000000000000004,0,0
2013-03-25 17:00:00,22.0,4.0,10.0,2.0,78.0,8.0,124.0,6.0,-0.9659258262890683,-0.25881904510252063,0,0
2013-03-25 18:00:00,0.0,0.0,0.0,0.0,0.0,0.0,0.0,0.0,-1.0,-1.8369701987210297e-16,0,1
2013-03-25 19:00:00,16.0,48.0,0.0,0.0,24.0,8.0,96.0,4.0,-0.9659258262890684,0.2588190451025203,0,0
2013-03-25 20:00:00,0.0,0.0,0.0,0.0,6.0,0.0,6.0,1.0,-0.8660254037844386,0.5000000000000001,0,0
2013-03-25 21:00:00,0.0,0.0,0.0,0.0,28.0,0.0,28.0,1.0,-0.7071067811865477,0.7071067811865474,0,0
2013-03-25 22:00:00,38.0,66.0,0.0,0.0,42.0,2.0,148.0,4.0,-0.5000000000000004,0.8660254037844384,0,0
2013-03-25 23:00:00,0.0,26.0,0.0,0.0,148.0,2.0,176.0,3.0,-0.25881904510252157,0.9659258262890681,0,0
2013-03-26 00:00:00,74.0,114.0,2.0,74.0,52.0,0.0,316.0,5.0,0.0,1.0,1,0
2013-03-26 01:00:00,0.0,2.0,0.0,0.0,0.0,0.0,2.0,1.0,0.25881904510252074,0.9659258262890683,1,0
2013-03-26 02:00:00,0.0,0.0,0.0,0.0,0.0,0.0,0.0,0.0,0.49999999999999994,0.8660254037844387,1,1
2013-03-26 03:00:00,0.0,2.0,0.0,0.0,0.0,0.0,2.0,1.0,0.7071067811865476,0.7071067811865476,1,0
2013-03-26 04:00:00,0.0,6.0,0.0,0.0,0.0,0.0,6.0,1.0,0.8660254037844386,0.5000000000000001,1,0
2013-03-26 05:00:00,0.0,0.0,0.0,2.0,0.0,0.0,2.0,1.0,0.9659258262890683,0.25881904510252074,1,0
2013-03-26 06:00:00,0.0,8.0,0.0,0.0,2.0,0.0,10.0,2.0,1.0,6.123233995736766e-17,1,0
2013-03-26 07:00:00,56.0,64.0,4.0,46.0,40.0,10.0,220.0,6.0,0.9659258262890683,-0.25881904510252063,1,0
2013-03-26 08:00:00,56.0,0.0,2.0,70.0,82.0,0.0,210.0,4.0,0.8660254037844387,-0.4999999999999998,1,0
2013-03-26 09:00:00,0.0,0.0,6.0,146.0,84.0,0.0,236.0,3.0,0.7071067811865476,-0.7071067811865475,1,0
2013-03-26 10:00:00,12.0,100.0,4.0,34.0,100.0,2.0,252.0,6.0,0.49999999999999994,-0.8660254037844387,1,0
2013-03-26 11:00:00,268.0,124.0,0.0,2.0,128.0,4.0,526.0,5.0,0.258819045102521,-0.9659258262890682,1,0
2013-03-26 12:00:00,0.0,0.0,6.0,40.0,182.0,0.0,228.0,3.0,1.2246467991473532e-16,-1.0,1,0
2013-03-26 13:00:00,0.0,0.0,0.0,2.0,52.0,0.0,54.0,2.0,-0.2588190451025208,-0.9659258262890683,1,0
2013-03-26 14:00:00,32.0,14.0,2.0,32.0,86.0,22.0,188.0,6.0,-0.4999999999999997,-0.8660254037844388,1,0
2013-03-26 15:00:00,0.0,0.0,0.0,0.0,8.0,0.0,8.0,1.0,-0.7071067811865471,-0.7071067811865479,1,0
2013-03-26 16:00:00,34.0,70.0,2.0,48.0,32.0,0.0,186.0,5.0,-0.8660254037844385,-0.5000000000000004,1,0
2013-03-26 17:00:00,18.0,0.0,0.0,0.0,22.0,8.0,48.0,3.0,-0.9659258262890683,-0.25881904510252063,1,0
2013-03-26 18:00:00,0.0,0.0,0.0,0.0,0.0,0.0,0.0,0.0,-1.0,-1.8369701987210297e-16,1,1
2013-03-26 19:00:00,14.0,0.0,0.0,0.0,20.0,16.0,50.0,3.0,-0.9659258262890684,0.2588190451025203,1,0
2013-03-26 20:00:00,0.0,0.0,0.0,2.0,64.0,0.0,66.0,2.0,-0.8660254037844386,0.5000000000000001,1,0
2013-03-26 21:00:00,42.0,220.0,4.0,80.0,74.0,10.0,430.0,6.0,-0.7071067811865477,0.7071067811865474,1,0
2013-03-26 22:00:00,0.0,0.0,0.0,0.0,72.0,0.0,72.0,1.0,-0.5000000000000004,0.8660254037844384,1,0
2013-03-26 23:00:00,64.0,100.0,2.0,22.0,72.0,2.0,262.0,6.0,-0.25881904510252157,0.9659258262890681,1,0
2013-03-27 00:00:00,0.0,20.0,0.0,0.0,0.0,0.0,20.0,1.0,0.0,1.0,2,0
2013-03-27 01:00:00,0.0,2.0,0.0,0.0,0.0,0.0,2.0,1.0,0.25881904510252074,0.9659258262890683,2,0
2013-03-27 02:00:00,0.0,10.0,0.0,2.0,0.0,0.0,12.0,2.0,0.49999999999999994,0.8660254037844387,2,0
2013-03-27 03:00:00,0.0,2.0,0.0,0.0,0.0,0.0,2.0,1.0,0.7071067811865476,0.7071067811865476,2,0
2013-03-27 04:00:00,0.0,10.0,0.0,0.0,0.0,0.0,10.0,1.0,0.8660254037844386,0.5000000000000001,2,0
2013-03-27 05:00:00,0.0,6.0,0.0,0.0,0.0,0.0,6.0,1.0,0.9659258262890683,0.25881904510252074,2,0
2013-03-27 06:00:00,46.0,84.0,6.0,28.0,32.0,16.0,212.0,6.0,1.0,6.123233995736766e-17,2,0
2013-03-27 07:00:00,0.0,0.0,0.0,0.0,74.0,0.0,74.0,1.0,0.9659258262890683,-0.25881904510252063,2,0
2013-03-27 08:00:00,0.0,2.0,4.0,192.0,94.0,0.0,292.0,4.0,0.8660254037844387,-0.4999999999999998,2,0
2013-03-27 09:00:00,310.0,168.0,12.0,42.0,100.0,2.0,634.0,6.0,0.7071067811865476,-0.7071067811865475,2,0
2013-03-27 10:00:00,0.0,0.0,4.0,46.0,178.0,14.0,242.0,4.0,0.49999999999999994,-0.8660254037844387,2,0
2013-03-27 11:00:00,0.0,0.0,6.0,12.0,116.0,12.0,146.0,4.0,0.258819045102521,-0.9659258262890682,2,0
2013-03-27 12:00:00,0.0,0.0,0.0,0.0,0.0,0.0,0.0,0.0,1.2246467991473532e-16,-1.0,2,1
2013-03-27 13:00:00,22.0,2.0,4.0,100.0,84.0,12.0,224.0,6.0,-0.2588190451025208,-0.9659258262890683,2,0
2013-03-27 14:00:00,0.0,0.0,0.0,0.0,122.0,0.0,122.0,1.0,-0.4999999999999997,-0.8660254037844388,2,0
2013-03-27 15:00:00,0.0,0.0,0.0,0.0,120.0,26.0,146.0,2.0,-0.7071067811865471,-0.7071067811865479,2,0
2013-03-27 16:00:00,30.0,2.0,0.0,0.0,34.0,10.0,76.0,4.0,-0.8660254037844385,-0.5000000000000004,2,0
2013-03-27 17:00:00,0.0,0.0,10.0,348.0,42.0,0.0,400.0,3.0,-0.9659258262890683,-0.25881904510252063,2,0
2013-03-27 18:00:00,0.0,0.0,0.0,0.0,2.0,0.0,2.0,1.0,-1.0,-1.8369701987210297e-16,2,0
2013-03-27 19:00:00,38.0,2.0,0.0,0.0,24.0,6.0,70.0,4.0,-0.9659258262890684,0.2588190451025203,2,0
2013-03-27 20:00:00,0.0,0.0,0.0,0.0,46.0,8.0,54.0,2.0,-0.8660254037844386,0.5000000000000001,2,0
2013-03-27 21:00:00,0.0,0.0,0.0,0.0,120.0,0.0,120.0,1.0,-0.7071067811865477,0.7071067811865474,2,0
2013-03-27 22:00:00,0.0,0.0,2.0,100.0,90.0,0.0,192.0,3.0,-0.5000000000000004,0.8660254037844384,2,0
2013-03-27 23:00:00,80.0,176.0,6.0,68.0,102.0,4.0,436.0,6.0,-0.25881904510252157,0.9659258262890681,2,0
2013-03-28 00:00:00,0.0,0.0,0.0,0.0,0.0,0.0,0.0,0.0,0.0,1.0,3,1
2013-03-28 01:00:00,0.0,6.0,0.0,0.0,0.0,0.0,6.0,1.0,0.25881904510252074,0.9659258262890683,3,0
2013-03-28 02:00:00,0.0,32.0,0.0,0.0,0.0,0.0,32.0,1.0,0.49999999999999994,0.8660254037844387,3,0
2013-03-28 03:00:00,0.0,16.0,0.0,0.0,0.0,0.0,16.0,1.0,0.7071067811865476,0.7071067811865476,3,0
2013-03-28 04:00:00,0.0,2.0,0.0,2.0,0.0,0.0,4.0,2.0,0.8660254037844386,0.5000000000000001,3,0
2013-03-28 05:00:00,0.0,16.0,0.0,2.0,0.0,0.0,18.0,2.0,0.9659258262890683,0.25881904510252074,3,0
2013-03-28 06:00:00,0.0,2.0,0.0,0.0,0.0,0.0,2.0,1.0,1.0,6.123233995736766e-17,3,0
2013-03-28 07:00:00,0.0,10.0,0.0,0.0,0.0,0.0,10.0,1.0,0.9659258262890683,-0.25881904510252063,3,0
2013-03-28 08:00:00,90.0,38.0,6.0,76.0,106.0,20.0,336.0,6.0,0.8660254037844387,-0.4999999999999998,3,0
2013-03-28 09:00:00,2.0,0.0,50.0,464.0,139.0,0.0,655.0,4.0,0.7071067811865476,-0.7071067811865475,3,0
2013-03-28 10:00:00,62.0,102.0,42.0,90.0,367.0,26.0,689.0,6.0,0.49999999999999994,-0.8660254037844387,3,0
2013-03-28 11:00:00,308.0,162.0,16.0,140.0,114.0,4.0,744.0,6.0,0.258819045102521,-0.9659258262890682,3,0
2013-03-28 12:00:00,32.0,20.0,4.0,0.0,134.0,10.0,200.0,5.0,1.2246467991473532e-16,-1.0,3,0
2013-03-28 13:00:00,0.0,0.0,0.0,0.0,0.0,0.0,0.0,0.0,-0.2588190451025208,-0.9659258262890683,3,1
2013-03-28 14:00:00,0.0,0.0,0.0,0.0,0.0,0.0,0.0,0.0,-0.4999999999999997,-0.8660254037844388,3,1
2013-03-28 15:00:00,0.0,0.0,0.0,0.0,0.0,0.0,0.0,0.0,-0.7071067811865471,-0.7071067811865479,3,1
2013-03-28 16:00:00,14.0,2.0,4.0,12.0,98.0,26.0,156.0,6.0,-0.8660254037844385,-0.5000000000000004,3,0
2013-03-28 17:00:00,34.0,80.0,0.0,2.0,56.0,12.0,184.0,5.0,-0.9659258262890683,-0.25881904510252063,3,0
2013-03-28 18:00:00,0.0,0.0,0.0,0.0,0.0,2.0,2.0,1.0,-1.0,-1.8369701987210297e-16,3,0
2013-03-28 19:00:00,0.0,0.0,0.0,2.0,0.0,1.0,3.0,2.0,-0.9659258262890684,0.2588190451025203,3,0
2013-03-28 20:00:00,0.0,0.0,0.0,0.0,294.0,5.0,299.0,2.0,-0.8660254037844386,0.5000000000000001,3,0
2013-03-28 21:00:00,0.0,0.0,0.0,2.0,150.0,0.0,152.0,2.0,-0.7071067811865477,0.7071067811865474,3,0
2013-03-28 22:00:00,0.0,0.0,0.0,0.0,128.0,0.0,128.0,1.0,-0.5000000000000004,0.8660254037844384,3,0
2013-03-28 23:00:00,4.0,2.0,4.0,88.0,130.0,10.0,238.0,6.0,-0.25881904510252157,0.9659258262890681,3,0
2013-03-29 00:00:00,92.0,220.0,0.0,0.0,20.0,2.0,334.0,4.0,0.0,1.0,4,0
2013-03-29 01:00:00,0.0,0.0,0.0,0.0,0.0,0.0,0.0,0.0,0.25881904510252074,0.9659258262890683,4,1
2013-03-29 02:00:00,0.0,2.0,0.0,0.0,0.0,0.0,2.0,1.0,0.49999999999999994,0.8660254037844387,4,0
2013-03-29 03:00:00,0.0,10.0,0.0,0.0,0.0,0.0,10.0,1.0,0.7071067811865476,0.7071067811865476,4,0
2013-03-29 04:00:00,0.0,8.0,0.0,0.0,0.0,0.0,8.0,1.0,0.8660254037844386,0.5000000000000001,4,0
2013-03-29 05:00:00,0.0,0.0,0.0,0.0,0.0,0.0,0.0,0.0,0.9659258262890683,0.25881904510252074,4,1
2013-03-29 06:00:00,0.0,4.0,0.0,0.0,0.0,0.0,4.0,1.0,1.0,6.123233995736766e-17,4,0
2013-03-29 07:00:00,32.0,80.0,6.0,48.0,48.0,16.0,230.0,6.0,0.9659258262890683,-0.25881904510252063,4,0
2013-03-29 08:00:00,0.0,0.0,0.0,0.0,91.0,0.0,91.0,1.0,0.8660254037844387,-0.4999999999999998,4,0
2013-03-29 09:00:00,0.0,0.0,10.0,212.0,107.0,0.0,329.0,3.0,0.7071067811865476,-0.7071067811865475,4,0
2013-03-29 10:00:00,0.0,2.0,0.0,0.0,88.0,0.0,90.0,2.0,0.49999999999999994,-0.8660254037844387,4,0
2013-03-29 11:00:00,0.0,0.0,0.0,0.0,94.0,0.0,94.0,1.0,0.258819045102521,-0.9659258262890682,4,0
2013-03-29 12:00:00,232.0,236.0,4.0,30.0,62.0,2.0,566.0,6.0,1.2246467991473532e-16,-1.0,4,0
2013-03-29 13:00:00,0.0,0.0,4.0,44.0,90.0,16.0,154.0,4.0,-0.2588190451025208,-0.9659258262890683,4,0
2013-03-29 14:00:00,0.0,0.0,0.0,0.0,50.0,0.0,50.0,1.0,-0.4999999999999997,-0.8660254037844388,4,0
2013-03-29 15:00:00,4.0,4.0,0.0,0.0,42.0,38.0,88.0,4.0,-0.7071067811865471,-0.7071067811865479,4,0
2013-03-29 16:00:00,48.0,2.0,10.0,80.0,178.0,28.0,346.0,6.0,-0.8660254037844385,-0.5000000000000004,4,0
2013-03-29 17:00:00,32.0,6.0,0.0,0.0,114.0,32.0,184.0,4.0,-0.9659258262890683,-0.25881904510252063,4,0
2013-03-29 18:00:00,0.0,0.0,2.0,0.0,0.0,0.0,2.0,1.0,-1.0,-1.8369701987210297e-16,4,0
2013-03-29 19:00:00,0.0,0.0,4.0,56.0,108.0,8.0,176.0,4.0,-0.9659258262890684,0.2588190451025203,4,0
2013-03-29 20:00:00,0.0,0.0,0.0,0.0,58.0,0.0,58.0,1.0,-0.8660254037844386,0.5000000000000001,4,0
2013-03-29 21:00:00,0.0,2.0,4.0,98.0,126.0,0.0,230.0,4.0,-0.7071067811865477,0.7071067811865474,4,0
2013-03-29 22:00:00,0.0,0.0,0.0,0.0,14.0,0.0,14.0,1.0,-0.5000000000000004,0.8660254037844384,4,0
2013-03-29 23:00:00,0.0,0.0,0.0,0.0,10.0,0.0,10.0,1.0,-0.25881904510252157,0.9659258262890681,4,0
2013-03-30 00:00:00,0.0,2.0,0.0,0.0,0.0,0.0,2.0,1.0,0.0,1.0,5,0
2013-03-30 01:00:00,118.0,178.0,0.0,0.0,58.0,8.0,362.0,4.0,0.25881904510252074,0.9659258262890683,5,0
2013-03-30 02:00:00,0.0,26.0,0.0,0.0,0.0,0.0,26.0,1.0,0.49999999999999994,0.8660254037844387,5,0
2013-03-30 03:00:00,0.0,22.0,0.0,0.0,0.0,0.0,22.0,1.0,0.7071067811865476,0.7071067811865476,5,0
2013-03-30 04:00:00,0.0,12.0,0.0,0.0,0.0,0.0,12.0,1.0,0.8660254037844386,0.5000000000000001,5,0
2013-03-30 05:00:00,0.0,2.0,0.0,0.0,0.0,0.0,2.0,1.0,0.9659258262890683,0.25881904510252074,5,0
2013-03-30 06:00:00,0.0,4.0,0.0,0.0,0.0,0.0,4.0,1.0,1.0,6.123233995736766e-17,5,0
2013-03-30 07:00:00,32.0,34.0,6.0,52.0,58.0,16.0,198.0,6.0,0.9659258262890683,-0.25881904510252063,5,0
2013-03-30 08:00:00,0.0,0.0,14.0,336.0,86.0,0.0,436.0,3.0,0.8660254037844387,-0.4999999999999998,5,0
2013-03-30 09:00:00,0.0,0.0,2.0,42.0,54.0,0.0,98.0,3.0,0.7071067811865476,-0.7071067811865475,5,0
2013-03-30 10:00:00,0.0,91.0,4.0,34.0,90.0,2.0,221.0,5.0,0.49999999999999994,-0.8660254037844387,5,0
2013-03-30 11:00:00,272.0,331.0,0.0,0.0,38.0,2.0,643.0,4.0,0.258819045102521,-0.9659258262890682,5,0
2013-03-30 12:00:00,0.0,0.0,0.0,0.0,138.0,0.0,138.0,1.0,1.2246467991473532e-16,-1.0,5,0
2013-03-30 13:00:00,0.0,0.0,0.0,0.0,6.0,0.0,6.0,1.0,-0.2588190451025208,-0.9659258262890683,5,0
2013-03-30 14:00:00,24.0,4.0,0.0,0.0,46.0,2.0,76.0,4.0,-0.4999999999999997,-0.8660254037844388,5,0
2013-03-30 15:00:00,0.0,0.0,12.0,108.0,110.0,12.0,242.0,4.0,-0.7071067811865471,-0.7071067811865479,5,0
2013-03-30 16:00:00,36.0,4.0,28.0,294.0,102.0,36.0,500.0,6.0,-0.8660254037844385,-0.5000000000000004,5,0
2013-03-30 17:00:00,14.0,80.0,0.0,0.0,48.0,8.0,150.0,4.0,-0.9659258262890683,-0.25881904510252063,5,0
2013-03-30 18:00:00,0.0,0.0,0.0,0.0,0.0,0.0,0.0,0.0,-1.0,-1.8369701987210297e-16,5,1
2013-03-30 19:00:00,4.0,12.0,0.0,0.0,26.0,8.0,50.0,4.0,-0.9659258262890684,0.2588190451025203,5,0
2013-03-30 20:00:00,0.0,2.0,2.0,0.0,2.0,0.0,6.0,3.0,-0.8660254037844386,0.5000000000000001,5,0
2013-03-30 21:00:00,0.0,0.0,0.0,2.0,0.0,0.0,2.0,1.0,-0.7071067811865477,0.7071067811865474,5,0
2013-03-30 22:00:00,128.0,174.0,2.0,44.0,54.0,10.0,412.0,6.0,-0.5000000000000004,0.8660254037844384,5,0
2013-03-30 23:00:00,0.0,0.0,0.0,0.0,116.0,0.0,116.0,1.0,-0.25881904510252157,0.9659258262890681,5,0
2013-03-31 00:00:00,38.0,30.0,0.0,0.0,44.0,2.0,114.0,4.0,0.0,1.0,6,0
2013-03-31 01:00:00,0.0,0.0,0.0,0.0,0.0,0.0,0.0,0.0,0.25881904510252074,0.9659258262890683,6,1
2013-03-31 02:00:00,0.0,10.0,0.0,0.0,0.0,0.0,10.0,1.0,0.49999999999999994,0.8660254037844387,6,0
2013-03-31 03:00:00,0.0,0.0,0.0,0.0,0.0,0.0,0.0,0.0,0.7071067811865476,0.7071067811865476,6,1
2013-03-31 04:00:00,0.0,6.0,0.0,0.0,0.0,0.0,6.0,1.0,0.8660254037844386,0.5000000000000001,6,0
2013-03-31 05:00:00,0.0,0.0,0.0,0.0,0.0,0.0,0.0,0.0,0.9659258262890683,0.25881904510252074,6,1
2013-03-31 06:00:00,0.0,6.0,0.0,0.0,0.0,0.0,6.0,1.0,1.0,6.123233995736766e-17,6,0
2013-03-31 07:00:00,30.0,42.0,6.0,30.0,102.0,16.0,226.0,6.0,0.9659258262890683,-0.25881904510252063,6,0
2013-03-31 08:00:00,0.0,0.0,0.0,0.0,52.0,0.0,52.0,1.0,0.8660254037844387,-0.4999999999999998,6,0
2013-03-31 09:00:00,408.0,262.0,8.0,100.0,82.0,4.0,864.0,6.0,0.7071067811865476,-0.7071067811865475,6,0
2013-03-31 10:00:00,32.0,10.0,16.0,122.0,92.0,10.0,282.0,6.0,0.49999999999999994,-0.8660254037844387,6,0
2013-03-31 11:00:00,0.0,0.0,0.0,0.0,0.0,0.0,0.0,0.0,0.258819045102521,-0.9659258262890682,6,1
2013-03-31 12:00:00,0.0,0.0,0.0,0.0,0.0,0.0,0.0,0.0,1.2246467991473532e-16,-1.0,6,1
2013-03-31 13:00:00,0.0,0.0,0.0,0.0,0.0,0.0,0.0,0.0,-0.2588190451025208,-0.9659258262890683,6,1
2013-03-31 14:00:00,0.0,0.0,16.0,102.0,40.0,8.0,166.0,4.0,-0.4999999999999997,-0.8660254037844388,6,0
2013-03-31 15:00:00,20.0,2.0,10.0,202.0,88.0,0.0,322.0,5.0,-0.7071067811865471,-0.7071067811865479,6,0
2013-03-31 16:00:00,0.0,0.0,4.0,124.0,43.0,0.0,171.0,3.0,-0.8660254037844385,-0.5000000000000004,6,0
2013-03-31 17:00:00,60.0,2.0,0.0,0.0,37.0,2.0,101.0,4.0,-0.9659258262890683,-0.25881904510252063,6,0
2013-03-31 18:00:00,0.0,0.0,6.0,202.0,62.0,0.0,270.0,3.0,-1.0,-1.8369701987210297e-16,6,0
2013-03-31 19:00:00,0.0,0.0,0.0,0.0,86.0,0.0,86.0,1.0,-0.9659258262890684,0.2588190451025203,6,0
2013-03-31 20:00:00,0.0,0.0,0.0,0.0,236.0,0.0,236.0,1.0,-0.8660254037844386,0.5000000000000001,6,0
2013-03-31 21:00:00,26.0,144.0,22.0,86.0,226.0,2.0,506.0,6.0,-0.7071067811865477,0.7071067811865474,6,0
2013-03-31 22:00:00,0.0,0.0,0.0,0.0,82.0,0.0,82.0,1.0,-0.5000000000000004,0.8660254037844384,6,0
2013-03-31 23:00:00,98.0,84.0,4.0,66.0,48.0,8.0,308.0,6.0,-0.25881904510252157,0.9659258262890681,6,0
2013-04-01 00:00:00,0.0,4.0,0.0,2.0,0.0,0.0,6.0,2.0,0.0,1.0,0,0
2013-04-01 01:00:00,0.0,8.0,0.0,0.0,0.0,0.0,8.0,1.0,0.25881904510252074,0.9659258262890683,0,0
2013-04-01 02:00:00,0.0,8.0,0.0,0.0,0.0,0.0,8.0,1.0,0.49999999999999994,0.8660254037844387,0,0
2013-04-01 03:00:00,0.0,8.0,0.0,4.0,2.0,0.0,14.0,3.0,0.7071067811865476,0.7071067811865476,0,0
2013-04-01 04:00:00,0.0,4.0,0.0,0.0,0.0,0.0,4.0,1.0,0.8660254037844386,0.5000000000000001,0,0
2013-04-01 05:00:00,0.0,16.0,0.0,0.0,0.0,0.0,16.0,1.0,0.9659258262890683,0.25881904510252074,0,0
2013-04-01 06:00:00,34.0,66.0,2.0,44.0,64.0,16.0,226.0,6.0,1.0,6.123233995736766e-17,0,0
2013-04-01 07:00:00,0.0,0.0,2.0,394.0,58.0,0.0,454.0,3.0,0.9659258262890683,-0.25881904510252063,0,0
2013-04-01 08:00:00,0.0,0.0,2.0,0.0,104.0,0.0,106.0,2.0,0.8660254037844387,-0.4999999999999998,0,0
2013-04-01 09:00:00,70.0,8.0,4.0,164.0,112.0,6.0,364.0,6.0,0.7071067811865476,-0.7071067811865475,0,0
2013-04-01 10:00:00,14.0,2.0,14.0,92.0,152.0,2.0,276.0,6.0,0.49999999999999994,-0.8660254037844387,0,0
2013-04-01 11:00:00,332.0,232.0,0.0,0.0,90.0,0.0,654.0,3.0,0.258819045102521,-0.9659258262890682,0,0
2013-04-01 12:00:00,0.0,0.0,0.0,0.0,36.0,12.0,48.0,2.0,1.2246467991473532e-16,-1.0,0,0
2013-04-01 13:00:00,34.0,50.0,2.0,38.0,64.0,12.0,200.0,6.0,-0.2588190451025208,-0.9659258262890683,0,0
2013-04-01 14:00:00,54.0,38.0,0.0,2.0,46.0,0.0,140.0,4.0,-0.4999999999999997,-0.8660254037844388,0,0
2013-04-01 15:00:00,0.0,8.0,0.0,0.0,44.0,16.0,68.0,3.0,-0.7071067811865471,-0.7071067811865479,0,0
2013-04-01 16:00:00,0.0,0.0,0.0,0.0,4.0,0.0,4.0,1.0,-0.8660254037844385,-0.5000000000000004,0,0
2013-04-01 17:00:00,40.0,14.0,18.0,8.0,126.0,10.0,216.0,6.0,-0.9659258262890683,-0.25881904510252063,0,0
2013-04-01 18:00:00,0.0,0.0,4.0,20.0,26.0,6.0,56.0,4.0,-1.0,-1.8369701987210297e-16,0,0
2013-04-01 19:00:00,0.0,0.0,0.0,0.0,110.0,0.0,110.0,1.0,-0.9659258262890684,0.2588190451025203,0,0
2013-04-01 20:00:00,0.0,0.0,0.0,0.0,28.0,0.0,28.0,1.0,-0.8660254037844386,0.5000000000000001,0,0
2013-04-01 21:00:00,0.0,0.0,0.0,0.0,20.0,0.0,20.0,1.0,-0.7071067811865477,0.7071067811865474,0,0
2013-04-01 22:00:00,30.0,0.0,6.0,50.0,98.0,8.0,192.0,5.0,-0.5000000000000004,0.8660254037844384,0,0
2013-04-01 23:00:00,0.0,0.0,0.0,0.0,36.0,0.0,36.0,1.0,-0.25881904510252157,0.9659258262890681,0,0
2013-04-02 00:00:00,0.0,0.0,0.0,0.0,0.0,0.0,0.0,0.0,0.0,1.0,1,1
2013-04-02 01:00:00,0.0,0.0,0.0,0.0,8.0,0.0,8.0,1.0,0.25881904510252074,0.9659258262890683,1,0
2013-04-02 02:00:00,24.0,144.0,0.0,0.0,22.0,0.0,190.0,3.0,0.49999999999999994,0.8660254037844387,1,0
2013-04-02 03:00:00,0.0,0.0,0.0,0.0,0.0,0.0,0.0,0.0,0.7071067811865476,0.7071067811865476,1,1
2013-04-02 04:00:00,0.0,2.0,0.0,0.0,0.0,0.0,2.0,1.0,0.8660254037844386,0.5000000000000001,1,0
2013-04-02 05:00:00,0.0,10.0,0.0,0.0,0.0,0.0,10.0,1.0,0.9659258262890683,0.25881904510252074,1,0
2013-04-02 06:00:00,0.0,0.0,0.0,0.0,0.0,0.0,0.0,0.0,1.0,6.123233995736766e-17,1,1
2013-04-02 07:00:00,0.0,0.0,0.0,0.0,0.0,0.0,0.0,0.0,0.9659258262890683,-0.25881904510252063,1,1
2013-04-02 08:00:00,26.0,62.0,2.0,46.0,32.0,20.0,188.0,6.0,0.8660254037844387,-0.4999999999999998,1,0
2013-04-02 09:00:00,40.0,2.0,0.0,0.0,76.0,0.0,118.0,3.0,0.7071067811865476,-0.7071067811865475,1,0
2013-04-02 10:00:00,24.0,14.0,16.0,430.0,154.0,12.0,650.0,6.0,0.49999999999999994,-0.8660254037844387,1,0
2013-04-02 11:00:00,282.0,302.0,4.0,26.0,114.0,20.0,748.0,6.0,0.258819045102521,-0.9659258262890682,1,0
2013-04-02 12:00:00,0.0,0.0,0.0,0.0,12.0,0.0,12.0,1.0,1.2246467991473532e-16,-1.0,1,0
2013-04-02 13:00:00,38.0,6.0,14.0,250.0,140.0,22.0,470.0,6.0,-0.2588190451025208,-0.9659258262890683,1,0
2013-04-02 14:00:00,0.0,0.0,0.0,0.0,0.0,0.0,0.0,0.0,-0.4999999999999997,-0.8660254037844388,1,1
2013-04-02 15:00:00,0.0,10.0,0.0,0.0,108.0,20.0,138.0,3.0,-0.7071067811865471,-0.7071067811865479,1,0
2013-04-02 16:00:00,36.0,2.0,18.0,118.0,78.0,2.0,254.0,6.0,-0.8660254037844385,-0.5000000000000004,1,0
2013-04-02 17:00:00,40.0,64.0,0.0,0.0,48.0,10.0,162.0,4.0,-0.9659258262890683,-0.25881904510252063,1,0
2013-04-02 18:00:00,0.0,0.0,0.0,0.0,0.0,0.0,0.0,0.0,-1.0,-1.8369701987210297e-16,1,1
2013-04-02 19:00:00,10.0,0.0,0.0,0.0,52.0,28.0,90.0,3.0,-0.9659258262890684,0.2588190451025203,1,0
2013-04-02 20:00:00,0.0,0.0,0.0,0.0,40.0,0.0,40.0,1.0,-0.8660254037844386,0.5000000000000001,1,0
2013-04-02 21:00:00,0.0,0.0,0.0,0.0,30.0,0.0,30.0,1.0,-0.7071067811865477,0.7071067811865474,1,0
2013-04-02 22:00:00,0.0,0.0,0.0,0.0,10.0,0.0,10.0,1.0,-0.5000000000000004,0.8660254037844384,1,0
2013-04-02 23:00:00,0.0,0.0,0.0,0.0,152.0,0.0,152.0,1.0,-0.25881904510252157,0.9659258262890681,1,0
2013-04-03 00:00:00,114.0,234.0,22.0,88.0,146.0,8.0,612.0,6.0,0.0,1.0,2,0
2013-04-03 01:00:00,0.0,14.0,0.0,0.0,2.0,0.0,16.0,2.0,0.25881904510252074,0.9659258262890683,2,0
2013-04-03 02:00:00,0.0,4.0,0.0,0.0,0.0,0.0,4.0,1.0,0.49999999999999994,0.8660254037844387,2,0
2013-04-03 03:00:00,0.0,2.0,0.0,0.0,0.0,0.0,2.0,1.0,0.7071067811865476,0.7071067811865476,2,0
2013-04-03 04:00:00,0.0,0.0,0.0,0.0,0.0,0.0,0.0,0.0,0.8660254037844386,0.5000000000000001,2,1
2013-04-03 05:00:00,0.0,0.0,0.0,0.0,0.0,0.0,0.0,0.0,0.9659258262890683,0.25881904510252074,2,1
2013-04-03 06:00:00,0.0,6.0,0.0,0.0,0.0,0.0,6.0,1.0,1.0,6.123233995736766e-17,2,0
2013-04-03 07:00:00,38.0,98.0,4.0,62.0,74.0,20.0,296.0,6.0,0.9659258262890683,-0.25881904510252063,2,0
2013-04-03 08:00:00,32.0,0.0,2.0,18.0,84.0,4.0,140.0,5.0,0.8660254037844387,-0.4999999999999998,2,0
2013-04-03 09:00:00,8.0,4.0,0.0,316.0,80.0,0.0,408.0,4.0,0.7071067811865476,-0.7071067811865475,2,0
2013-04-03 10:00:00,256.0,308.0,4.0,46.0,80.0,6.0,700.0,6.0,0.49999999999999994,-0.8660254037844387,2,0
2013-04-03 11:00:00,70.0,54.0,0.0,0.0,122.0,10.0,256.0,4.0,0.258819045102521,-0.9659258262890682,2,0
2013-04-03 12:00:00,0.0,0.0,0.0,0.0,0.0,0.0,0.0,0.0,1.2246467991473532e-16,-1.0,2,1
2013-04-03 13:00:00,0.0,0.0,0.0,0.0,0.0,0.0,0.0,0.0,-0.2588190451025208,-0.9659258262890683,2,1
2013-04-03 14:00:00,0.0,0.0,0.0,0.0,0.0,0.0,0.0,0.0,-0.4999999999999997,-0.8660254037844388,2,1
2013-04-03 15:00:00,0.0,0.0,4.0,78.0,52.0,8.0,142.0,4.0,-0.7071067811865471,-0.7071067811865479,2,0
2013-04-03 16:00:00,0.0,0.0,8.0,98.0,80.0,0.0,186.0,3.0,-0.8660254037844385,-0.5000000000000004,2,0
2013-04-03 17:00:00,28.0,84.0,0.0,0.0,70.0,12.0,194.0,4.0,-0.9659258262890683,-0.25881904510252063,2,0
2013-04-03 18:00:00,0.0,0.0,0.0,2.0,0.0,0.0,2.0,1.0,-1.0,-1.8369701987210297e-16,2,0
2013-04-03 19:00:00,0.0,0.0,0.0,0.0,30.0,16.0,46.0,2.0,-0.9659258262890684,0.2588190451025203,2,0
2013-04-03 20:00:00,0.0,0.0,0.0,0.0,0.0,0.0,0.0,0.0,-0.8660254037844386,0.5000000000000001,2,1
2013-04-03 21:00:00,0.0,0.0,0.0,2.0,16.0,0.0,18.0,2.0,-0.7071067811865477,0.7071067811865474,2,0
2013-04-03 22:00:00,0.0,0.0,0.0,0.0,26.0,2.0,28.0,2.0,-0.5000000000000004,0.8660254037844384,2,0
2013-04-03 23:00:00,60.0,248.0,8.0,20.0,58.0,12.0,406.0,6.0,-0.25881904510252157,0.9659258262890681,2,0
2013-04-04 00:00:00,0.0,10.0,0.0,0.0,0.0,0.0,10.0,1.0,0.0,1.0,3,0
2013-04-04 01:00:00,0.0,2.0,0.0,0.0,0.0,0.0,2.0,1.0,0.25881904510252074,0.9659258262890683,3,0
2013-04-04 02:00:00,0.0,8.0,0.0,0.0,0.0,0.0,8.0,1.0,0.49999999999999994,0.8660254037844387,3,0
2013-04-04 03:00:00,0.0,2.0,0.0,2.0,0.0,0.0,4.0,2.0,0.7071067811865476,0.7071067811865476,3,0
2013-04-04 04:00:00,0.0,14.0,0.0,0.0,4.0,0.0,18.0,2.0,0.8660254037844386,0.5000000000000001,3,0
2013-04-04 05:00:00,34.0,56.0,0.0,0.0,0.0,0.0,90.0,2.0,0.9659258262890683,0.25881904510252074,3,0
2013-04-04 06:00:00,8.0,26.0,0.0,0.0,0.0,0.0,34.0,2.0,1.0,6.123233995736766e-17,3,0
2013-04-04 07:00:00,0.0,26.0,0.0,0.0,0.0,0.0,26.0,1.0,0.9659258262890683,-0.25881904510252063,3,0
2013-04-04 08:00:00,28.0,38.0,6.0,58.0,88.0,16.0,234.0,6.0,0.8660254037844387,-0.4999999999999998,3,0
2013-04-04 09:00:00,26.0,0.0,6.0,270.0,124.0,2.0,428.0,5.0,0.7071067811865476,-0.7071067811865475,3,0
2013-04-04 10:00:00,2.0,134.0,2.0,20.0,150.0,2.0,310.0,6.0,0.49999999999999994,-0.8660254037844387,3,0
2013-04-04 11:00:00,300.0,254.0,12.0,228.0,128.0,32.0,954.0,6.0,0.258819045102521,-0.9659258262890682,3,0
2013-04-04 12:00:00,34.0,8.0,44.0,84.0,272.0,16.0,458.0,6.0,1.2246467991473532e-16,-1.0,3,0
2013-04-04 13:00:00,22.0,188.0,10.0,92.0,168.0,24.0,504.0,6.0,-0.2588190451025208,-0.9659258262890683,3,0
2013-04-04 14:00:00,0.0,0.0,0.0,0.0,12.0,6.0,18.0,2.0,-0.4999999999999997,-0.8660254037844388,3,0
2013-04-04 15:00:00,28.0,360.0,4.0,16.0,110.0,28.0,546.0,6.0,-0.7071067811865471,-0.7071067811865479,3,0
2013-04-04 16:00:00,0.0,58.0,0.0,0.0,92.0,22.0,172.0,3.0,-0.8660254037844385,-0.5000000000000004,3,0
2013-04-04 17:00:00,42.0,220.0,0.0,0.0,74.0,10.0,346.0,4.0,-0.9659258262890683,-0.25881904510252063,3,0
2013-04-04 18:00:00,0.0,0.0,0.0,0.0,0.0,0.0,0.0,0.0,-1.0,-1.8369701987210297e-16,3,1
2013-04-04 19:00:00,0.0,0.0,54.0,12.0,90.0,10.0,166.0,4.0,-0.9659258262890684,0.2588190451025203,3,0
2013-04-04 20:00:00,2.0,0.0,0.0,0.0,36.0,0.0,38.0,2.0,-0.8660254037844386,0.5000000000000001,3,0
2013-04-04 21:00:00,0.0,0.0,0.0,0.0,34.0,0.0,34.0,1.0,-0.7071067811865477,0.7071067811865474,3,0
2013-04-04 22:00:00,0.0,0.0,0.0,0.0,54.0,0.0,54.0,1.0,-0.5000000000000004,0.8660254037844384,3,0
2013-04-04 23:00:00,36.0,82.0,12.0,124.0,128.0,8.0,390.0,6.0,-0.25881904510252157,0.9659258262890681,3,0
2013-04-05 00:00:00,68.0,100.0,20.0,8.0,42.0,2.0,240.0,6.0,0.0,1.0,4,0
2013-04-05 01:00:00,0.0,2.0,0.0,0.0,0.0,0.0,2.0,1.0,0.25881904510252074,0.9659258262890683,4,0
2013-04-05 02:00:00,0.0,22.0,0.0,0.0,0.0,0.0,22.0,1.0,0.49999999999999994,0.8660254037844387,4,0
2013-04-05 03:00:00,0.0,14.0,0.0,0.0,0.0,0.0,14.0,1.0,0.7071067811865476,0.7071067811865476,4,0
2013-04-05 04:00:00,0.0,18.0,0.0,0.0,0.0,0.0,18.0,1.0,0.8660254037844386,0.5000000000000001,4,0
2013-04-05 05:00:00,30.0,60.0,0.0,0.0,0.0,0.0,90.0,2.0,0.9659258262890683,0.25881904510252074,4,0
2013-04-05 06:00:00,0.0,0.0,0.0,0.0,0.0,0.0,0.0,0.0,1.0,6.123233995736766e-17,4,1
2013-04-05 07:00:00,0.0,4.0,0.0,0.0,0.0,0.0,4.0,1.0,0.9659258262890683,-0.25881904510252063,4,0
2013-04-05 08:00:00,0.0,6.0,0.0,0.0,0.0,0.0,6.0,1.0,0.8660254037844387,-0.4999999999999998,4,0
2013-04-05 09:00:00,20.0,66.0,6.0,64.0,104.0,20.0,280.0,6.0,0.7071067811865476,-0.7071067811865475,4,0
2013-04-05 10:00:00,40.0,10.0,12.0,280.0,114.0,0.0,456.0,5.0,0.49999999999999994,-0.8660254037844387,4,0
2013-04-05 11:00:00,280.0,262.0,2.0,14.0,124.0,4.0,686.0,6.0,0.258819045102521,-0.9659258262890682,4,0
2013-04-05 12:00:00,0.0,0.0,14.0,46.0,98.0,28.0,186.0,4.0,1.2246467991473532e-16,-1.0,4,0
2013-04-05 13:00:00,52.0,10.0,98.0,6.0,128.0,24.0,318.0,6.0,-0.2588190451025208,-0.9659258262890683,4,0
2013-04-05 14:00:00,0.0,14.0,6.0,66.0,74.0,18.0,178.0,5.0,-0.4999999999999997,-0.8660254037844388,4,0
2013-04-05 15:00:00,0.0,0.0,0.0,0.0,26.0,0.0,26.0,1.0,-0.7071067811865471,-0.7071067811865479,4,0
2013-04-05 16:00:00,0.0,2.0,0.0,0.0,12.0,0.0,14.0,2.0,-0.8660254037844385,-0.5000000000000004,4,0
2013-04-05 17:00:00,102.0,34.0,8.0,38.0,70.0,10.0,262.0,6.0,-0.9659258262890683,-0.25881904510252063,4,0
2013-04-05 18:00:00,0.0,0.0,0.0,0.0,0.0,0.0,0.0,0.0,-1.0,-1.8369701987210297e-16,4,1
2013-04-05 19:00:00,34.0,0.0,0.0,0.0,64.0,8.0,106.0,3.0,-0.9659258262890684,0.2588190451025203,4,0
2013-04-05 20:00:00,2.0,76.0,0.0,0.0,40.0,2.0,120.0,4.0,-0.8660254037844386,0.5000000000000001,4,0
2013-04-05 21:00:00,32.0,292.0,0.0,0.0,48.0,0.0,372.0,3.0,-0.7071067811865477,0.7071067811865474,4,0
2013-04-05 22:00:00,0.0,0.0,0.0,0.0,26.0,0.0,26.0,1.0,-0.5000000000000004,0.8660254037844384,4,0
2013-04-05 23:00:00,110.0,154.0,6.0,72.0,98.0,6.0,446.0,6.0,-0.25881904510252157,0.9659258262890681,4,0
2013-04-06 00:00:00,0.0,2.0,0.0,0.0,0.0,0.0,2.0,1.0,0.0,1.0,5,0
2013-04-06 01:00:00,0.0,0.0,0.0,0.0,0.0,0.0,0.0,0.0,0.25881904510252074,0.9659258262890683,5,1
2013-04-06 02:00:00,0.0,2.0,0.0,0.0,0.0,0.0,2.0,1.0,0.49999999999999994,0.8660254037844387,5,0
2013-04-06 03:00:00,0.0,0.0,0.0,0.0,0.0,0.0,0.0,0.0,0.7071067811865476,0.7071067811865476,5,1
2013-04-06 04:00:00,0.0,4.0,0.0,0.0,0.0,0.0,4.0,1.0,0.8660254037844386,0.5000000000000001,5,0
2013-04-06 05:00:00,0.0,2.0,0.0,0.0,0.0,0.0,2.0,1.0,0.9659258262890683,0.25881904510252074,5,0
2013-04-06 06:00:00,0.0,6.0,0.0,0.0,0.0,0.0,6.0,1.0,1.0,6.123233995736766e-17,5,0
2013-04-06 07:00:00,38.0,130.0,4.0,32.0,16.0,14.0,234.0,6.0,0.9659258262890683,-0.25881904510252063,5,0
2013-04-06 08:00:00,0.0,0.0,2.0,60.0,126.0,0.0,188.0,3.0,0.8660254037844387,-0.4999999999999998,5,0
2013-04-06 09:00:00,0.0,0.0,4.0,238.0,216.0,0.0,458.0,3.0,0.7071067811865476,-0.7071067811865475,5,0
2013-04-06 10:00:00,16.0,108.0,6.0,26.0,104.0,4.0,264.0,6.0,0.49999999999999994,-0.8660254037844387,5,0
2013-04-06 11:00:00,360.0,256.0,0.0,0.0,170.0,30.0,816.0,4.0,0.258819045102521,-0.9659258262890682,5,0
2013-04-06 12:00:00,0.0,0.0,0.0,8.0,40.0,8.0,56.0,3.0,1.2246467991473532e-16,-1.0,5,0
2013-04-06 13:00:00,0.0,0.0,0.0,2.0,0.0,0.0,2.0,1.0,-0.2588190451025208,-0.9659258262890683,5,0
2013-04-06 14:00:00,0.0,0.0,0.0,0.0,0.0,0.0,0.0,0.0,-0.4999999999999997,-0.8660254037844388,5,1
2013-04-06 15:00:00,0.0,0.0,0.0,0.0,0.0,0.0,0.0,0.0,-0.7071067811865471,-0.7071067811865479,5,1
2013-04-06 16:00:00,38.0,0.0,0.0,0.0,92.0,12.0,142.0,3.0,-0.8660254037844385,-0.5000000000000004,5,0
2013-04-06 17:00:00,0.0,0.0,0.0,0.0,62.0,0.0,62.0,1.0,-0.9659258262890683,-0.25881904510252063,5,0
2013-04-06 18:00:00,36.0,148.0,8.0,84.0,80.0,20.0,376.0,6.0,-1.0,-1.8369701987210297e-16,5,0
2013-04-06 19:00:00,0.0,0.0,20.0,120.0,64.0,0.0,204.0,3.0,-0.9659258262890684,0.2588190451025203,5,0
2013-04-06 20:00:00,0.0,0.0,0.0,0.0,28.0,0.0,28.0,1.0,-0.8660254037844386,0.5000000000000001,5,0
2013-04-06 21:00:00,0.0,0.0,0.0,0.0,84.0,0.0,84.0,1.0,-0.7071067811865477,0.7071067811865474,5,0
2013-04-06 22:00:00,48.0,0.0,16.0,144.0,130.0,0.0,338.0,4.0,-0.5000000000000004,0.8660254037844384,5,0
2013-04-06 23:00:00,0.0,0.0,0.0,0.0,130.0,0.0,130.0,1.0,-0.25881904510252157,0.9659258262890681,5,0
2013-04-07 00:00:00,94.0,314.0,10.0,26.0,40.0,10.0,494.0,6.0,0.0,1.0,6,0
2013-04-07 01:00:00,0.0,0.0,0.0,2.0,0.0,0.0,2.0,1.0,0.25881904510252074,0.9659258262890683,6,0
2013-04-07 02:00:00,0.0,2.0,0.0,2.0,0.0,0.0,4.0,2.0,0.49999999999999994,0.8660254037844387,6,0
2013-04-07 03:00:00,0.0,0.0,0.0,0.0,0.0,0.0,0.0,0.0,0.7071067811865476,0.7071067811865476,6,1
2013-04-07 04:00:00,0.0,8.0,0.0,0.0,0.0,0.0,8.0,1.0,0.8660254037844386,0.5000000000000001,6,0
2013-04-07 05:00:00,26.0,86.0,0.0,0.0,0.0,0.0,112.0,2.0,0.9659258262890683,0.25881904510252074,6,0
2013-04-07 06:00:00,0.0,2.0,0.0,0.0,0.0,0.0,2.0,1.0,1.0,6.123233995736766e-17,6,0
2013-04-07 07:00:00,0.0,2.0,0.0,2.0,0.0,0.0,4.0,2.0,0.9659258262890683,-0.25881904510252063,6,0
2013-04-07 08:00:00,0.0,6.0,0.0,0.0,0.0,0.0,6.0,1.0,0.8660254037844387,-0.4999999999999998,6,0
2013-04-07 09:00:00,54.0,68.0,8.0,58.0,90.0,16.0,294.0,6.0,0.7071067811865476,-0.7071067811865475,6,0
2013-04-07 10:00:00,0.0,0.0,0.0,0.0,34.0,0.0,34.0,1.0,0.49999999999999994,-0.8660254037844387,6,0
2013-04-07 11:00:00,114.0,0.0,10.0,302.0,122.0,0.0,548.0,4.0,0.258819045102521,-0.9659258262890682,6,0
2013-04-07 12:00:00,0.0,0.0,2.0,156.0,90.0,0.0,248.0,3.0,1.2246467991473532e-16,-1.0,6,0
2013-04-07 13:00:00,0.0,0.0,0.0,0.0,110.0,0.0,110.0,1.0,-0.2588190451025208,-0.9659258262890683,6,0
2013-04-07 14:00:00,0.0,0.0,0.0,0.0,94.0,0.0,94.0,1.0,-0.4999999999999997,-0.8660254037844388,6,0
2013-04-07 15:00:00,34.0,98.0,10.0,142.0,112.0,2.0,398.0,6.0,-0.7071067811865471,-0.7071067811865479,6,0
2013-04-07 16:00:00,250.0,222.0,4.0,74.0,64.0,4.0,618.0,6.0,-0.8660254037844385,-0.5000000000000004,6,0
2013-04-07 17:00:00,0.0,0.0,0.0,0.0,100.0,8.0,108.0,2.0,-0.9659258262890683,-0.25881904510252063,6,0
2013-04-07 18:00:00,0.0,2.0,0.0,0.0,0.0,0.0,2.0,1.0,-1.0,-1.8369701987210297e-16,6,0
2013-04-07 19:00:00,86.0,4.0,0.0,2.0,54.0,10.0,156.0,5.0,-0.9659258262890684,0.2588190451025203,6,0
2013-04-07 20:00:00,0.0,0.0,0.0,0.0,104.0,0.0,104.0,1.0,-0.8660254037844386,0.5000000000000001,6,0
2013-04-07 21:00:00,0.0,0.0,0.0,0.0,118.0,0.0,118.0,1.0,-0.7071067811865477,0.7071067811865474,6,0
2013-04-07 22:00:00,0.0,0.0,0.0,0.0,138.0,0.0,138.0,1.0,-0.5000000000000004,0.8660254037844384,6,0
2013-04-07 23:00:00,26.0,52.0,16.0,132.0,116.0,26.0,368.0,6.0,-0.25881904510252157,0.9659258262890681,6,0
2013-04-08 00:00:00,78.0,284.0,0.0,0.0,34.0,2.0,398.0,4.0,0.0,1.0,0,0
2013-04-08 01:00:00,0.0,8.0,0.0,0.0,0.0,0.0,8.0,1.0,0.25881904510252074,0.9659258262890683,0,0
2013-04-08 02:00:00,0.0,6.0,0.0,0.0,0.0,0.0,6.0,1.0,0.49999999999999994,0.8660254037844387,0,0
2013-04-08 03:00:00,40.0,88.0,0.0,0.0,0.0,0.0,128.0,2.0,0.7071067811865476,0.7071067811865476,0,0
2013-04-08 04:00:00,0.0,16.0,0.0,0.0,0.0,0.0,16.0,1.0,0.8660254037844386,0.5000000000000001,0,0
2013-04-08 05:00:00,0.0,46.0,0.0,0.0,0.0,0.0,46.0,1.0,0.9659258262890683,0.25881904510252074,0,0
2013-04-08 06:00:00,0.0,4.0,0.0,0.0,0.0,0.0,4.0,1.0,1.0,6.123233995736766e-17,0,0
2013-04-08 07:00:00,0.0,4.0,0.0,0.0,0.0,0.0,4.0,1.0,0.9659258262890683,-0.25881904510252063,0,0
2013-04-08 08:00:00,40.0,42.0,4.0,48.0,50.0,22.0,206.0,6.0,0.8660254037844387,-0.4999999999999998,0,0
2013-04-08 09:00:00,0.0,0.0,0.0,0.0,56.0,0.0,56.0,1.0,0.7071067811865476,-0.7071067811865475,0,0
2013-04-08 10:00:00,40.0,0.0,2.0,224.0,88.0,6.0,360.0,5.0,0.49999999999999994,-0.8660254037844387,0,0
2013-04-08 11:00:00,136.0,178.0,0.0,0.0,70.0,2.0,386.0,4.0,0.258819045102521,-0.9659258262890682,0,0
2013-04-08 12:00:00,188.0,120.0,0.0,2.0,40.0,0.0,350.0,4.0,1.2246467991473532e-16,-1.0,0,0
2013-04-08 13:00:00,0.0,0.0,2.0,58.0,94.0,16.0,170.0,4.0,-0.2588190451025208,-0.9659258262890683,0,0
2013-04-08 14:00:00,4.0,28.0,24.0,106.0,88.0,18.0,268.0,6.0,-0.4999999999999997,-0.8660254037844388,0,0
2013-04-08 15:00:00,100.0,6.0,4.0,0.0,22.0,8.0,140.0,5.0,-0.7071067811865471,-0.7071067811865479,0,0
2013-04-08 16:00:00,6.0,18.0,0.0,0.0,102.0,26.0,152.0,4.0,-0.8660254037844385,-0.5000000000000004,0,0
2013-04-08 17:00:00,42.0,2.0,6.0,4.0,98.0,18.0,170.0,6.0,-0.9659258262890683,-0.25881904510252063,0,0
2013-04-08 18:00:00,0.0,0.0,0.0,0.0,0.0,0.0,0.0,0.0,-1.0,-1.8369701987210297e-16,0,1
2013-04-08 19:00:00,0.0,0.0,0.0,0.0,50.0,6.0,56.0,2.0,-0.9659258262890684,0.2588190451025203,0,0
2013-04-08 20:00:00,0.0,0.0,0.0,0.0,18.0,2.0,20.0,2.0,-0.8660254037844386,0.5000000000000001,0,0
2013-04-08 21:00:00,0.0,0.0,0.0,0.0,8.0,0.0,8.0,1.0,-0.7071067811865477,0.7071067811865474,0,0
2013-04-08 22:00:00,0.0,0.0,0.0,0.0,40.0,0.0,40.0,1.0,-0.5000000000000004,0.8660254037844384,0,0
2013-04-08 23:00:00,28.0,4.0,6.0,102.0,96.0,0.0,236.0,5.0,-0.25881904510252157,0.9659258262890681,0,0
2013-04-09 00:00:00,92.0,190.0,8.0,44.0,60.0,12.0,406.0,6.0,0.0,1.0,1,0
2013-04-09 01:00:00,0.0,2.0,0.0,2.0,0.0,0.0,4.0,2.0,0.25881904510252074,0.9659258262890683,1,0
2013-04-09 02:00:00,0.0,0.0,0.0,0.0,0.0,0.0,0.0,0.0,0.49999999999999994,0.8660254037844387,1,1
2013-04-09 03:00:00,0.0,2.0,0.0,0.0,0.0,0.0,2.0,1.0,0.7071067811865476,0.7071067811865476,1,0
2013-04-09 04:00:00,0.0,0.0,0.0,0.0,0.0,0.0,0.0,0.0,0.8660254037844386,0.5000000000000001,1,1
2013-04-09 05:00:00,0.0,10.0,0.0,0.0,0.0,0.0,10.0,1.0,0.9659258262890683,0.25881904510252074,1,0
2013-04-09 06:00:00,0.0,2.0,0.0,0.0,0.0,0.0,2.0,1.0,1.0,6.123233995736766e-17,1,0
2013-04-09 07:00:00,0.0,2.0,0.0,0.0,0.0,0.0,2.0,1.0,0.9659258262890683,-0.25881904510252063,1,0
2013-04-09 08:00:00,0.0,0.0,0.0,0.0,0.0,0.0,0.0,0.0,0.8660254037844387,-0.4999999999999998,1,1
2013-04-09 09:00:00,40.0,80.0,6.0,46.0,88.0,20.0,280.0,6.0,0.7071067811865476,-0.7071067811865475,1,0
2013-04-09 10:00:00,0.0,0.0,4.0,482.0,118.0,0.0,604.0,3.0,0.49999999999999994,-0.8660254037844387,1,0
2013-04-09 11:00:00,79.0,172.0,4.0,14.0,140.0,0.0,409.0,5.0,0.258819045102521,-0.9659258262890682,1,0
2013-04-09 12:00:00,175.0,110.0,0.0,0.0,72.0,38.0,395.0,4.0,1.2246467991473532e-16,-1.0,1,0
2013-04-09 13:00:00,0.0,0.0,6.0,158.0,128.0,26.0,318.0,4.0,-0.2588190451025208,-0.9659258262890683,1,0
2013-04-09 14:00:00,0.0,30.0,4.0,44.0,56.0,6.0,140.0,5.0,-0.4999999999999997,-0.8660254037844388,1,0
2013-04-09 15:00:00,20.0,16.0,0.0,0.0,82.0,8.0,126.0,4.0,-0.7071067811865471,-0.7071067811865479,1,0
2013-04-09 16:00:00,0.0,0.0,0.0,0.0,44.0,0.0,44.0,1.0,-0.8660254037844385,-0.5000000000000004,1,0
2013-04-09 17:00:00,144.0,28.0,0.0,0.0,48.0,6.0,226.0,4.0,-0.9659258262890683,-0.25881904510252063,1,0
2013-04-09 18:00:00,0.0,0.0,0.0,0.0,30.0,6.0,36.0,2.0,-1.0,-1.8369701987210297e-16,1,0
2013-04-09 19:00:00,0.0,0.0,0.0,0.0,12.0,0.0,12.0,1.0,-0.9659258262890684,0.2588190451025203,1,0
2013-04-09 20:00:00,0.0,0.0,0.0,0.0,24.0,0.0,24.0,1.0,-0.8660254037844386,0.5000000000000001,1,0
2013-04-09 21:00:00,0.0,0.0,0.0,0.0,34.0,0.0,34.0,1.0,-0.7071067811865477,0.7071067811865474,1,0
2013-04-09 22:00:00,0.0,0.0,6.0,76.0,76.0,0.0,158.0,3.0,-0.5000000000000004,0.8660254037844384,1,0
2013-04-09 23:00:00,0.0,0.0,0.0,0.0,110.0,0.0,110.0,1.0,-0.25881904510252157,0.9659258262890681,1,0
2013-04-10 00:00:00,58.0,264.0,0.0,2.0,104.0,6.0,434.0,5.0,0.0,1.0,2,0
2013-04-10 01:00:00,0.0,2.0,0.0,0.0,0.0,0.0,2.0,1.0,0.25881904510252074,0.9659258262890683,2,0
2013-04-10 02:00:00,0.0,0.0,0.0,0.0,0.0,0.0,0.0,0.0,0.49999999999999994,0.8660254037844387,2,1
2013-04-10 03:00:00,0.0,18.0,0.0,0.0,0.0,0.0,18.0,1.0,0.7071067811865476,0.7071067811865476,2,0
2013-04-10 04:00:00,0.0,2.0,0.0,0.0,0.0,0.0,2.0,1.0,0.8660254037844386,0.5000000000000001,2,0
2013-04-10 05:00:00,46.0,104.0,2.0,42.0,72.0,16.0,282.0,6.0,0.9659258262890683,0.25881904510252074,2,0
2013-04-10 06:00:00,34.0,0.0,2.0,17.0,118.0,4.0,175.0,5.0,1.0,6.123233995736766e-17,2,0
2013-04-10 07:00:00,0.0,0.0,10.0,355.0,96.0,0.0,461.0,3.0,0.9659258262890683,-0.25881904510252063,2,0
2013-04-10 08:00:00,14.0,0.0,4.0,78.0,138.0,0.0,234.0,4.0,0.8660254037844387,-0.4999999999999998,2,0
2013-04-10 09:00:00,288.0,410.0,4.0,2.0,60.0,14.0,778.0,6.0,0.7071067811865476,-0.7071067811865475,2,0
2013-04-10 10:00:00,36.0,14.0,0.0,0.0,66.0,10.0,126.0,4.0,0.49999999999999994,-0.8660254037844387,2,0
2013-04-10 11:00:00,34.0,112.0,0.0,0.0,76.0,14.0,236.0,4.0,0.258819045102521,-0.9659258262890682,2,0
2013-04-10 12:00:00,0.0,0.0,0.0,0.0,0.0,0.0,0.0,0.0,1.2246467991473532e-16,-1.0,2,1
2013-04-10 13:00:00,22.0,0.0,0.0,0.0,22.0,12.0,56.0,3.0,-0.2588190451025208,-0.9659258262890683,2,0
2013-04-10 14:00:00,0.0,0.0,14.0,68.0,138.0,20.0,240.0,4.0,-0.4999999999999997,-0.8660254037844388,2,0
2013-04-10 15:00:00,0.0,0.0,0.0,2.0,2.0,0.0,4.0,2.0,-0.7071067811865471,-0.7071067811865479,2,0
2013-04-10 16:00:00,0.0,0.0,0.0,0.0,6.0,0.0,6.0,1.0,-0.8660254037844385,-0.5000000000000004,2,0
2013-04-10 17:00:00,118.0,46.0,0.0,0.0,62.0,10.0,236.0,4.0,-0.9659258262890683,-0.25881904510252063,2,0
2013-04-10 18:00:00,0.0,0.0,0.0,2.0,0.0,0.0,2.0,1.0,-1.0,-1.8369701987210297e-16,2,0
2013-04-10 19:00:00,0.0,0.0,2.0,0.0,24.0,8.0,34.0,3.0,-0.9659258262890684,0.2588190451025203,2,0
2013-04-10 20:00:00,0.0,0.0,0.0,2.0,2.0,0.0,4.0,2.0,-0.8660254037844386,0.5000000000000001,2,0
2013-04-10 21:00:00,0.0,2.0,0.0,0.0,12.0,0.0,14.0,2.0,-0.7071067811865477,0.7071067811865474,2,0
2013-04-10 22:00:00,36.0,0.0,4.0,88.0,66.0,4.0,198.0,5.0,-0.5000000000000004,0.8660254037844384,2,0
2013-04-10 23:00:00,0.0,0.0,0.0,0.0,56.0,0.0,56.0,1.0,-0.25881904510252157,0.9659258262890681,2,0
2013-04-11 00:00:00,0.0,0.0,0.0,0.0,2.0,0.0,2.0,1.0,0.0,1.0,3,0
2013-04-11 01:00:00,14.0,212.0,0.0,0.0,26.0,12.0,264.0,4.0,0.25881904510252074,0.9659258262890683,3,0
2013-04-11 02:00:00,0.0,0.0,0.0,0.0,0.0,0.0,0.0,0.0,0.49999999999999994,0.8660254037844387,3,1
2013-04-11 03:00:00,0.0,8.0,0.0,0.0,0.0,0.0,8.0,1.0,0.7071067811865476,0.7071067811865476,3,0
2013-04-11 04:00:00,0.0,2.0,0.0,0.0,0.0,0.0,2.0,1.0,0.8660254037844386,0.5000000000000001,3,0
2013-04-11 05:00:00,0.0,16.0,0.0,0.0,0.0,0.0,16.0,1.0,0.9659258262890683,0.25881904510252074,3,0
2013-04-11 06:00:00,0.0,14.0,0.0,0.0,0.0,0.0,14.0,1.0,1.0,6.123233995736766e-17,3,0
2013-04-11 07:00:00,0.0,14.0,0.0,0.0,0.0,0.0,14.0,1.0,0.9659258262890683,-0.25881904510252063,3,0
2013-04-11 08:00:00,24.0,52.0,4.0,42.0,98.0,18.0,238.0,6.0,0.8660254037844387,-0.4999999999999998,3,0
2013-04-11 09:00:00,0.0,0.0,8.0,184.0,136.0,0.0,328.0,3.0,0.7071067811865476,-0.7071067811865475,3,0
2013-04-11 10:00:00,12.0,158.0,10.0,64.0,114.0,0.0,358.0,5.0,0.49999999999999994,-0.8660254037844387,3,0
2013-04-11 11:00:00,294.0,232.0,0.0,0.0,44.0,0.0,570.0,3.0,0.258819045102521,-0.9659258262890682,3,0
2013-04-11 12:00:00,26.0,4.0,18.0,336.0,128.0,4.0,516.0,6.0,1.2246467991473532e-16,-1.0,3,0
2013-04-11 13:00:00,0.0,0.0,0.0,0.0,18.0,0.0,18.0,1.0,-0.2588190451025208,-0.9659258262890683,3,0
2013-04-11 14:00:00,18.0,28.0,6.0,46.0,54.0,2.0,154.0,6.0,-0.4999999999999997,-0.8660254037844388,3,0
2013-04-11 15:00:00,108.0,18.0,6.0,0.0,52.0,10.0,194.0,5.0,-0.7071067811865471,-0.7071067811865479,3,0
2013-04-11 16:00:00,44.0,0.0,6.0,22.0,70.0,4.0,146.0,5.0,-0.8660254037844385,-0.5000000000000004,3,0
2013-04-11 17:00:00,0.0,0.0,12.0,56.0,124.0,12.0,204.0,4.0,-0.9659258262890683,-0.25881904510252063,3,0
2013-04-11 18:00:00,0.0,0.0,4.0,36.0,116.0,0.0,156.0,3.0,-1.0,-1.8369701987210297e-16,3,0
2013-04-11 19:00:00,0.0,0.0,0.0,0.0,16.0,0.0,16.0,1.0,-0.9659258262890684,0.2588190451025203,3,0
2013-04-11 20:00:00,0.0,0.0,0.0,0.0,2.0,0.0,2.0,1.0,-0.8660254037844386,0.5000000000000001,3,0
2013-04-11 21:00:00,28.0,0.0,14.0,92.0,68.0,2.0,204.0,5.0,-0.7071067811865477,0.7071067811865474,3,0
2013-04-11 22:00:00,0.0,0.0,0.0,0.0,86.0,0.0,86.0,1.0,-0.5000000000000004,0.8660254037844384,3,0
2013-04-11 23:00:00,129.0,182.0,6.0,62.0,154.0,10.0,543.0,6.0,-0.25881904510252157,0.9659258262890681,3,0
2013-04-12 00:00:00,23.0,116.0,0.0,0.0,0.0,0.0,139.0,2.0,0.0,1.0,4,0
2013-04-12 01:00:00,0.0,4.0,0.0,0.0,0.0,0.0,4.0,1.0,0.25881904510252074,0.9659258262890683,4,0
2013-04-12 02:00:00,0.0,4.0,0.0,2.0,0.0,0.0,6.0,2.0,0.49999999999999994,0.8660254037844387,4,0
2013-04-12 03:00:00,0.0,18.0,0.0,0.0,0.0,0.0,18.0,1.0,0.7071067811865476,0.7071067811865476,4,0
2013-04-12 04:00:00,0.0,12.0,0.0,0.0,0.0,0.0,12.0,1.0,0.8660254037844386,0.5000000000000001,4,0
2013-04-12 05:00:00,30.0,82.0,0.0,2.0,0.0,0.0,114.0,3.0,0.9659258262890683,0.25881904510252074,4,0
2013-04-12 06:00:00,0.0,2.0,0.0,0.0,0.0,0.0,2.0,1.0,1.0,6.123233995736766e-17,4,0
2013-04-12 07:00:00,0.0,2.0,0.0,0.0,0.0,0.0,2.0,1.0,0.9659258262890683,-0.25881904510252063,4,0
2013-04-12 08:00:00,30.0,54.0,6.0,44.0,150.0,38.0,322.0,6.0,0.8660254037844387,-0.4999999999999998,4,0
2013-04-12 09:00:00,0.0,0.0,4.0,226.0,96.0,0.0,326.0,3.0,0.7071067811865476,-0.7071067811865475,4,0
2013-04-12 10:00:00,230.0,208.0,2.0,22.0,54.0,12.0,528.0,6.0,0.49999999999999994,-0.8660254037844387,4,0
2013-04-12 11:00:00,0.0,0.0,0.0,0.0,0.0,0.0,0.0,0.0,0.258819045102521,-0.9659258262890682,4,1
2013-04-12 12:00:00,34.0,4.0,12.0,80.0,86.0,22.0,238.0,6.0,1.2246467991473532e-16,-1.0,4,0
2013-04-12 13:00:00,0.0,0.0,0.0,4.0,0.0,0.0,4.0,1.0,-0.2588190451025208,-0.9659258262890683,4,0
2013-04-12 14:00:00,40.0,2.0,0.0,0.0,122.0,40.0,204.0,4.0,-0.4999999999999997,-0.8660254037844388,4,0
2013-04-12 15:00:00,0.0,0.0,2.0,312.0,52.0,0.0,366.0,3.0,-0.7071067811865471,-0.7071067811865479,4,0
2013-04-12 16:00:00,0.0,0.0,0.0,0.0,16.0,0.0,16.0,1.0,-0.8660254037844385,-0.5000000000000004,4,0
2013-04-12 17:00:00,114.0,18.0,4.0,14.0,44.0,12.0,206.0,6.0,-0.9659258262890683,-0.25881904510252063,4,0
2013-04-12 18:00:00,0.0,0.0,0.0,0.0,38.0,6.0,44.0,2.0,-1.0,-1.8369701987210297e-16,4,0
2013-04-12 19:00:00,0.0,0.0,0.0,0.0,24.0,0.0,24.0,1.0,-0.9659258262890684,0.2588190451025203,4,0
2013-04-12 20:00:00,0.0,0.0,2.0,30.0,80.0,0.0,112.0,3.0,-0.8660254037844386,0.5000000000000001,4,0
2013-04-12 21:00:00,0.0,0.0,0.0,0.0,16.0,0.0,16.0,1.0,-0.7071067811865477,0.7071067811865474,4,0
2013-04-12 22:00:00,28.0,0.0,4.0,126.0,90.0,2.0,250.0,5.0,-0.5000000000000004,0.8660254037844384,4,0
2013-04-12 23:00:00,10.0,110.0,10.0,22.0,94.0,16.0,262.0,6.0,-0.25881904510252157,0.9659258262890681,4,0
2013-04-13 00:00:00,74.0,82.0,0.0,0.0,0.0,0.0,156.0,2.0,0.0,1.0,5,0
2013-04-13 01:00:00,0.0,4.0,0.0,0.0,0.0,0.0,4.0,1.0,0.25881904510252074,0.9659258262890683,5,0
2013-04-13 02:00:00,0.0,0.0,0.0,0.0,0.0,0.0,0.0,0.0,0.49999999999999994,0.8660254037844387,5,1
2013-04-13 03:00:00,0.0,2.0,0.0,0.0,0.0,0.0,2.0,1.0,0.7071067811865476,0.7071067811865476,5,0
2013-04-13 04:00:00,28.0,62.0,0.0,0.0,0.0,0.0,90.0,2.0,0.8660254037844386,0.5000000000000001,5,0
2013-04-13 05:00:00,0.0,0.0,0.0,0.0,0.0,0.0,0.0,0.0,0.9659258262890683,0.25881904510252074,5,1
2013-04-13 06:00:00,0.0,8.0,0.0,0.0,0.0,0.0,8.0,1.0,1.0,6.123233995736766e-17,5,0
2013-04-13 07:00:00,0.0,8.0,0.0,0.0,0.0,0.0,8.0,1.0,0.9659258262890683,-0.25881904510252063,5,0
2013-04-13 08:00:00,32.0,60.0,4.0,36.0,30.0,18.0,180.0,6.0,0.8660254037844387,-0.4999999999999998,5,0
2013-04-13 09:00:00,0.0,0.0,0.0,161.0,98.0,0.0,259.0,2.0,0.7071067811865476,-0.7071067811865475,5,0
2013-04-13 10:00:00,40.0,0.0,0.0,155.0,114.0,2.0,311.0,4.0,0.49999999999999994,-0.8660254037844387,5,0
2013-04-13 11:00:00,251.0,226.0,0.0,0.0,76.0,2.0,555.0,4.0,0.258819045102521,-0.9659258262890682,5,0
2013-04-13 12:00:00,57.0,140.0,8.0,62.0,162.0,14.0,443.0,6.0,1.2246467991473532e-16,-1.0,5,0
2013-04-13 13:00:00,0.0,0.0,8.0,170.0,102.0,20.0,300.0,4.0,-0.2588190451025208,-0.9659258262890683,5,0
2013-04-13 14:00:00,0.0,38.0,0.0,50.0,96.0,18.0,202.0,4.0,-0.4999999999999997,-0.8660254037844388,5,0
2013-04-13 15:00:00,38.0,488.0,10.0,24.0,66.0,20.0,646.0,6.0,-0.7071067811865471,-0.7071067811865479,5,0
2013-04-13 16:00:00,0.0,0.0,0.0,0.0,10.0,0.0,10.0,1.0,-0.8660254037844385,-0.5000000000000004,5,0
2013-04-13 17:00:00,0.0,0.0,0.0,0.0,18.0,12.0,30.0,2.0,-0.9659258262890683,-0.25881904510252063,5,0
2013-04-13 18:00:00,0.0,0.0,0.0,0.0,0.0,0.0,0.0,0.0,-1.0,-1.8369701987210297e-16,5,1
2013-04-13 19:00:00,0.0,0.0,0.0,0.0,24.0,6.0,30.0,2.0,-0.9659258262890684,0.2588190451025203,5,0
2013-04-13 20:00:00,0.0,0.0,0.0,0.0,30.0,0.0,30.0,1.0,-0.8660254037844386,0.5000000000000001,5,0
2013-04-13 21:00:00,0.0,2.0,0.0,0.0,14.0,0.0,16.0,2.0,-0.7071067811865477,0.7071067811865474,5,0
2013-04-13 22:00:00,0.0,0.0,0.0,0.0,34.0,0.0,34.0,1.0,-0.5000000000000004,0.8660254037844384,5,0
2013-04-13 23:00:00,102.0,153.0,4.0,92.0,124.0,14.0,489.0,6.0,-0.25881904510252157,0.9659258262890681,5,0
2013-04-14 00:00:00,0.0,103.0,0.0,0.0,0.0,0.0,103.0,1.0,0.0,1.0,6,0
2013-04-14 01:00:00,0.0,0.0,0.0,2.0,0.0,0.0,2.0,1.0,0.25881904510252074,0.9659258262890683,6,0
2013-04-14 02:00:00,0.0,0.0,0.0,0.0,0.0,0.0,0.0,0.0,0.49999999999999994,0.8660254037844387,6,1
2013-04-14 03:00:00,0.0,4.0,0.0,0.0,0.0,0.0,4.0,1.0,0.7071067811865476,0.7071067811865476,6,0
2013-04-14 04:00:00,0.0,2.0,0.0,0.0,0.0,0.0,2.0,1.0,0.8660254037844386,0.5000000000000001,6,0
2013-04-14 05:00:00,0.0,4.0,0.0,0.0,0.0,0.0,4.0,1.0,0.9659258262890683,0.25881904510252074,6,0
2013-04-14 06:00:00,0.0,0.0,0.0,0.0,0.0,0.0,0.0,0.0,1.0,6.123233995736766e-17,6,1
2013-04-14 07:00:00,0.0,8.0,0.0,2.0,2.0,0.0,12.0,3.0,0.9659258262890683,-0.25881904510252063,6,0
2013-04-14 08:00:00,38.0,50.0,6.0,42.0,62.0,18.0,216.0,6.0,0.8660254037844387,-0.4999999999999998,6,0
2013-04-14 09:00:00,0.0,0.0,0.0,0.0,58.0,0.0,58.0,1.0,0.7071067811865476,-0.7071067811865475,6,0
2013-04-14 10:00:00,47.0,0.0,2.0,74.0,112.0,2.0,237.0,5.0,0.49999999999999994,-0.8660254037844387,6,0
2013-04-14 11:00:00,67.0,0.0,8.0,232.0,104.0,0.0,411.0,4.0,0.258819045102521,-0.9659258262890682,6,0
2013-04-14 12:00:00,0.0,0.0,0.0,0.0,158.0,0.0,158.0,1.0,1.2246467991473532e-16,-1.0,6,0
2013-04-14 13:00:00,0.0,0.0,0.0,0.0,198.0,0.0,198.0,1.0,-0.2588190451025208,-0.9659258262890683,6,0
2013-04-14 14:00:00,242.0,234.0,4.0,28.0,138.0,2.0,648.0,6.0,-0.4999999999999997,-0.8660254037844388,6,0
2013-04-14 15:00:00,0.0,22.0,10.0,12.0,84.0,0.0,128.0,4.0,-0.7071067811865471,-0.7071067811865479,6,0
2013-04-14 16:00:00,0.0,0.0,6.0,120.0,68.0,0.0,194.0,3.0,-0.8660254037844385,-0.5000000000000004,6,0
2013-04-14 17:00:00,0.0,0.0,8.0,10.0,128.0,12.0,158.0,4.0,-0.9659258262890683,-0.25881904510252063,6,0
2013-04-14 18:00:00,0.0,0.0,0.0,4.0,0.0,0.0,4.0,1.0,-1.0,-1.8369701987210297e-16,6,0
2013-04-14 19:00:00,0.0,0.0,0.0,0.0,106.0,6.0,112.0,2.0,-0.9659258262890684,0.2588190451025203,6,0
2013-04-14 20:00:00,0.0,0.0,0.0,2.0,228.0,0.0,230.0,2.0,-0.8660254037844386,0.5000000000000001,6,0
2013-04-14 21:00:00,0.0,0.0,4.0,18.0,164.0,0.0,186.0,3.0,-0.7071067811865477,0.7071067811865474,6,0
2013-04-14 22:00:00,0.0,0.0,0.0,0.0,62.0,0.0,62.0,1.0,-0.5000000000000004,0.8660254037844384,6,0
2013-04-14 23:00:00,76.0,92.0,2.0,66.0,108.0,8.0,352.0,6.0,-0.25881904510252157,0.9659258262890681,6,0
2013-04-15 00:00:00,44.0,116.0,0.0,2.0,0.0,0.0,162.0,3.0,0.0,1.0,0,0
2013-04-15 01:00:00,0.0,2.0,0.0,0.0,0.0,0.0,2.0,1.0,0.25881904510252074,0.9659258262890683,0,0
2013-04-15 02:00:00,0.0,0.0,0.0,0.0,0.0,0.0,0.0,0.0,0.49999999999999994,0.8660254037844387,0,1
2013-04-15 03:00:00,0.0,10.0,0.0,0.0,0.0,0.0,10.0,1.0,0.7071067811865476,0.7071067811865476,0,0
2013-04-15 04:00:00,0.0,10.0,0.0,0.0,0.0,0.0,10.0,1.0,0.8660254037844386,0.5000000000000001,0,0
2013-04-15 05:00:00,0.0,2.0,0.0,0.0,0.0,0.0,2.0,1.0,0.9659258262890683,0.25881904510252074,0,0
2013-04-15 06:00:00,0.0,10.0,0.0,0.0,0.0,0.0,10.0,1.0,1.0,6.123233995736766e-17,0,0
2013-04-15 07:00:00,32.0,58.0,8.0,48.0,74.0,16.0,236.0,6.0,0.9659258262890683,-0.25881904510252063,0,0
2013-04-15 08:00:00,0.0,0.0,12.0,240.0,112.0,14.0,378.0,4.0,0.8660254037844387,-0.4999999999999998,0,0
2013-04-15 09:00:00,0.0,0.0,4.0,34.0,140.0,0.0,178.0,3.0,0.7071067811865476,-0.7071067811865475,0,0
2013-04-15 10:00:00,34.0,172.0,32.0,220.0,188.0,2.0,648.0,6.0,0.49999999999999994,-0.8660254037844387,0,0
2013-04-15 11:00:00,250.0,100.0,182.0,4.0,68.0,8.0,612.0,6.0,0.258819045102521,-0.9659258262890682,0,0
2013-04-15 12:00:00,26.0,2.0,0.0,0.0,62.0,10.0,100.0,4.0,1.2246467991473532e-16,-1.0,0,0
2013-04-15 13:00:00,0.0,0.0,2.0,134.0,16.0,0.0,152.0,3.0,-0.2588190451025208,-0.9659258262890683,0,0
2013-04-15 14:00:00,106.0,26.0,4.0,326.0,42.0,0.0,504.0,5.0,-0.4999999999999997,-0.8660254037844388,0,0
2013-04-15 15:00:00,0.0,0.0,0.0,0.0,20.0,8.0,28.0,2.0,-0.7071067811865471,-0.7071067811865479,0,0
2013-04-15 16:00:00,24.0,2.0,2.0,2.0,42.0,8.0,80.0,6.0,-0.8660254037844385,-0.5000000000000004,0,0
2013-04-15 17:00:00,0.0,2.0,0.0,0.0,18.0,8.0,28.0,3.0,-0.9659258262890683,-0.25881904510252063,0,0
2013-04-15 18:00:00,0.0,0.0,0.0,0.0,0.0,0.0,0.0,0.0,-1.0,-1.8369701987210297e-16,0,1
2013-04-15 19:00:00,0.0,0.0,6.0,14.0,44.0,12.0,76.0,4.0,-0.9659258262890684,0.2588190451025203,0,0
2013-04-15 20:00:00,0.0,0.0,0.0,0.0,2.0,0.0,2.0,1.0,-0.8660254037844386,0.5000000000000001,0,0
2013-04-15 21:00:00,64.0,4.0,4.0,34.0,158.0,16.0,280.0,6.0,-0.7071067811865477,0.7071067811865474,0,0
2013-04-15 22:00:00,0.0,0.0,0.0,0.0,110.0,0.0,110.0,1.0,-0.5000000000000004,0.8660254037844384,0,0
2013-04-15 23:00:00,0.0,0.0,6.0,80.0,110.0,0.0,196.0,3.0,-0.25881904510252157,0.9659258262890681,0,0
2013-04-16 00:00:00,58.0,244.0,0.0,0.0,18.0,2.0,322.0,4.0,0.0,1.0,1,0
2013-04-16 01:00:00,0.0,4.0,2.0,0.0,0.0,0.0,6.0,2.0,0.25881904510252074,0.9659258262890683,1,0
2013-04-16 02:00:00,0.0,4.0,0.0,0.0,2.0,0.0,6.0,2.0,0.49999999999999994,0.8660254037844387,1,0
2013-04-16 03:00:00,0.0,8.0,0.0,0.0,0.0,0.0,8.0,1.0,0.7071067811865476,0.7071067811865476,1,0
2013-04-16 04:00:00,0.0,6.0,0.0,0.0,0.0,0.0,6.0,1.0,0.8660254037844386,0.5000000000000001,1,0
2013-04-16 05:00:00,0.0,4.0,0.0,0.0,0.0,0.0,4.0,1.0,0.9659258262890683,0.25881904510252074,1,0
2013-04-16 06:00:00,34.0,64.0,6.0,44.0,62.0,16.0,226.0,6.0,1.0,6.123233995736766e-17,1,0
2013-04-16 07:00:00,0.0,0.0,8.0,149.0,92.0,0.0,249.0,3.0,0.9659258262890683,-0.25881904510252063,1,0
2013-04-16 08:00:00,50.0,0.0,12.0,267.0,154.0,4.0,487.0,5.0,0.8660254037844387,-0.4999999999999998,1,0
2013-04-16 09:00:00,260.0,171.0,6.0,204.0,134.0,0.0,775.0,5.0,0.7071067811865476,-0.7071067811865475,1,0
2013-04-16 10:00:00,40.0,133.0,8.0,16.0,114.0,22.0,333.0,6.0,0.49999999999999994,-0.8660254037844387,1,0
2013-04-16 11:00:00,0.0,0.0,0.0,0.0,22.0,0.0,22.0,1.0,0.258819045102521,-0.9659258262890682,1,0
2013-04-16 12:00:00,34.0,4.0,50.0,224.0,84.0,10.0,406.0,6.0,1.2246467991473532e-16,-1.0,1,0
2013-04-16 13:00:00,0.0,0.0,0.0,0.0,12.0,12.0,24.0,2.0,-0.2588190451025208,-0.9659258262890683,1,0
2013-04-16 14:00:00,0.0,0.0,0.0,2.0,0.0,0.0,2.0,1.0,-0.4999999999999997,-0.8660254037844388,1,0
2013-04-16 15:00:00,30.0,4.0,10.0,52.0,44.0,2.0,142.0,6.0,-0.7071067811865471,-0.7071067811865479,1,0
2013-04-16 16:00:00,0.0,0.0,0.0,0.0,40.0,0.0,40.0,1.0,-0.8660254037844385,-0.5000000000000004,1,0
2013-04-16 17:00:00,84.0,24.0,2.0,0.0,60.0,10.0,180.0,5.0,-0.9659258262890683,-0.25881904510252063,1,0
2013-04-16 18:00:00,0.0,0.0,0.0,0.0,0.0,0.0,0.0,0.0,-1.0,-1.8369701987210297e-16,1,1
2013-04-16 19:00:00,0.0,0.0,8.0,45.0,88.0,6.0,147.0,4.0,-0.9659258262890684,0.2588190451025203,1,0
2013-04-16 20:00:00,0.0,0.0,0.0,13.0,24.0,0.0,37.0,2.0,-0.8660254037844386,0.5000000000000001,1,0
2013-04-16 21:00:00,0.0,0.0,0.0,0.0,54.0,0.0,54.0,1.0,-0.7071067811865477,0.7071067811865474,1,0
2013-04-16 22:00:00,0.0,0.0,0.0,0.0,44.0,0.0,44.0,1.0,-0.5000000000000004,0.8660254037844384,1,0
2013-04-16 23:00:00,26.0,164.0,6.0,52.0,102.0,10.0,360.0,6.0,-0.25881904510252157,0.9659258262890681,1,0
2013-04-17 00:00:00,54.0,80.0,0.0,0.0,0.0,0.0,134.0,2.0,0.0,1.0,2,0
2013-04-17 01:00:00,0.0,4.0,0.0,0.0,0.0,0.0,4.0,1.0,0.25881904510252074,0.9659258262890683,2,0
2013-04-17 02:00:00,0.0,0.0,0.0,2.0,0.0,0.0,2.0,1.0,0.49999999999999994,0.8660254037844387,2,0
2013-04-17 03:00:00,0.0,4.0,0.0,0.0,2.0,2.0,8.0,3.0,0.7071067811865476,0.7071067811865476,2,0
2013-04-17 04:00:00,0.0,2.0,0.0,0.0,0.0,0.0,2.0,1.0,0.8660254037844386,0.5000000000000001,2,0
2013-04-17 05:00:00,30.0,100.0,0.0,0.0,0.0,0.0,130.0,2.0,0.9659258262890683,0.25881904510252074,2,0
2013-04-17 06:00:00,0.0,2.0,0.0,0.0,0.0,0.0,2.0,1.0,1.0,6.123233995736766e-17,2,0
2013-04-17 07:00:00,58.0,72.0,4.0,34.0,44.0,14.0,226.0,6.0,0.9659258262890683,-0.25881904510252063,2,0
2013-04-17 08:00:00,0.0,0.0,8.0,183.0,72.0,0.0,263.0,3.0,0.8660254037844387,-0.4999999999999998,2,0
2013-04-17 09:00:00,0.0,0.0,0.0,189.0,120.0,0.0,309.0,2.0,0.7071067811865476,-0.7071067811865475,2,0
2013-04-17 10:00:00,326.0,252.0,96.0,14.0,136.0,7.0,831.0,6.0,0.49999999999999994,-0.8660254037844387,2,0
2013-04-17 11:00:00,30.0,6.0,0.0,0.0,156.0,23.0,215.0,4.0,0.258819045102521,-0.9659258262890682,2,0
2013-04-17 12:00:00,0.0,0.0,0.0,0.0,0.0,0.0,0.0,0.0,1.2246467991473532e-16,-1.0,2,1
2013-04-17 13:00:00,0.0,0.0,20.0,210.0,88.0,8.0,326.0,4.0,-0.2588190451025208,-0.9659258262890683,2,0
2013-04-17 14:00:00,0.0,0.0,0.0,0.0,16.0,0.0,16.0,1.0,-0.4999999999999997,-0.8660254037844388,2,0
2013-04-17 15:00:00,32.0,4.0,2.0,38.0,78.0,16.0,170.0,6.0,-0.7071067811865471,-0.7071067811865479,2,0
2013-04-17 16:00:00,0.0,0.0,0.0,0.0,2.0,0.0,2.0,1.0,-0.8660254037844385,-0.5000000000000004,2,0
2013-04-17 17:00:00,0.0,0.0,0.0,0.0,38.0,8.0,46.0,2.0,-0.9659258262890683,-0.25881904510252063,2,0
2013-04-17 18:00:00,36.0,4.0,0.0,0.0,30.0,8.0,78.0,4.0,-1.0,-1.8369701987210297e-16,2,0
2013-04-17 19:00:00,0.0,0.0,0.0,2.0,28.0,0.0,30.0,2.0,-0.9659258262890684,0.2588190451025203,2,0
2013-04-17 20:00:00,0.0,0.0,0.0,2.0,26.0,0.0,28.0,2.0,-0.8660254037844386,0.5000000000000001,2,0
2013-04-17 21:00:00,0.0,0.0,0.0,0.0,24.0,0.0,24.0,1.0,-0.7071067811865477,0.7071067811865474,2,0
2013-04-17 22:00:00,0.0,0.0,0.0,0.0,6.0,0.0,6.0,1.0,-0.5000000000000004,0.8660254037844384,2,0
2013-04-17 23:00:00,34.0,204.0,4.0,34.0,82.0,4.0,362.0,6.0,-0.25881904510252157,0.9659258262890681,2,0
2013-04-18 00:00:00,0.0,6.0,0.0,0.0,0.0,0.0,6.0,1.0,0.0,1.0,3,0
2013-04-18 01:00:00,0.0,2.0,0.0,0.0,0.0,0.0,2.0,1.0,0.25881904510252074,0.9659258262890683,3,0
2013-04-18 02:00:00,0.0,10.0,0.0,0.0,0.0,0.0,10.0,1.0,0.49999999999999994,0.8660254037844387,3,0
2013-04-18 03:00:00,0.0,12.0,0.0,0.0,0.0,0.0,12.0,1.0,0.7071067811865476,0.7071067811865476,3,0
2013-04-18 04:00:00,0.0,24.0,0.0,0.0,0.0,0.0,24.0,1.0,0.8660254037844386,0.5000000000000001,3,0
2013-04-18 05:00:00,0.0,0.0,0.0,0.0,0.0,0.0,0.0,0.0,0.9659258262890683,0.25881904510252074,3,1
2013-04-18 06:00:00,0.0,4.0,0.0,0.0,0.0,0.0,4.0,1.0,1.0,6.123233995736766e-17,3,0
2013-04-18 07:00:00,42.0,120.0,4.0,42.0,28.0,16.0,252.0,6.0,0.9659258262890683,-0.25881904510252063,3,0
2013-04-18 08:00:00,34.0,2.0,4.0,72.0,108.0,2.0,222.0,6.0,0.8660254037844387,-0.4999999999999998,3,0
2013-04-18 09:00:00,0.0,0.0,2.0,208.0,140.0,0.0,350.0,3.0,0.7071067811865476,-0.7071067811865475,3,0
2013-04-18 10:00:00,0.0,0.0,0.0,0.0,224.0,0.0,224.0,1.0,0.49999999999999994,-0.8660254037844387,3,0
2013-04-18 11:00:00,138.0,130.0,0.0,0.0,168.0,2.0,438.0,4.0,0.258819045102521,-0.9659258262890682,3,0
2013-04-18 12:00:00,110.0,110.0,6.0,130.0,48.0,0.0,404.0,5.0,1.2246467991473532e-16,-1.0,3,0
2013-04-18 13:00:00,0.0,0.0,6.0,96.0,50.0,10.0,162.0,4.0,-0.2588190451025208,-0.9659258262890683,3,0
2013-04-18 14:00:00,0.0,0.0,0.0,0.0,8.0,0.0,8.0,1.0,-0.4999999999999997,-0.8660254037844388,3,0
2013-04-18 15:00:00,34.0,0.0,0.0,0.0,32.0,8.0,74.0,3.0,-0.7071067811865471,-0.7071067811865479,3,0
2013-04-18 16:00:00,0.0,0.0,0.0,0.0,24.0,8.0,32.0,2.0,-0.8660254037844385,-0.5000000000000004,3,0
2013-04-18 17:00:00,94.0,16.0,0.0,0.0,60.0,10.0,180.0,4.0,-0.9659258262890683,-0.25881904510252063,3,0
2013-04-18 18:00:00,0.0,0.0,0.0,0.0,0.0,0.0,0.0,0.0,-1.0,-1.8369701987210297e-16,3,1
2013-04-18 19:00:00,0.0,0.0,0.0,0.0,26.0,10.0,36.0,2.0,-0.9659258262890684,0.2588190451025203,3,0
2013-04-18 20:00:00,0.0,0.0,0.0,0.0,6.0,0.0,6.0,1.0,-0.8660254037844386,0.5000000000000001,3,0
2013-04-18 21:00:00,0.0,0.0,0.0,4.0,24.0,0.0,28.0,2.0,-0.7071067811865477,0.7071067811865474,3,0
2013-04-18 22:00:00,0.0,0.0,0.0,0.0,28.0,0.0,28.0,1.0,-0.5000000000000004,0.8660254037844384,3,0
2013-04-18 23:00:00,0.0,0.0,0.0,0.0,30.0,0.0,30.0,1.0,-0.25881904510252157,0.9659258262890681,3,0
2013-04-19 00:00:00,36.0,208.0,6.0,44.0,64.0,12.0,370.0,6.0,0.0,1.0,4,0
2013-04-19 01:00:00,0.0,0.0,0.0,0.0,0.0,0.0,0.0,0.0,0.25881904510252074,0.9659258262890683,4,1
2013-04-19 02:00:00,0.0,0.0,0.0,0.0,0.0,0.0,0.0,0.0,0.49999999999999994,0.8660254037844387,4,1
2013-04-19 03:00:00,0.0,4.0,0.0,0.0,0.0,0.0,4.0,1.0,0.7071067811865476,0.7071067811865476,4,0
2013-04-19 04:00:00,0.0,6.0,0.0,0.0,0.0,0.0,6.0,1.0,0.8660254037844386,0.5000000000000001,4,0
2013-04-19 05:00:00,0.0,4.0,0.0,0.0,0.0,0.0,4.0,1.0,0.9659258262890683,0.25881904510252074,4,0
2013-04-19 06:00:00,0.0,0.0,0.0,0.0,0.0,0.0,0.0,0.0,1.0,6.123233995736766e-17,4,1
2013-04-19 07:00:00,0.0,12.0,0.0,0.0,0.0,0.0,12.0,1.0,0.9659258262890683,-0.25881904510252063,4,0
2013-04-19 08:00:00,38.0,76.0,6.0,30.0,118.0,20.0,288.0,6.0,0.8660254037844387,-0.4999999999999998,4,0
2013-04-19 09:00:00,36.0,0.0,6.0,240.0,94.0,2.0,378.0,5.0,0.7071067811865476,-0.7071067811865475,4,0
2013-04-19 10:00:00,0.0,0.0,0.0,0.0,108.0,0.0,108.0,1.0,0.49999999999999994,-0.8660254037844387,4,0
2013-04-19 11:00:00,0.0,0.0,0.0,2.0,74.0,0.0,76.0,2.0,0.258819045102521,-0.9659258262890682,4,0
2013-04-19 12:00:00,0.0,0.0,0.0,0.0,178.0,0.0,178.0,1.0,1.2246467991473532e-16,-1.0,4,0
2013-04-19 13:00:00,0.0,0.0,0.0,0.0,252.0,0.0,252.0,1.0,-0.2588190451025208,-0.9659258262890683,4,0
2013-04-19 14:00:00,50.0,130.0,2.0,42.0,212.0,0.0,436.0,5.0,-0.4999999999999997,-0.8660254037844388,4,0
2013-04-19 15:00:00,190.0,148.0,0.0,2.0,68.0,18.0,426.0,5.0,-0.7071067811865471,-0.7071067811865479,4,0
2013-04-19 16:00:00,0.0,0.0,0.0,0.0,14.0,0.0,14.0,1.0,-0.8660254037844385,-0.5000000000000004,4,0
2013-04-19 17:00:00,56.0,20.0,12.0,90.0,102.0,16.0,296.0,6.0,-0.9659258262890683,-0.25881904510252063,4,0
2013-04-19 18:00:00,0.0,0.0,0.0,0.0,86.0,0.0,86.0,1.0,-1.0,-1.8369701987210297e-16,4,0
2013-04-19 19:00:00,0.0,0.0,0.0,0.0,196.0,0.0,196.0,1.0,-0.9659258262890684,0.2588190451025203,4,0
2013-04-19 20:00:00,0.0,0.0,4.0,76.0,102.0,0.0,182.0,3.0,-0.8660254037844386,0.5000000000000001,4,0
2013-04-19 21:00:00,0.0,0.0,0.0,0.0,12.0,0.0,12.0,1.0,-0.7071067811865477,0.7071067811865474,4,0
2013-04-19 22:00:00,0.0,0.0,0.0,0.0,36.0,0.0,36.0,1.0,-0.5000000000000004,0.8660254037844384,4,0
2013-04-19 23:00:00,0.0,0.0,0.0,0.0,20.0,0.0,20.0,1.0,-0.25881904510252157,0.9659258262890681,4,0
2013-04-20 00:00:00,12.0,42.0,4.0,44.0,114.0,4.0,220.0,6.0,0.0,1.0,5,0
2013-04-20 01:00:00,96.0,172.0,0.0,0.0,0.0,12.0,280.0,3.0,0.25881904510252074,0.9659258262890683,5,0
2013-04-20 02:00:00,0.0,0.0,0.0,0.0,0.0,0.0,0.0,0.0,0.49999999999999994,0.8660254037844387,5,1
2013-04-20 03:00:00,0.0,8.0,0.0,2.0,0.0,0.0,10.0,2.0,0.7071067811865476,0.7071067811865476,5,0
2013-04-20 04:00:00,0.0,8.0,0.0,0.0,0.0,0.0,8.0,1.0,0.8660254037844386,0.5000000000000001,5,0
2013-04-20 05:00:00,0.0,2.0,0.0,0.0,0.0,0.0,2.0,1.0,0.9659258262890683,0.25881904510252074,5,0
2013-04-20 06:00:00,0.0,0.0,0.0,0.0,0.0,0.0,0.0,0.0,1.0,6.123233995736766e-17,5,1
2013-04-20 07:00:00,66.0,96.0,4.0,40.0,98.0,24.0,328.0,6.0,0.9659258262890683,-0.25881904510252063,5,0
2013-04-20 08:00:00,0.0,0.0,4.0,226.0,82.0,0.0,312.0,3.0,0.8660254037844387,-0.4999999999999998,5,0
2013-04-20 09:00:00,0.0,0.0,0.0,4.0,142.0,0.0,146.0,2.0,0.7071067811865476,-0.7071067811865475,5,0
2013-04-20 10:00:00,298.0,334.0,0.0,0.0,84.0,6.0,722.0,4.0,0.49999999999999994,-0.8660254037844387,5,0
2013-04-20 11:00:00,0.0,0.0,0.0,0.0,18.0,2.0,20.0,2.0,0.258819045102521,-0.9659258262890682,5,0
2013-04-20 12:00:00,0.0,0.0,0.0,2.0,0.0,0.0,2.0,1.0,1.2246467991473532e-16,-1.0,5,0
2013-04-20 13:00:00,36.0,16.0,0.0,0.0,34.0,24.0,110.0,4.0,-0.2588190451025208,-0.9659258262890683,5,0
2013-04-20 14:00:00,0.0,2.0,4.0,10.0,18.0,6.0,40.0,5.0,-0.4999999999999997,-0.8660254037844388,5,0
2013-04-20 15:00:00,0.0,0.0,6.0,42.0,62.0,20.0,130.0,4.0,-0.7071067811865471,-0.7071067811865479,5,0
2013-04-20 16:00:00,4.0,398.0,6.0,12.0,84.0,18.0,522.0,6.0,-0.8660254037844385,-0.5000000000000004,5,0
2013-04-20 17:00:00,30.0,46.0,0.0,0.0,108.0,28.0,212.0,4.0,-0.9659258262890683,-0.25881904510252063,5,0
2013-04-20 18:00:00,0.0,0.0,0.0,0.0,0.0,0.0,0.0,0.0,-1.0,-1.8369701987210297e-16,5,1
2013-04-20 19:00:00,30.0,4.0,0.0,0.0,40.0,8.0,82.0,4.0,-0.9659258262890684,0.2588190451025203,5,0
2013-04-20 20:00:00,0.0,0.0,0.0,0.0,32.0,0.0,32.0,1.0,-0.8660254037844386,0.5000000000000001,5,0
2013-04-20 21:00:00,0.0,0.0,0.0,0.0,50.0,0.0,50.0,1.0,-0.7071067811865477,0.7071067811865474,5,0
2013-04-20 22:00:00,4.0,4.0,4.0,162.0,98.0,8.0,280.0,6.0,-0.5000000000000004,0.8660254037844384,5,0
2013-04-20 23:00:00,0.0,0.0,0.0,0.0,36.0,0.0,36.0,1.0,-0.25881904510252157,0.9659258262890681,5,0
2013-04-21 00:00:00,106.0,380.0,0.0,2.0,36.0,2.0,526.0,5.0,0.0,1.0,6,0
2013-04-21 01:00:00,0.0,4.0,0.0,0.0,0.0,0.0,4.0,1.0,0.25881904510252074,0.9659258262890683,6,0
2013-04-21 02:00:00,0.0,0.0,0.0,0.0,0.0,0.0,0.0,0.0,0.49999999999999994,0.8660254037844387,6,1
2013-04-21 03:00:00,0.0,2.0,0.0,0.0,0.0,0.0,2.0,1.0,0.7071067811865476,0.7071067811865476,6,0
2013-04-21 04:00:00,0.0,10.0,0.0,0.0,0.0,0.0,10.0,1.0,0.8660254037844386,0.5000000000000001,6,0
2013-04-21 05:00:00,0.0,0.0,0.0,0.0,0.0,2.0,2.0,1.0,0.9659258262890683,0.25881904510252074,6,0
2013-04-21 06:00:00,0.0,2.0,0.0,0.0,0.0,0.0,2.0,1.0,1.0,6.123233995736766e-17,6,0
2013-04-21 07:00:00,0.0,2.0,0.0,0.0,0.0,0.0,2.0,1.0,0.9659258262890683,-0.25881904510252063,6,0
2013-04-21 08:00:00,34.0,110.0,6.0,34.0,42.0,12.0,238.0,6.0,0.8660254037844387,-0.4999999999999998,6,0
2013-04-21 09:00:00,0.0,0.0,0.0,0.0,92.0,0.0,92.0,1.0,0.7071067811865476,-0.7071067811865475,6,0
2013-04-21 10:00:00,104.0,0.0,10.0,206.0,112.0,0.0,432.0,4.0,0.49999999999999994,-0.8660254037844387,6,0
2013-04-21 11:00:00,0.0,0.0,8.0,144.0,142.0,0.0,294.0,3.0,0.258819045102521,-0.9659258262890682,6,0
2013-04-21 12:00:00,276.0,258.0,6.0,48.0,68.0,2.0,658.0,6.0,1.2246467991473532e-16,-1.0,6,0
2013-04-21 13:00:00,0.0,0.0,0.0,0.0,26.0,0.0,26.0,1.0,-0.2588190451025208,-0.9659258262890683,6,0
2013-04-21 14:00:00,28.0,4.0,32.0,492.0,122.0,20.0,698.0,6.0,-0.4999999999999997,-0.8660254037844388,6,0
2013-04-21 15:00:00,0.0,0.0,8.0,134.0,142.0,0.0,284.0,3.0,-0.7071067811865471,-0.7071067811865479,6,0
2013-04-21 16:00:00,32.0,168.0,4.0,52.0,86.0,12.0,354.0,6.0,-0.8660254037844385,-0.5000000000000004,6,0
2013-04-21 17:00:00,0.0,0.0,0.0,2.0,0.0,0.0,2.0,1.0,-0.9659258262890683,-0.25881904510252063,6,0
2013-04-21 18:00:00,0.0,0.0,4.0,28.0,30.0,10.0,72.0,4.0,-1.0,-1.8369701987210297e-16,6,0
2013-04-21 19:00:00,0.0,0.0,0.0,0.0,14.0,0.0,14.0,1.0,-0.9659258262890684,0.2588190451025203,6,0
2013-04-21 20:00:00,0.0,0.0,0.0,0.0,2.0,0.0,2.0,1.0,-0.8660254037844386,0.5000000000000001,6,0
2013-04-21 21:00:00,18.0,152.0,0.0,0.0,52.0,0.0,222.0,3.0,-0.7071067811865477,0.7071067811865474,6,0
2013-04-21 22:00:00,2.0,0.0,0.0,0.0,44.0,0.0,46.0,2.0,-0.5000000000000004,0.8660254037844384,6,0
2013-04-21 23:00:00,0.0,0.0,6.0,71.0,82.0,0.0,159.0,3.0,-0.25881904510252157,0.9659258262890681,6,0
2013-04-22 00:00:00,66.0,76.0,0.0,97.0,36.0,10.0,285.0,5.0,0.0,1.0,0,0
2013-04-22 01:00:00,0.0,2.0,0.0,0.0,0.0,0.0,2.0,1.0,0.25881904510252074,0.9659258262890683,0,0
2013-04-22 02:00:00,0.0,2.0,0.0,0.0,0.0,0.0,2.0,1.0,0.49999999999999994,0.8660254037844387,0,0
2013-04-22 03:00:00,0.0,4.0,0.0,0.0,0.0,0.0,4.0,1.0,0.7071067811865476,0.7071067811865476,0,0
2013-04-22 04:00:00,0.0,4.0,0.0,0.0,0.0,0.0,4.0,1.0,0.8660254037844386,0.5000000000000001,0,0
2013-04-22 05:00:00,0.0,16.0,0.0,0.0,0.0,0.0,16.0,1.0,0.9659258262890683,0.25881904510252074,0,0
2013-04-22 06:00:00,26.0,101.0,0.0,0.0,0.0,0.0,127.0,2.0,1.0,6.123233995736766e-17,0,0
2013-04-22 07:00:00,8.0,3.0,6.0,42.0,74.0,14.0,147.0,6.0,0.9659258262890683,-0.25881904510252063,0,0
2013-04-22 08:00:00,10.0,0.0,18.0,264.0,156.0,2.0,450.0,5.0,0.8660254037844387,-0.4999999999999998,0,0
2013-04-22 09:00:00,0.0,0.0,0.0,2.0,61.0,0.0,63.0,2.0,0.7071067811865476,-0.7071067811865475,0,0
2013-04-22 10:00:00,0.0,0.0,0.0,0.0,97.0,0.0,97.0,1.0,0.49999999999999994,-0.8660254037844387,0,0
2013-04-22 11:00:00,276.0,324.0,6.0,16.0,98.0,2.0,722.0,6.0,0.258819045102521,-0.9659258262890682,0,0
2013-04-22 12:00:00,0.0,0.0,0.0,0.0,6.0,0.0,6.0,1.0,1.2246467991473532e-16,-1.0,0,0
2013-04-22 13:00:00,36.0,0.0,6.0,94.0,96.0,22.0,254.0,5.0,-0.2588190451025208,-0.9659258262890683,0,0
2013-04-22 14:00:00,0.0,0.0,2.0,44.0,54.0,14.0,114.0,4.0,-0.4999999999999997,-0.8660254037844388,0,0
2013-04-22 15:00:00,0.0,0.0,0.0,0.0,6.0,0.0,6.0,1.0,-0.7071067811865471,-0.7071067811865479,0,0
2013-04-22 16:00:00,30.0,84.0,0.0,2.0,40.0,0.0,156.0,4.0,-0.8660254037844385,-0.5000000000000004,0,0
2013-04-22 17:00:00,0.0,0.0,0.0,0.0,38.0,6.0,44.0,2.0,-0.9659258262890683,-0.25881904510252063,0,0
2013-04-22 18:00:00,0.0,0.0,0.0,0.0,0.0,0.0,0.0,0.0,-1.0,-1.8369701987210297e-16,0,1
2013-04-22 19:00:00,42.0,0.0,4.0,16.0,60.0,10.0,132.0,5.0,-0.9659258262890684,0.2588190451025203,0,0
2013-04-22 20:00:00,0.0,0.0,0.0,0.0,34.0,0.0,34.0,1.0,-0.8660254037844386,0.5000000000000001,0,0
2013-04-22 21:00:00,0.0,0.0,0.0,0.0,44.0,0.0,44.0,1.0,-0.7071067811865477,0.7071067811865474,0,0
2013-04-22 22:00:00,0.0,0.0,0.0,0.0,20.0,0.0,20.0,1.0,-0.5000000000000004,0.8660254037844384,0,0
2013-04-22 23:00:00,34.0,4.0,8.0,92.0,88.0,14.0,240.0,6.0,-0.25881904510252157,0.9659258262890681,0,0
2013-04-23 00:00:00,0.0,0.0,0.0,0.0,66.0,0.0,66.0,1.0,0.0,1.0,1,0
2013-04-23 01:00:00,24.0,224.0,0.0,0.0,80.0,2.0,330.0,4.0,0.25881904510252074,0.9659258262890683,1,0
2013-04-23 02:00:00,0.0,0.0,0.0,0.0,0.0,0.0,0.0,0.0,0.49999999999999994,0.8660254037844387,1,1
2013-04-23 03:00:00,30.0,60.0,0.0,0.0,0.0,0.0,90.0,2.0,0.7071067811865476,0.7071067811865476,1,0
2013-04-23 04:00:00,0.0,2.0,0.0,2.0,0.0,0.0,4.0,2.0,0.8660254037844386,0.5000000000000001,1,0
2013-04-23 05:00:00,0.0,6.0,0.0,0.0,0.0,0.0,6.0,1.0,0.9659258262890683,0.25881904510252074,1,0
2013-04-23 06:00:00,0.0,0.0,0.0,0.0,0.0,0.0,0.0,0.0,1.0,6.123233995736766e-17,1,1
2013-04-23 07:00:00,0.0,8.0,0.0,0.0,0.0,0.0,8.0,1.0,0.9659258262890683,-0.25881904510252063,1,0
2013-04-23 08:00:00,52.0,96.0,6.0,42.0,50.0,16.0,262.0,6.0,0.8660254037844387,-0.4999999999999998,1,0
2013-04-23 09:00:00,153.0,224.0,0.0,0.0,72.0,2.0,451.0,4.0,0.7071067811865476,-0.7071067811865475,1,0
2013-04-23 10:00:00,21.0,0.0,0.0,0.0,32.0,12.0,65.0,3.0,0.49999999999999994,-0.8660254037844387,1,0
2013-04-23 11:00:00,0.0,0.0,0.0,0.0,68.0,26.0,94.0,2.0,0.258819045102521,-0.9659258262890682,1,0
2013-04-23 12:00:00,30.0,0.0,58.0,342.0,172.0,2.0,604.0,5.0,1.2246467991473532e-16,-1.0,1,0
2013-04-23 13:00:00,0.0,0.0,10.0,312.0,128.0,32.0,482.0,4.0,-0.2588190451025208,-0.9659258262890683,1,0
2013-04-23 14:00:00,0.0,0.0,0.0,0.0,22.0,0.0,22.0,1.0,-0.4999999999999997,-0.8660254037844388,1,0
2013-04-23 15:00:00,38.0,0.0,0.0,0.0,54.0,20.0,112.0,3.0,-0.7071067811865471,-0.7071067811865479,1,0
2013-04-23 16:00:00,0.0,0.0,14.0,216.0,104.0,0.0,334.0,3.0,-0.8660254037844385,-0.5000000000000004,1,0
2013-04-23 17:00:00,0.0,0.0,0.0,0.0,4.0,0.0,4.0,1.0,-0.9659258262890683,-0.25881904510252063,1,0
2013-04-23 18:00:00,0.0,0.0,16.0,294.0,106.0,0.0,416.0,3.0,-1.0,-1.8369701987210297e-16,1,0
2013-04-23 19:00:00,0.0,0.0,0.0,0.0,72.0,0.0,72.0,1.0,-0.9659258262890684,0.2588190451025203,1,0
2013-04-23 20:00:00,0.0,0.0,10.0,296.0,66.0,0.0,372.0,3.0,-0.8660254037844386,0.5000000000000001,1,0
2013-04-23 21:00:00,40.0,118.0,28.0,98.0,48.0,2.0,334.0,6.0,-0.7071067811865477,0.7071067811865474,1,0
2013-04-23 22:00:00,0.0,0.0,0.0,0.0,34.0,0.0,34.0,1.0,-0.5000000000000004,0.8660254037844384,1,0
2013-04-23 23:00:00,0.0,0.0,0.0,0.0,30.0,0.0,30.0,1.0,-0.25881904510252157,0.9659258262890681,1,0
2013-04-24 00:00:00,16.0,8.0,0.0,0.0,22.0,2.0,48.0,4.0,0.0,1.0,2,0
2013-04-24 01:00:00,16.0,54.0,0.0,0.0,0.0,4.0,74.0,3.0,0.25881904510252074,0.9659258262890683,2,0
2013-04-24 02:00:00,0.0,2.0,0.0,0.0,0.0,0.0,2.0,1.0,0.49999999999999994,0.8660254037844387,2,0
2013-04-24 03:00:00,0.0,12.0,0.0,0.0,0.0,0.0,12.0,1.0,0.7071067811865476,0.7071067811865476,2,0
2013-04-24 04:00:00,0.0,4.0,0.0,0.0,0.0,0.0,4.0,1.0,0.8660254037844386,0.5000000000000001,2,0
2013-04-24 05:00:00,60.0,72.0,0.0,0.0,0.0,0.0,132.0,2.0,0.9659258262890683,0.25881904510252074,2,0
2013-04-24 06:00:00,0.0,6.0,0.0,0.0,0.0,0.0,6.0,1.0,1.0,6.123233995736766e-17,2,0
2013-04-24 07:00:00,0.0,4.0,0.0,0.0,0.0,0.0,4.0,1.0,0.9659258262890683,-0.25881904510252063,2,0
2013-04-24 08:00:00,46.0,46.0,4.0,46.0,46.0,14.0,202.0,6.0,0.8660254037844387,-0.4999999999999998,2,0
2013-04-24 09:00:00,32.0,4.0,4.0,244.0,144.0,2.0,430.0,6.0,0.7071067811865476,-0.7071067811865475,2,0
2013-04-24 10:00:00,1.0,2.0,12.0,54.0,162.0,2.0,233.0,6.0,0.49999999999999994,-0.8660254037844387,2,0
2013-04-24 11:00:00,237.0,160.0,0.0,0.0,138.0,8.0,543.0,4.0,0.258819045102521,-0.9659258262890682,2,0
2013-04-24 12:00:00,0.0,0.0,0.0,0.0,0.0,0.0,0.0,0.0,1.2246467991473532e-16,-1.0,2,1
2013-04-24 13:00:00,24.0,0.0,6.0,148.0,116.0,12.0,306.0,5.0,-0.2588190451025208,-0.9659258262890683,2,0
2013-04-24 14:00:00,0.0,0.0,0.0,0.0,32.0,12.0,44.0,2.0,-0.4999999999999997,-0.8660254037844388,2,0
2013-04-24 15:00:00,0.0,0.0,8.0,78.0,82.0,14.0,182.0,4.0,-0.7071067811865471,-0.7071067811865479,2,0
2013-04-24 16:00:00,0.0,0.0,0.0,0.0,0.0,0.0,0.0,0.0,-0.8660254037844385,-0.5000000000000004,2,1
2013-04-24 17:00:00,34.0,0.0,0.0,0.0,80.0,30.0,144.0,3.0,-0.9659258262890683,-0.25881904510252063,2,0
2013-04-24 18:00:00,0.0,0.0,0.0,0.0,0.0,0.0,0.0,0.0,-1.0,-1.8369701987210297e-16,2,1
2013-04-24 19:00:00,0.0,0.0,0.0,0.0,24.0,12.0,36.0,2.0,-0.9659258262890684,0.2588190451025203,2,0
2013-04-24 20:00:00,0.0,0.0,0.0,0.0,22.0,0.0,22.0,1.0,-0.8660254037844386,0.5000000000000001,2,0
2013-04-24 21:00:00,0.0,0.0,0.0,0.0,14.0,0.0,14.0,1.0,-0.7071067811865477,0.7071067811865474,2,0
2013-04-24 22:00:00,88.0,76.0,12.0,104.0,100.0,8.0,388.0,6.0,-0.5000000000000004,0.8660254037844384,2,0
2013-04-24 23:00:00,0.0,0.0,0.0,0.0,178.0,0.0,178.0,1.0,-0.25881904510252157,0.9659258262890681,2,0
2013-04-25 00:00:00,0.0,0.0,0.0,0.0,66.0,0.0,66.0,1.0,0.0,1.0,3,0
2013-04-25 01:00:00,30.0,78.0,6.0,44.0,50.0,4.0,212.0,6.0,0.25881904510252074,0.9659258262890683,3,0
2013-04-25 02:00:00,0.0,2.0,0.0,0.0,0.0,0.0,2.0,1.0,0.49999999999999994,0.8660254037844387,3,0
2013-04-25 03:00:00,0.0,4.0,0.0,0.0,0.0,0.0,4.0,1.0,0.7071067811865476,0.7071067811865476,3,0
2013-04-25 04:00:00,0.0,10.0,0.0,0.0,0.0,0.0,10.0,1.0,0.8660254037844386,0.5000000000000001,3,0
2013-04-25 05:00:00,0.0,6.0,0.0,0.0,0.0,0.0,6.0,1.0,0.9659258262890683,0.25881904510252074,3,0
2013-04-25 06:00:00,0.0,6.0,0.0,0.0,0.0,0.0,6.0,1.0,1.0,6.123233995736766e-17,3,0
2013-04-25 07:00:00,60.0,54.0,4.0,24.0,45.0,16.0,203.0,6.0,0.9659258262890683,-0.25881904510252063,3,0
2013-04-25 08:00:00,0.0,0.0,4.0,284.0,55.0,0.0,343.0,3.0,0.8660254037844387,-0.4999999999999998,3,0
2013-04-25 09:00:00,30.0,4.0,2.0,65.0,88.0,4.0,193.0,6.0,0.7071067811865476,-0.7071067811865475,3,0
2013-04-25 10:00:00,0.0,0.0,0.0,0.0,64.0,0.0,64.0,1.0,0.49999999999999994,-0.8660254037844387,3,0
2013-04-25 11:00:00,0.0,0.0,6.0,50.0,116.0,0.0,172.0,3.0,0.258819045102521,-0.9659258262890682,3,0
2013-04-25 12:00:00,0.0,0.0,0.0,0.0,66.0,0.0,66.0,1.0,1.2246467991473532e-16,-1.0,3,0
2013-04-25 13:00:00,264.0,164.0,4.0,26.0,58.0,2.0,518.0,6.0,-0.2588190451025208,-0.9659258262890683,3,0
2013-04-25 14:00:00,4.0,14.0,0.0,0.0,38.0,12.0,68.0,4.0,-0.4999999999999997,-0.8660254037844388,3,0
2013-04-25 15:00:00,0.0,0.0,0.0,0.0,0.0,0.0,0.0,0.0,-0.7071067811865471,-0.7071067811865479,3,1
2013-04-25 16:00:00,28.0,4.0,4.0,54.0,30.0,6.0,126.0,6.0,-0.8660254037844385,-0.5000000000000004,3,0
2013-04-25 17:00:00,0.0,0.0,0.0,0.0,24.0,8.0,32.0,2.0,-0.9659258262890683,-0.25881904510252063,3,0
2013-04-25 18:00:00,0.0,0.0,0.0,0.0,0.0,0.0,0.0,0.0,-1.0,-1.8369701987210297e-16,3,1
2013-04-25 19:00:00,24.0,0.0,4.0,14.0,30.0,8.0,80.0,5.0,-0.9659258262890684,0.2588190451025203,3,0
2013-04-25 20:00:00,0.0,0.0,0.0,0.0,34.0,0.0,34.0,1.0,-0.8660254037844386,0.5000000000000001,3,0
2013-04-25 21:00:00,0.0,114.0,0.0,38.0,62.0,4.0,218.0,4.0,-0.7071067811865477,0.7071067811865474,3,0
2013-04-25 22:00:00,0.0,0.0,2.0,20.0,20.0,0.0,42.0,3.0,-0.5000000000000004,0.8660254037844384,3,0
2013-04-25 23:00:00,0.0,0.0,2.0,0.0,68.0,0.0,70.0,2.0,-0.25881904510252157,0.9659258262890681,3,0
2013-04-26 00:00:00,38.0,42.0,0.0,0.0,50.0,4.0,134.0,4.0,0.0,1.0,4,0
2013-04-26 01:00:00,0.0,8.0,0.0,0.0,0.0,0.0,8.0,1.0,0.25881904510252074,0.9659258262890683,4,0
2013-04-26 02:00:00,0.0,14.0,0.0,0.0,0.0,0.0,14.0,1.0,0.49999999999999994,0.8660254037844387,4,0
2013-04-26 03:00:00,0.0,7.0,0.0,0.0,0.0,0.0,7.0,1.0,0.7071067811865476,0.7071067811865476,4,0
2013-04-26 04:00:00,0.0,3.0,0.0,0.0,0.0,2.0,5.0,2.0,0.8660254037844386,0.5000000000000001,4,0
2013-04-26 05:00:00,0.0,8.0,0.0,0.0,0.0,0.0,8.0,1.0,0.9659258262890683,0.25881904510252074,4,0
2013-04-26 06:00:00,30.0,72.0,4.0,36.0,42.0,18.0,202.0,6.0,1.0,6.123233995736766e-17,4,0
2013-04-26 07:00:00,4.0,4.0,2.0,162.0,126.0,4.0,302.0,6.0,0.9659258262890683,-0.25881904510252063,4,0
2013-04-26 08:00:00,0.0,0.0,2.0,52.0,132.0,0.0,186.0,3.0,0.8660254037844387,-0.4999999999999998,4,0
2013-04-26 09:00:00,172.0,256.0,16.0,64.0,168.0,42.0,718.0,6.0,0.7071067811865476,-0.7071067811865475,4,0
2013-04-26 10:00:00,0.0,0.0,4.0,62.0,84.0,16.0,166.0,4.0,0.49999999999999994,-0.8660254037844387,4,0
2013-04-26 11:00:00,14.0,0.0,6.0,114.0,162.0,44.0,340.0,5.0,0.258819045102521,-0.9659258262890682,4,0
2013-04-26 12:00:00,30.0,210.0,2.0,18.0,284.0,34.0,578.0,6.0,1.2246467991473532e-16,-1.0,4,0
2013-04-26 13:00:00,0.0,0.0,0.0,0.0,8.0,0.0,8.0,1.0,-0.2588190451025208,-0.9659258262890683,4,0
2013-04-26 14:00:00,0.0,0.0,0.0,0.0,2.0,0.0,2.0,1.0,-0.4999999999999997,-0.8660254037844388,4,0
2013-04-26 15:00:00,30.0,0.0,0.0,0.0,46.0,18.0,94.0,3.0,-0.7071067811865471,-0.7071067811865479,4,0
2013-04-26 16:00:00,0.0,0.0,6.0,156.0,68.0,0.0,230.0,3.0,-0.8660254037844385,-0.5000000000000004,4,0
2013-04-26 17:00:00,302.0,186.0,4.0,58.0,54.0,10.0,614.0,6.0,-0.9659258262890683,-0.25881904510252063,4,0
2013-04-26 18:00:00,0.0,0.0,0.0,2.0,76.0,8.0,86.0,3.0,-1.0,-1.8369701987210297e-16,4,0
2013-04-26 19:00:00,0.0,0.0,0.0,0.0,0.0,0.0,0.0,0.0,-0.9659258262890684,0.2588190451025203,4,1
2013-04-26 20:00:00,0.0,0.0,0.0,0.0,0.0,0.0,0.0,0.0,-0.8660254037844386,0.5000000000000001,4,1
2013-04-26 21:00:00,0.0,0.0,0.0,0.0,0.0,0.0,0.0,0.0,-0.7071067811865477,0.7071067811865474,4,1
2013-04-26 22:00:00,0.0,0.0,0.0,0.0,0.0,0.0,0.0,0.0,-0.5000000000000004,0.8660254037844384,4,1
2013-04-26 23:00:00,30.0,46.0,0.0,0.0,52.0,14.0,142.0,4.0,-0.25881904510252157,0.9659258262890681,4,0
2013-04-27 00:00:00,0.0,0.0,0.0,0.0,46.0,0.0,46.0,1.0,0.0,1.0,5,0
2013-04-27 01:00:00,26.0,62.0,4.0,64.0,50.0,2.0,208.0,6.0,0.25881904510252074,0.9659258262890683,5,0
2013-04-27 02:00:00,0.0,16.0,0.0,2.0,0.0,0.0,18.0,2.0,0.49999999999999994,0.8660254037844387,5,0
2013-04-27 03:00:00,0.0,0.0,0.0,0.0,0.0,0.0,0.0,0.0,0.7071067811865476,0.7071067811865476,5,1
2013-04-27 04:00:00,0.0,0.0,0.0,0.0,0.0,2.0,2.0,1.0,0.8660254037844386,0.5000000000000001,5,0
2013-04-27 05:00:00,0.0,4.0,0.0,0.0,0.0,0.0,4.0,1.0,0.9659258262890683,0.25881904510252074,5,0
2013-04-27 06:00:00,0.0,4.0,0.0,0.0,0.0,0.0,4.0,1.0,1.0,6.123233995736766e-17,5,0
2013-04-27 07:00:00,36.0,66.0,4.0,36.0,48.0,18.0,208.0,6.0,0.9659258262890683,-0.25881904510252063,5,0
2013-04-27 08:00:00,0.0,0.0,0.0,2.0,86.0,0.0,88.0,2.0,0.8660254037844387,-0.4999999999999998,5,0
2013-04-27 09:00:00,0.0,0.0,6.0,264.0,132.0,2.0,404.0,4.0,0.7071067811865476,-0.7071067811865475,5,0
2013-04-27 10:00:00,68.0,144.0,4.0,80.0,108.0,4.0,408.0,6.0,0.49999999999999994,-0.8660254037844387,5,0
2013-04-27 11:00:00,256.0,164.0,10.0,8.0,210.0,22.0,670.0,6.0,0.258819045102521,-0.9659258262890682,5,0
2013-04-27 12:00:00,46.0,12.0,2.0,164.0,172.0,54.0,450.0,6.0,1.2246467991473532e-16,-1.0,5,0
2013-04-27 13:00:00,0.0,0.0,12.0,112.0,154.0,28.0,306.0,4.0,-0.2588190451025208,-0.9659258262890683,5,0
2013-04-27 14:00:00,0.0,0.0,0.0,0.0,0.0,0.0,0.0,0.0,-0.4999999999999997,-0.8660254037844388,5,1
2013-04-27 15:00:00,20.0,0.0,0.0,2.0,42.0,30.0,94.0,4.0,-0.7071067811865471,-0.7071067811865479,5,0
2013-04-27 16:00:00,0.0,0.0,0.0,0.0,28.0,6.0,34.0,2.0,-0.8660254037844385,-0.5000000000000004,5,0
2013-04-27 17:00:00,26.0,24.0,0.0,2.0,78.0,10.0,140.0,5.0,-0.9659258262890683,-0.25881904510252063,5,0
2013-04-27 18:00:00,0.0,0.0,0.0,2.0,0.0,2.0,4.0,2.0,-1.0,-1.8369701987210297e-16,5,0
2013-04-27 19:00:00,22.0,0.0,0.0,0.0,88.0,12.0,122.0,3.0,-0.9659258262890684,0.2588190451025203,5,0
2013-04-27 20:00:00,0.0,0.0,0.0,2.0,34.0,0.0,36.0,2.0,-0.8660254037844386,0.5000000000000001,5,0
2013-04-27 21:00:00,76.0,122.0,18.0,54.0,100.0,6.0,376.0,6.0,-0.7071067811865477,0.7071067811865474,5,0
2013-04-27 22:00:00,0.0,0.0,0.0,0.0,4.0,0.0,4.0,1.0,-0.5000000000000004,0.8660254037844384,5,0
2013-04-27 23:00:00,0.0,0.0,0.0,0.0,14.0,0.0,14.0,1.0,-0.25881904510252157,0.9659258262890681,5,0
2013-04-28 00:00:00,94.0,580.0,4.0,20.0,72.0,22.0,792.0,6.0,0.0,1.0,6,0
2013-04-28 01:00:00,0.0,0.0,0.0,0.0,4.0,0.0,4.0,1.0,0.25881904510252074,0.9659258262890683,6,0
2013-04-28 02:00:00,14.0,46.0,0.0,0.0,24.0,0.0,84.0,3.0,0.49999999999999994,0.8660254037844387,6,0
2013-04-28 03:00:00,0.0,0.0,0.0,0.0,0.0,0.0,0.0,0.0,0.7071067811865476,0.7071067811865476,6,1
2013-04-28 04:00:00,0.0,0.0,0.0,0.0,0.0,0.0,0.0,0.0,0.8660254037844386,0.5000000000000001,6,1
2013-04-28 05:00:00,0.0,4.0,0.0,0.0,0.0,0.0,4.0,1.0,0.9659258262890683,0.25881904510252074,6,0
2013-04-28 06:00:00,0.0,2.0,0.0,2.0,0.0,0.0,4.0,2.0,1.0,6.123233995736766e-17,6,0
2013-04-28 07:00:00,32.0,74.0,2.0,50.0,52.0,16.0,226.0,6.0,0.9659258262890683,-0.25881904510252063,6,0
2013-04-28 08:00:00,0.0,0.0,0.0,2.0,82.0,0.0,84.0,2.0,0.8660254037844387,-0.4999999999999998,6,0
2013-04-28 09:00:00,92.0,0.0,2.0,193.0,128.0,0.0,415.0,4.0,0.7071067811865476,-0.7071067811865475,6,0
2013-04-28 10:00:00,0.0,0.0,2.0,275.0,168.0,0.0,445.0,3.0,0.49999999999999994,-0.8660254037844387,6,0
2013-04-28 11:00:00,322.0,262.0,4.0,32.0,62.0,0.0,682.0,5.0,0.258819045102521,-0.9659258262890682,6,0
2013-04-28 12:00:00,8.0,8.0,0.0,0.0,38.0,10.0,64.0,4.0,1.2246467991473532e-16,-1.0,6,0
2013-04-28 13:00:00,0.0,0.0,0.0,0.0,0.0,0.0,0.0,0.0,-0.2588190451025208,-0.9659258262890683,6,1
2013-04-28 14:00:00,0.0,0.0,0.0,0.0,26.0,26.0,52.0,2.0,-0.4999999999999997,-0.8660254037844388,6,0
2013-04-28 15:00:00,42.0,166.0,6.0,94.0,232.0,10.0,550.0,6.0,-0.7071067811865471,-0.7071067811865479,6,0
2013-04-28 16:00:00,8.0,114.0,0.0,0.0,104.0,6.0,232.0,4.0,-0.8660254037844385,-0.5000000000000004,6,0
2013-04-28 17:00:00,0.0,12.0,0.0,0.0,92.0,8.0,112.0,3.0,-0.9659258262890683,-0.25881904510252063,6,0
2013-04-28 18:00:00,0.0,0.0,2.0,180.0,52.0,12.0,246.0,4.0,-1.0,-1.8369701987210297e-16,6,0
2013-04-28 19:00:00,0.0,286.0,32.0,242.0,174.0,16.0,750.0,5.0,-0.9659258262890684,0.2588190451025203,6,0
2013-04-28 20:00:00,0.0,0.0,0.0,0.0,244.0,0.0,244.0,1.0,-0.8660254037844386,0.5000000000000001,6,0
2013-04-28 21:00:00,20.0,46.0,0.0,0.0,126.0,62.0,254.0,4.0,-0.7071067811865477,0.7071067811865474,6,0
2013-04-28 22:00:00,0.0,504.0,6.0,98.0,116.0,10.0,734.0,5.0,-0.5000000000000004,0.8660254037844384,6,0
2013-04-28 23:00:00,170.0,106.0,0.0,0.0,38.0,2.0,316.0,4.0,-0.25881904510252157,0.9659258262890681,6,0
2013-04-29 00:00:00,30.0,52.0,0.0,0.0,0.0,0.0,82.0,2.0,0.0,1.0,0,0
2013-04-29 01:00:00,0.0,8.0,0.0,0.0,0.0,0.0,8.0,1.0,0.25881904510252074,0.9659258262890683,0,0
2013-04-29 02:00:00,0.0,0.0,0.0,0.0,0.0,0.0,0.0,0.0,0.49999999999999994,0.8660254037844387,0,1
2013-04-29 03:00:00,12.0,44.0,0.0,0.0,0.0,0.0,56.0,2.0,0.7071067811865476,0.7071067811865476,0,0
2013-04-29 04:00:00,16.0,38.0,0.0,0.0,0.0,0.0,54.0,2.0,0.8660254037844386,0.5000000000000001,0,0
2013-04-29 05:00:00,0.0,8.0,0.0,0.0,0.0,0.0,8.0,1.0,0.9659258262890683,0.25881904510252074,0,0
2013-04-29 06:00:00,0.0,10.0,0.0,0.0,0.0,0.0,10.0,1.0,1.0,6.123233995736766e-17,0,0
2013-04-29 07:00:00,0.0,6.0,0.0,0.0,0.0,0.0,6.0,1.0,0.9659258262890683,-0.25881904510252063,0,0
2013-04-29 08:00:00,38.0,64.0,6.0,68.0,48.0,14.0,238.0,6.0,0.8660254037844387,-0.4999999999999998,0,0
2013-04-29 09:00:00,14.0,4.0,2.0,172.0,88.0,0.0,280.0,5.0,0.7071067811865476,-0.7071067811865475,0,0
2013-04-29 10:00:00,0.0,0.0,2.0,78.0,176.0,0.0,256.0,3.0,0.49999999999999994,-0.8660254037844387,0,0
2013-04-29 11:00:00,10.0,360.0,12.0,44.0,152.0,4.0,582.0,6.0,0.258819045102521,-0.9659258262890682,0,0
2013-04-29 12:00:00,0.0,0.0,0.0,0.0,16.0,0.0,16.0,1.0,1.2246467991473532e-16,-1.0,0,0
2013-04-29 13:00:00,22.0,4.0,14.0,152.0,88.0,2.0,282.0,6.0,-0.2588190451025208,-0.9659258262890683,0,0
2013-04-29 14:00:00,190.0,222.0,6.0,72.0,88.0,20.0,598.0,6.0,-0.4999999999999997,-0.8660254037844388,0,0
2013-04-29 15:00:00,6.0,12.0,0.0,0.0,44.0,10.0,72.0,4.0,-0.7071067811865471,-0.7071067811865479,0,0
2013-04-29 16:00:00,34.0,4.0,0.0,0.0,46.0,12.0,96.0,4.0,-0.8660254037844385,-0.5000000000000004,0,0
2013-04-29 17:00:00,0.0,2.0,0.0,0.0,32.0,6.0,40.0,3.0,-0.9659258262890683,-0.25881904510252063,0,0
2013-04-29 18:00:00,0.0,0.0,0.0,0.0,0.0,0.0,0.0,0.0,-1.0,-1.8369701987210297e-16,0,1
2013-04-29 19:00:00,36.0,0.0,0.0,2.0,42.0,8.0,88.0,4.0,-0.9659258262890684,0.2588190451025203,0,0
2013-04-29 20:00:00,0.0,0.0,0.0,0.0,8.0,0.0,8.0,1.0,-0.8660254037844386,0.5000000000000001,0,0
2013-04-29 21:00:00,0.0,0.0,0.0,2.0,42.0,0.0,44.0,2.0,-0.7071067811865477,0.7071067811865474,0,0
2013-04-29 22:00:00,0.0,0.0,6.0,190.0,60.0,0.0,256.0,3.0,-0.5000000000000004,0.8660254037844384,0,0
2013-04-29 23:00:00,4.0,0.0,4.0,74.0,125.0,10.0,217.0,5.0,-0.25881904510252157,0.9659258262890681,0,0
2013-04-30 00:00:00,0.0,0.0,0.0,0.0,241.0,0.0,241.0,1.0,0.0,1.0,1,0
2013-04-30 01:00:00,36.0,260.0,0.0,0.0,40.0,4.0,340.0,4.0,0.25881904510252074,0.9659258262890683,1,0
2013-04-30 02:00:00,0.0,2.0,0.0,0.0,0.0,0.0,2.0,1.0,0.49999999999999994,0.8660254037844387,1,0
2013-04-30 03:00:00,0.0,0.0,0.0,2.0,0.0,0.0,2.0,1.0,0.7071067811865476,0.7071067811865476,1,0
2013-04-30 04:00:00,0.0,8.0,0.0,0.0,0.0,0.0,8.0,1.0,0.8660254037844386,0.5000000000000001,1,0
2013-04-30 05:00:00,34.0,84.0,0.0,0.0,0.0,0.0,118.0,2.0,0.9659258262890683,0.25881904510252074,1,0
2013-04-30 06:00:00,0.0,0.0,0.0,0.0,0.0,0.0,0.0,0.0,1.0,6.123233995736766e-17,1,1
2013-04-30 07:00:00,0.0,4.0,0.0,0.0,0.0,0.0,4.0,1.0,0.9659258262890683,-0.25881904510252063,1,0
2013-04-30 08:00:00,10.0,50.0,0.0,0.0,0.0,0.0,60.0,2.0,0.8660254037844387,-0.4999999999999998,1,0
2013-04-30 09:00:00,20.0,2.0,4.0,34.0,70.0,14.0,144.0,6.0,0.7071067811865476,-0.7071067811865475,1,0
2013-04-30 10:00:00,44.0,0.0,8.0,246.0,155.0,0.0,453.0,4.0,0.49999999999999994,-0.8660254037844387,1,0
2013-04-30 11:00:00,26.0,206.0,2.0,36.0,183.0,6.0,459.0,6.0,0.258819045102521,-0.9659258262890682,1,0
2013-04-30 12:00:00,286.0,108.0,0.0,0.0,40.0,22.0,456.0,4.0,1.2246467991473532e-16,-1.0,1,0
2013-04-30 13:00:00,18.0,112.0,10.0,356.0,116.0,40.0,652.0,6.0,-0.2588190451025208,-0.9659258262890683,1,0
2013-04-30 14:00:00,0.0,234.0,8.0,94.0,106.0,34.0,476.0,5.0,-0.4999999999999997,-0.8660254037844388,1,0
2013-04-30 15:00:00,0.0,0.0,0.0,0.0,106.0,20.0,126.0,2.0,-0.7071067811865471,-0.7071067811865479,1,0
2013-04-30 16:00:00,22.0,74.0,0.0,2.0,122.0,30.0,250.0,5.0,-0.8660254037844385,-0.5000000000000004,1,0
2013-04-30 17:00:00,0.0,716.0,0.0,2.0,38.0,24.0,780.0,4.0,-0.9659258262890683,-0.25881904510252063,1,0
2013-04-30 18:00:00,8.0,0.0,0.0,0.0,4.0,10.0,22.0,3.0,-1.0,-1.8369701987210297e-16,1,0
2013-04-30 19:00:00,20.0,38.0,0.0,0.0,46.0,0.0,104.0,3.0,-0.9659258262890684,0.2588190451025203,1,0
2013-04-30 20:00:00,0.0,0.0,0.0,2.0,46.0,0.0,48.0,2.0,-0.8660254037844386,0.5000000000000001,1,0
2013-04-30 21:00:00,36.0,4.0,10.0,8.0,236.0,2.0,296.0,6.0,-0.7071067811865477,0.7071067811865474,1,0
2013-04-30 22:00:00,0.0,202.0,0.0,0.0,40.0,6.0,248.0,3.0,-0.5000000000000004,0.8660254037844384,1,0
2013-04-30 23:00:00,0.0,0.0,0.0,0.0,22.0,0.0,22.0,1.0,-0.25881904510252157,0.9659258262890681,1,0
2013-05-01 00:00:00,46.0,232.0,8.0,56.0,40.0,6.0,388.0,6.0,0.0,1.0,2,0
2013-05-01 01:00:00,0.0,6.0,0.0,0.0,0.0,0.0,6.0,1.0,0.25881904510252074,0.9659258262890683,2,0
2013-05-01 02:00:00,0.0,20.0,0.0,0.0,0.0,0.0,20.0,1.0,0.49999999999999994,0.8660254037844387,2,0
2013-05-01 03:00:00,0.0,12.0,0.0,0.0,0.0,0.0,12.0,1.0,0.7071067811865476,0.7071067811865476,2,0
2013-05-01 04:00:00,0.0,8.0,0.0,0.0,0.0,0.0,8.0,1.0,0.8660254037844386,0.5000000000000001,2,0
2013-05-01 05:00:00,0.0,0.0,0.0,0.0,0.0,0.0,0.0,0.0,0.9659258262890683,0.25881904510252074,2,1
2013-05-01 06:00:00,32.0,50.0,4.0,46.0,114.0,14.0,260.0,6.0,1.0,6.123233995736766e-17,2,0
2013-05-01 07:00:00,28.0,2.0,10.0,306.0,98.0,0.0,444.0,5.0,0.9659258262890683,-0.25881904510252063,2,0
2013-05-01 08:00:00,112.0,4.0,4.0,0.0,214.0,0.0,334.0,4.0,0.8660254037844387,-0.4999999999999998,2,0
2013-05-01 09:00:00,122.0,104.0,18.0,154.0,150.0,4.0,552.0,6.0,0.7071067811865476,-0.7071067811865475,2,0
2013-05-01 10:00:00,278.0,186.0,14.0,40.0,104.0,2.0,624.0,6.0,0.49999999999999994,-0.8660254037844387,2,0
2013-05-01 11:00:00,0.0,0.0,10.0,6.0,60.0,8.0,84.0,4.0,0.258819045102521,-0.9659258262890682,2,0
2013-05-01 12:00:00,0.0,0.0,0.0,0.0,0.0,0.0,0.0,0.0,1.2246467991473532e-16,-1.0,2,1
2013-05-01 13:00:00,40.0,32.0,126.0,356.0,132.0,16.0,702.0,6.0,-0.2588190451025208,-0.9659258262890683,2,0
2013-05-01 14:00:00,24.0,64.0,10.0,40.0,174.0,8.0,320.0,6.0,-0.4999999999999997,-0.8660254037844388,2,0
2013-05-01 15:00:00,32.0,22.0,30.0,34.0,162.0,40.0,320.0,6.0,-0.7071067811865471,-0.7071067811865479,2,0
2013-05-01 16:00:00,4.0,4.0,10.0,104.0,52.0,2.0,176.0,6.0,-0.8660254037844385,-0.5000000000000004,2,0
2013-05-01 17:00:00,28.0,18.0,10.0,122.0,106.0,18.0,302.0,6.0,-0.9659258262890683,-0.25881904510252063,2,0
2013-05-01 18:00:00,0.0,0.0,0.0,0.0,2.0,0.0,2.0,1.0,-1.0,-1.8369701987210297e-16,2,0
2013-05-01 19:00:00,60.0,4.0,6.0,60.0,56.0,4.0,190.0,6.0,-0.9659258262890684,0.2588190451025203,2,0
2013-05-01 20:00:00,0.0,0.0,0.0,0.0,6.0,0.0,6.0,1.0,-0.8660254037844386,0.5000000000000001,2,0
2013-05-01 21:00:00,0.0,0.0,0.0,0.0,24.0,0.0,24.0,1.0,-0.7071067811865477,0.7071067811865474,2,0
2013-05-01 22:00:00,0.0,0.0,0.0,2.0,16.0,0.0,18.0,2.0,-0.5000000000000004,0.8660254037844384,2,0
2013-05-01 23:00:00,50.0,194.0,8.0,74.0,36.0,0.0,362.0,5.0,-0.25881904510252157,0.9659258262890681,2,0
2013-05-02 00:00:00,0.0,0.0,0.0,0.0,0.0,0.0,0.0,0.0,0.0,1.0,3,1
2013-05-02 01:00:00,0.0,10.0,0.0,0.0,0.0,0.0,10.0,1.0,0.25881904510252074,0.9659258262890683,3,0
2013-05-02 02:00:00,0.0,0.0,0.0,0.0,0.0,0.0,0.0,0.0,0.49999999999999994,0.8660254037844387,3,1
2013-05-02 03:00:00,0.0,0.0,0.0,0.0,0.0,0.0,0.0,0.0,0.7071067811865476,0.7071067811865476,3,1
2013-05-02 04:00:00,0.0,6.0,0.0,0.0,0.0,0.0,6.0,1.0,0.8660254037844386,0.5000000000000001,3,0
2013-05-02 05:00:00,0.0,8.0,0.0,0.0,0.0,0.0,8.0,1.0,0.9659258262890683,0.25881904510252074,3,0
2013-05-02 06:00:00,44.0,106.0,6.0,50.0,50.0,20.0,276.0,6.0,1.0,6.123233995736766e-17,3,0
2013-05-02 07:00:00,0.0,0.0,0.0,0.0,122.0,2.0,124.0,2.0,0.9659258262890683,-0.25881904510252063,3,0
2013-05-02 08:00:00,44.0,2.0,14.0,230.0,148.0,4.0,442.0,6.0,0.8660254037844387,-0.4999999999999998,3,0
2013-05-02 09:00:00,248.0,240.0,4.0,14.0,200.0,2.0,708.0,6.0,0.7071067811865476,-0.7071067811865475,3,0
2013-05-02 10:00:00,0.0,0.0,0.0,0.0,48.0,8.0,56.0,2.0,0.49999999999999994,-0.8660254037844387,3,0
2013-05-02 11:00:00,40.0,0.0,10.0,4.0,26.0,8.0,88.0,5.0,0.258819045102521,-0.9659258262890682,3,0
2013-05-02 12:00:00,0.0,0.0,12.0,96.0,90.0,12.0,210.0,4.0,1.2246467991473532e-16,-1.0,3,0
2013-05-02 13:00:00,0.0,0.0,0.0,0.0,72.0,0.0,72.0,1.0,-0.2588190451025208,-0.9659258262890683,3,0
2013-05-02 14:00:00,24.0,16.0,0.0,0.0,40.0,6.0,86.0,4.0,-0.4999999999999997,-0.8660254037844388,3,0
2013-05-02 15:00:00,0.0,0.0,0.0,0.0,0.0,0.0,0.0,0.0,-0.7071067811865471,-0.7071067811865479,3,1
2013-05-02 16:00:00,32.0,0.0,4.0,46.0,50.0,8.0,140.0,5.0,-0.8660254037844385,-0.5000000000000004,3,0
2013-05-02 17:00:00,96.0,42.0,0.0,2.0,50.0,10.0,200.0,5.0,-0.9659258262890683,-0.25881904510252063,3,0
2013-05-02 18:00:00,0.0,0.0,0.0,0.0,0.0,0.0,0.0,0.0,-1.0,-1.8369701987210297e-16,3,1
2013-05-02 19:00:00,12.0,2.0,4.0,0.0,104.0,6.0,128.0,5.0,-0.9659258262890684,0.2588190451025203,3,0
2013-05-02 20:00:00,0.0,0.0,0.0,0.0,20.0,0.0,20.0,1.0,-0.8660254037844386,0.5000000000000001,3,0
2013-05-02 21:00:00,0.0,0.0,0.0,0.0,16.0,0.0,16.0,1.0,-0.7071067811865477,0.7071067811865474,3,0
2013-05-02 22:00:00,0.0,0.0,0.0,2.0,4.0,0.0,6.0,2.0,-0.5000000000000004,0.8660254037844384,3,0
2013-05-02 23:00:00,38.0,6.0,6.0,44.0,130.0,8.0,232.0,6.0,-0.25881904510252157,0.9659258262890681,3,0
2013-05-03 00:00:00,0.0,0.0,0.0,2.0,110.0,0.0,112.0,2.0,0.0,1.0,4,0
2013-05-03 01:00:00,16.0,138.0,0.0,0.0,126.0,4.0,284.0,4.0,0.25881904510252074,0.9659258262890683,4,0
2013-05-03 02:00:00,0.0,0.0,0.0,0.0,0.0,0.0,0.0,0.0,0.49999999999999994,0.8660254037844387,4,1
2013-05-03 03:00:00,0.0,0.0,0.0,2.0,0.0,0.0,2.0,1.0,0.7071067811865476,0.7071067811865476,4,0
2013-05-03 04:00:00,0.0,6.0,0.0,0.0,0.0,0.0,6.0,1.0,0.8660254037844386,0.5000000000000001,4,0
2013-05-03 05:00:00,0.0,2.0,0.0,0.0,0.0,0.0,2.0,1.0,0.9659258262890683,0.25881904510252074,4,0
2013-05-03 06:00:00,0.0,0.0,0.0,0.0,0.0,0.0,0.0,0.0,1.0,6.123233995736766e-17,4,1
2013-05-03 07:00:00,0.0,2.0,0.0,0.0,0.0,0.0,2.0,1.0,0.9659258262890683,-0.25881904510252063,4,0
2013-05-03 08:00:00,26.0,72.0,4.0,34.0,62.0,10.0,208.0,6.0,0.8660254037844387,-0.4999999999999998,4,0
2013-05-03 09:00:00,0.0,0.0,0.0,4.0,86.0,0.0,90.0,2.0,0.7071067811865476,-0.7071067811865475,4,0
2013-05-03 10:00:00,54.0,0.0,22.0,554.0,98.0,4.0,732.0,5.0,0.49999999999999994,-0.8660254037844387,4,0
2013-05-03 11:00:00,0.0,0.0,0.0,0.0,128.0,0.0,128.0,1.0,0.258819045102521,-0.9659258262890682,4,0
2013-05-03 12:00:00,238.0,264.0,2.0,20.0,96.0,6.0,626.0,6.0,1.2246467991473532e-16,-1.0,4,0
2013-05-03 13:00:00,0.0,0.0,0.0,0.0,2.0,0.0,2.0,1.0,-0.2588190451025208,-0.9659258262890683,4,0
2013-05-03 14:00:00,22.0,4.0,6.0,340.0,64.0,4.0,440.0,6.0,-0.4999999999999997,-0.8660254037844388,4,0
2013-05-03 15:00:00,4.0,0.0,2.0,42.0,50.0,28.0,126.0,5.0,-0.7071067811865471,-0.7071067811865479,4,0
2013-05-03 16:00:00,0.0,0.0,2.0,22.0,74.0,18.0,116.0,4.0,-0.8660254037844385,-0.5000000000000004,4,0
2013-05-03 17:00:00,28.0,68.0,0.0,0.0,80.0,26.0,202.0,4.0,-0.9659258262890683,-0.25881904510252063,4,0
2013-05-03 18:00:00,6.0,0.0,0.0,0.0,4.0,10.0,20.0,3.0,-1.0,-1.8369701987210297e-16,4,0
2013-05-03 19:00:00,24.0,2.0,4.0,26.0,110.0,2.0,168.0,6.0,-0.9659258262890684,0.2588190451025203,4,0
2013-05-03 20:00:00,0.0,0.0,0.0,0.0,8.0,0.0,8.0,1.0,-0.8660254037844386,0.5000000000000001,4,0
2013-05-03 21:00:00,0.0,0.0,0.0,0.0,24.0,0.0,24.0,1.0,-0.7071067811865477,0.7071067811865474,4,0
2013-05-03 22:00:00,0.0,0.0,0.0,0.0,92.0,0.0,92.0,1.0,-0.5000000000000004,0.8660254037844384,4,0
2013-05-03 23:00:00,0.0,0.0,0.0,0.0,2.0,0.0,2.0,1.0,-0.25881904510252157,0.9659258262890681,4,0
2013-05-04 00:00:00,70.0,222.0,4.0,52.0,50.0,8.0,406.0,6.0,0.0,1.0,5,0
2013-05-04 01:00:00,0.0,8.0,0.0,0.0,0.0,0.0,8.0,1.0,0.25881904510252074,0.9659258262890683,5,0
2013-05-04 02:00:00,0.0,8.0,0.0,0.0,0.0,0.0,8.0,1.0,0.49999999999999994,0.8660254037844387,5,0
2013-05-04 03:00:00,0.0,2.0,0.0,2.0,0.0,0.0,4.0,2.0,0.7071067811865476,0.7071067811865476,5,0
2013-05-04 04:00:00,0.0,14.0,0.0,2.0,0.0,0.0,16.0,2.0,0.8660254037844386,0.5000000000000001,5,0
2013-05-04 05:00:00,0.0,4.0,0.0,0.0,0.0,0.0,4.0,1.0,0.9659258262890683,0.25881904510252074,5,0
2013-05-04 06:00:00,0.0,4.0,0.0,0.0,0.0,0.0,4.0,1.0,1.0,6.123233995736766e-17,5,0
2013-05-04 07:00:00,30.0,40.0,2.0,44.0,84.0,16.0,216.0,6.0,0.9659258262890683,-0.25881904510252063,5,0
2013-05-04 08:00:00,0.0,0.0,2.0,364.0,94.0,0.0,460.0,3.0,0.8660254037844387,-0.4999999999999998,5,0
2013-05-04 09:00:00,56.0,326.0,8.0,64.0,110.0,6.0,570.0,6.0,0.7071067811865476,-0.7071067811865475,5,0
2013-05-04 10:00:00,254.0,116.0,0.0,0.0,104.0,0.0,474.0,3.0,0.49999999999999994,-0.8660254037844387,5,0
2013-05-04 11:00:00,0.0,62.0,0.0,0.0,184.0,4.0,250.0,3.0,0.258819045102521,-0.9659258262890682,5,0
2013-05-04 12:00:00,32.0,4.0,6.0,76.0,154.0,44.0,316.0,6.0,1.2246467991473532e-16,-1.0,5,0
2013-05-04 13:00:00,0.0,0.0,12.0,400.0,58.0,6.0,476.0,4.0,-0.2588190451025208,-0.9659258262890683,5,0
2013-05-04 14:00:00,0.0,0.0,6.0,112.0,60.0,12.0,190.0,4.0,-0.4999999999999997,-0.8660254037844388,5,0
2013-05-04 15:00:00,34.0,2.0,6.0,258.0,56.0,10.0,366.0,6.0,-0.7071067811865471,-0.7071067811865479,5,0
2013-05-04 16:00:00,0.0,244.0,0.0,0.0,30.0,30.0,304.0,3.0,-0.8660254037844385,-0.5000000000000004,5,0
2013-05-04 17:00:00,100.0,20.0,0.0,0.0,68.0,12.0,200.0,4.0,-0.9659258262890683,-0.25881904510252063,5,0
2013-05-04 18:00:00,0.0,0.0,0.0,0.0,0.0,0.0,0.0,0.0,-1.0,-1.8369701987210297e-16,5,1
2013-05-04 19:00:00,0.0,0.0,0.0,90.0,30.0,6.0,126.0,3.0,-0.9659258262890684,0.2588190451025203,5,0
2013-05-04 20:00:00,0.0,0.0,0.0,0.0,12.0,0.0,12.0,1.0,-0.8660254037844386,0.5000000000000001,5,0
2013-05-04 21:00:00,0.0,0.0,0.0,0.0,0.0,0.0,0.0,0.0,-0.7071067811865477,0.7071067811865474,5,1
2013-05-04 22:00:00,0.0,2.0,0.0,0.0,0.0,0.0,2.0,1.0,-0.5000000000000004,0.8660254037844384,5,0
2013-05-04 23:00:00,110.0,214.0,4.0,88.0,72.0,6.0,494.0,6.0,-0.25881904510252157,0.9659258262890681,5,0
2013-05-05 00:00:00,0.0,24.0,0.0,0.0,0.0,0.0,24.0,1.0,0.0,1.0,6,0
2013-05-05 01:00:00,0.0,2.0,0.0,2.0,2.0,0.0,6.0,3.0,0.25881904510252074,0.9659258262890683,6,0
2013-05-05 02:00:00,0.0,20.0,0.0,0.0,0.0,0.0,20.0,1.0,0.49999999999999994,0.8660254037844387,6,0
2013-05-05 03:00:00,0.0,6.0,0.0,0.0,0.0,0.0,6.0,1.0,0.7071067811865476,0.7071067811865476,6,0
2013-05-05 04:00:00,0.0,0.0,0.0,0.0,0.0,0.0,0.0,0.0,0.8660254037844386,0.5000000000000001,6,1
2013-05-05 05:00:00,0.0,12.0,0.0,0.0,0.0,0.0,12.0,1.0,0.9659258262890683,0.25881904510252074,6,0
2013-05-05 06:00:00,0.0,12.0,0.0,0.0,0.0,0.0,12.0,1.0,1.0,6.123233995736766e-17,6,0
2013-05-05 07:00:00,0.0,6.0,0.0,0.0,0.0,0.0,6.0,1.0,0.9659258262890683,-0.25881904510252063,6,0
2013-05-05 08:00:00,36.0,44.0,4.0,62.0,71.0,16.0,233.0,6.0,0.8660254037844387,-0.4999999999999998,6,0
2013-05-05 09:00:00,98.0,2.0,8.0,286.0,91.0,2.0,487.0,6.0,0.7071067811865476,-0.7071067811865475,6,0
2013-05-05 10:00:00,0.0,0.0,6.0,114.0,118.0,0.0,238.0,3.0,0.49999999999999994,-0.8660254037844387,6,0
2013-05-05 11:00:00,0.0,0.0,0.0,0.0,88.0,0.0,88.0,1.0,0.258819045102521,-0.9659258262890682,6,0
2013-05-05 12:00:00,1.0,2.0,6.0,26.0,142.0,2.0,179.0,6.0,1.2246467991473532e-16,-1.0,6,0
2013-05-05 13:00:00,241.0,218.0,4.0,20.0,46.0,14.0,543.0,6.0,-0.2588190451025208,-0.9659258262890683,6,0
2013-05-05 14:00:00,28.0,16.0,8.0,236.0,144.0,18.0,450.0,6.0,-0.4999999999999997,-0.8660254037844388,6,0
2013-05-05 15:00:00,0.0,0.0,0.0,0.0,0.0,0.0,0.0,0.0,-0.7071067811865471,-0.7071067811865479,6,1
2013-05-05 16:00:00,44.0,2.0,0.0,0.0,11.0,10.0,67.0,4.0,-0.8660254037844385,-0.5000000000000004,6,0
2013-05-05 17:00:00,0.0,0.0,6.0,188.0,85.0,14.0,293.0,4.0,-0.9659258262890683,-0.25881904510252063,6,0
2013-05-05 18:00:00,0.0,0.0,0.0,0.0,14.0,0.0,14.0,1.0,-1.0,-1.8369701987210297e-16,6,0
2013-05-05 19:00:00,24.0,2.0,0.0,0.0,50.0,0.0,76.0,3.0,-0.9659258262890684,0.2588190451025203,6,0
2013-05-05 20:00:00,0.0,2.0,16.0,308.0,96.0,0.0,422.0,4.0,-0.8660254037844386,0.5000000000000001,6,0
2013-05-05 21:00:00,0.0,0.0,0.0,0.0,6.0,0.0,6.0,1.0,-0.7071067811865477,0.7071067811865474,6,0
2013-05-05 22:00:00,0.0,0.0,0.0,0.0,2.0,0.0,2.0,1.0,-0.5000000000000004,0.8660254037844384,6,0
2013-05-05 23:00:00,34.0,242.0,4.0,26.0,80.0,6.0,392.0,6.0,-0.25881904510252157,0.9659258262890681,6,0
2013-05-06 00:00:00,0.0,0.0,0.0,0.0,0.0,0.0,0.0,0.0,0.0,1.0,0,1
2013-05-06 01:00:00,0.0,34.0,0.0,0.0,0.0,0.0,34.0,1.0,0.25881904510252074,0.9659258262890683,0,0
2013-05-06 02:00:00,0.0,2.0,0.0,0.0,0.0,0.0,2.0,1.0,0.49999999999999994,0.8660254037844387,0,0
2013-05-06 03:00:00,0.0,34.0,0.0,0.0,0.0,0.0,34.0,1.0,0.7071067811865476,0.7071067811865476,0,0
2013-05-06 04:00:00,0.0,6.0,0.0,0.0,0.0,0.0,6.0,1.0,0.8660254037844386,0.5000000000000001,0,0
2013-05-06 05:00:00,0.0,6.0,0.0,0.0,0.0,0.0,6.0,1.0,0.9659258262890683,0.25881904510252074,0,0
2013-05-06 06:00:00,0.0,4.0,0.0,0.0,0.0,0.0,4.0,1.0,1.0,6.123233995736766e-17,0,0
2013-05-06 07:00:00,0.0,4.0,0.0,2.0,0.0,0.0,6.0,2.0,0.9659258262890683,-0.25881904510252063,0,0
2013-05-06 08:00:00,36.0,28.0,4.0,42.0,42.0,16.0,168.0,6.0,0.8660254037844387,-0.4999999999999998,0,0
2013-05-06 09:00:00,40.0,4.0,2.0,274.0,80.0,4.0,404.0,6.0,0.7071067811865476,-0.7071067811865475,0,0
2013-05-06 10:00:00,0.0,0.0,0.0,0.0,50.0,0.0,50.0,1.0,0.49999999999999994,-0.8660254037844387,0,0
2013-05-06 11:00:00,32.0,196.0,4.0,42.0,86.0,0.0,360.0,5.0,0.258819045102521,-0.9659258262890682,0,0
2013-05-06 12:00:00,0.0,0.0,20.0,62.0,195.0,0.0,277.0,3.0,1.2246467991473532e-16,-1.0,0,0
2013-05-06 13:00:00,222.0,116.0,16.0,2.0,129.0,0.0,485.0,5.0,-0.2588190451025208,-0.9659258262890683,0,0
2013-05-06 14:00:00,30.0,32.0,8.0,22.0,52.0,2.0,146.0,6.0,-0.4999999999999997,-0.8660254037844388,0,0
2013-05-06 15:00:00,0.0,0.0,0.0,16.0,66.0,8.0,90.0,3.0,-0.7071067811865471,-0.7071067811865479,0,0
2013-05-06 16:00:00,0.0,0.0,0.0,2.0,28.0,6.0,36.0,3.0,-0.8660254037844385,-0.5000000000000004,0,0
2013-05-06 17:00:00,58.0,8.0,0.0,0.0,54.0,8.0,128.0,4.0,-0.9659258262890683,-0.25881904510252063,0,0
2013-05-06 18:00:00,0.0,0.0,0.0,0.0,0.0,0.0,0.0,0.0,-1.0,-1.8369701987210297e-16,0,1
2013-05-06 19:00:00,10.0,2.0,0.0,0.0,18.0,6.0,36.0,4.0,-0.9659258262890684,0.2588190451025203,0,0
2013-05-06 20:00:00,0.0,0.0,0.0,0.0,0.0,0.0,0.0,0.0,-0.8660254037844386,0.5000000000000001,0,1
2013-05-06 21:00:00,0.0,0.0,0.0,0.0,8.0,0.0,8.0,1.0,-0.7071067811865477,0.7071067811865474,0,0
2013-05-06 22:00:00,0.0,0.0,0.0,0.0,4.0,0.0,4.0,1.0,-0.5000000000000004,0.8660254037844384,0,0
2013-05-06 23:00:00,0.0,0.0,0.0,0.0,12.0,0.0,12.0,1.0,-0.25881904510252157,0.9659258262890681,0,0
2013-05-07 00:00:00,32.0,126.0,6.0,66.0,108.0,10.0,348.0,6.0,0.0,1.0,1,0
2013-05-07 01:00:00,0.0,2.0,0.0,0.0,0.0,0.0,2.0,1.0,0.25881904510252074,0.9659258262890683,1,0
2013-05-07 02:00:00,0.0,18.0,0.0,2.0,0.0,0.0,20.0,2.0,0.49999999999999994,0.8660254037844387,1,0
2013-05-07 03:00:00,0.0,0.0,0.0,0.0,0.0,0.0,0.0,0.0,0.7071067811865476,0.7071067811865476,1,1
2013-05-07 04:00:00,0.0,4.0,0.0,0.0,0.0,0.0,4.0,1.0,0.8660254037844386,0.5000000000000001,1,0
2013-05-07 05:00:00,0.0,0.0,0.0,0.0,0.0,0.0,0.0,0.0,0.9659258262890683,0.25881904510252074,1,1
2013-05-07 06:00:00,0.0,0.0,0.0,2.0,0.0,0.0,2.0,1.0,1.0,6.123233995736766e-17,1,0
2013-05-07 07:00:00,0.0,4.0,0.0,0.0,0.0,0.0,4.0,1.0,0.9659258262890683,-0.25881904510252063,1,0
2013-05-07 08:00:00,24.0,42.0,2.0,44.0,76.0,12.0,200.0,6.0,0.8660254037844387,-0.4999999999999998,1,0
2013-05-07 09:00:00,182.0,126.0,0.0,0.0,66.0,8.0,382.0,4.0,0.7071067811865476,-0.7071067811865475,1,0
2013-05-07 10:00:00,0.0,0.0,0.0,0.0,0.0,0.0,0.0,0.0,0.49999999999999994,-0.8660254037844387,1,1
2013-05-07 11:00:00,0.0,0.0,0.0,2.0,0.0,0.0,2.0,1.0,0.258819045102521,-0.9659258262890682,1,0
2013-05-07 12:00:00,44.0,0.0,4.0,0.0,44.0,10.0,102.0,4.0,1.2246467991473532e-16,-1.0,1,0
2013-05-07 13:00:00,0.0,0.0,12.0,90.0,32.0,0.0,134.0,3.0,-0.2588190451025208,-0.9659258262890683,1,0
2013-05-07 14:00:00,0.0,0.0,0.0,0.0,0.0,0.0,0.0,0.0,-0.4999999999999997,-0.8660254037844388,1,1
2013-05-07 15:00:00,116.0,20.0,0.0,0.0,46.0,16.0,198.0,4.0,-0.7071067811865471,-0.7071067811865479,1,0
2013-05-07 16:00:00,0.0,0.0,0.0,0.0,2.0,0.0,2.0,1.0,-0.8660254037844385,-0.5000000000000004,1,0
2013-05-07 17:00:00,0.0,0.0,0.0,0.0,20.0,8.0,28.0,2.0,-0.9659258262890683,-0.25881904510252063,1,0
2013-05-07 18:00:00,0.0,0.0,0.0,0.0,0.0,0.0,0.0,0.0,-1.0,-1.8369701987210297e-16,1,1
2013-05-07 19:00:00,10.0,0.0,0.0,0.0,36.0,6.0,52.0,3.0,-0.9659258262890684,0.2588190451025203,1,0
2013-05-07 20:00:00,0.0,0.0,0.0,0.0,0.0,0.0,0.0,0.0,-0.8660254037844386,0.5000000000000001,1,1
2013-05-07 21:00:00,58.0,70.0,2.0,72.0,58.0,2.0,262.0,6.0,-0.7071067811865477,0.7071067811865474,1,0
2013-05-07 22:00:00,0.0,0.0,0.0,0.0,84.0,0.0,84.0,1.0,-0.5000000000000004,0.8660254037844384,1,0
2013-05-07 23:00:00,20.0,88.0,4.0,24.0,106.0,8.0,250.0,6.0,-0.25881904510252157,0.9659258262890681,1,0
2013-05-08 00:00:00,0.0,4.0,0.0,0.0,0.0,0.0,4.0,1.0,0.0,1.0,2,0
2013-05-08 01:00:00,0.0,4.0,0.0,0.0,0.0,0.0,4.0,1.0,0.25881904510252074,0.9659258262890683,2,0
2013-05-08 02:00:00,0.0,18.0,0.0,0.0,0.0,0.0,18.0,1.0,0.49999999999999994,0.8660254037844387,2,0
2013-05-08 03:00:00,0.0,8.0,0.0,0.0,0.0,0.0,8.0,1.0,0.7071067811865476,0.7071067811865476,2,0
2013-05-08 04:00:00,0.0,14.0,0.0,2.0,0.0,0.0,16.0,2.0,0.8660254037844386,0.5000000000000001,2,0
2013-05-08 05:00:00,30.0,58.0,0.0,0.0,0.0,0.0,88.0,2.0,0.9659258262890683,0.25881904510252074,2,0
2013-05-08 06:00:00,0.0,4.0,0.0,0.0,0.0,0.0,4.0,1.0,1.0,6.123233995736766e-17,2,0
2013-05-08 07:00:00,0.0,18.0,0.0,0.0,0.0,0.0,18.0,1.0,0.9659258262890683,-0.25881904510252063,2,0
2013-05-08 08:00:00,48.0,50.0,2.0,52.0,56.0,16.0,224.0,6.0,0.8660254037844387,-0.4999999999999998,2,0
2013-05-08 09:00:00,34.0,36.0,6.0,242.0,64.0,2.0,384.0,6.0,0.7071067811865476,-0.7071067811865475,2,0
2013-05-08 10:00:00,0.0,0.0,4.0,34.0,48.0,0.0,86.0,3.0,0.49999999999999994,-0.8660254037844387,2,0
2013-05-08 11:00:00,246.0,144.0,8.0,82.0,56.0,8.0,544.0,6.0,0.258819045102521,-0.9659258262890682,2,0
2013-05-08 12:00:00,0.0,0.0,0.0,0.0,0.0,0.0,0.0,0.0,1.2246467991473532e-16,-1.0,2,1
2013-05-08 13:00:00,0.0,0.0,2.0,186.0,56.0,4.0,248.0,4.0,-0.2588190451025208,-0.9659258262890683,2,0
2013-05-08 14:00:00,0.0,0.0,6.0,30.0,76.0,30.0,142.0,4.0,-0.4999999999999997,-0.8660254037844388,2,0
2013-05-08 15:00:00,0.0,0.0,0.0,0.0,76.0,0.0,76.0,1.0,-0.7071067811865471,-0.7071067811865479,2,0
2013-05-08 16:00:00,0.0,0.0,0.0,0.0,6.0,0.0,6.0,1.0,-0.8660254037844385,-0.5000000000000004,2,0
2013-05-08 17:00:00,110.0,40.0,0.0,2.0,248.0,28.0,428.0,5.0,-0.9659258262890683,-0.25881904510252063,2,0
2013-05-08 18:00:00,0.0,0.0,0.0,0.0,0.0,0.0,0.0,0.0,-1.0,-1.8369701987210297e-16,2,1
2013-05-08 19:00:00,8.0,0.0,0.0,2.0,42.0,8.0,60.0,4.0,-0.9659258262890684,0.2588190451025203,2,0
2013-05-08 20:00:00,0.0,2.0,0.0,0.0,6.0,2.0,10.0,3.0,-0.8660254037844386,0.5000000000000001,2,0
2013-05-08 21:00:00,0.0,0.0,4.0,40.0,48.0,0.0,92.0,3.0,-0.7071067811865477,0.7071067811865474,2,0
2013-05-08 22:00:00,0.0,0.0,4.0,38.0,124.0,0.0,166.0,3.0,-0.5000000000000004,0.8660254037844384,2,0
2013-05-08 23:00:00,0.0,0.0,0.0,0.0,146.0,0.0,146.0,1.0,-0.25881904510252157,0.9659258262890681,2,0
2013-05-09 00:00:00,74.0,202.0,0.0,0.0,44.0,2.0,322.0,4.0,0.0,1.0,3,0
2013-05-09 01:00:00,0.0,0.0,0.0,0.0,0.0,0.0,0.0,0.0,0.25881904510252074,0.9659258262890683,3,1
2013-05-09 02:00:00,0.0,44.0,0.0,0.0,0.0,0.0,44.0,1.0,0.49999999999999994,0.8660254037844387,3,0
2013-05-09 03:00:00,0.0,6.0,0.0,0.0,0.0,0.0,6.0,1.0,0.7071067811865476,0.7071067811865476,3,0
2013-05-09 04:00:00,0.0,4.0,0.0,0.0,0.0,0.0,4.0,1.0,0.8660254037844386,0.5000000000000001,3,0
2013-05-09 05:00:00,0.0,8.0,0.0,0.0,2.0,0.0,10.0,2.0,0.9659258262890683,0.25881904510252074,3,0
2013-05-09 06:00:00,0.0,0.0,0.0,0.0,0.0,0.0,0.0,0.0,1.0,6.123233995736766e-17,3,1
2013-05-09 07:00:00,44.0,38.0,0.0,48.0,100.0,14.0,244.0,5.0,0.9659258262890683,-0.25881904510252063,3,0
2013-05-09 08:00:00,0.0,0.0,0.0,272.0,100.0,0.0,372.0,2.0,0.8660254037844387,-0.4999999999999998,3,0
2013-05-09 09:00:00,290.0,228.0,10.0,86.0,86.0,2.0,702.0,6.0,0.7071067811865476,-0.7071067811865475,3,0
2013-05-09 10:00:00,24.0,56.0,0.0,0.0,342.0,10.0,432.0,4.0,0.49999999999999994,-0.8660254037844387,3,0
2013-05-09 11:00:00,0.0,28.0,0.0,0.0,184.0,24.0,236.0,3.0,0.258819045102521,-0.9659258262890682,3,0
2013-05-09 12:00:00,0.0,14.0,8.0,36.0,156.0,30.0,244.0,5.0,1.2246467991473532e-16,-1.0,3,0
2013-05-09 13:00:00,6.0,4.0,6.0,0.0,172.0,22.0,210.0,5.0,-0.2588190451025208,-0.9659258262890683,3,0
2013-05-09 14:00:00,30.0,394.0,6.0,2.0,103.0,34.0,569.0,6.0,-0.4999999999999997,-0.8660254037844388,3,0
2013-05-09 15:00:00,0.0,0.0,0.0,0.0,39.0,10.0,49.0,2.0,-0.7071067811865471,-0.7071067811865479,3,0
2013-05-09 16:00:00,0.0,0.0,4.0,14.0,57.0,6.0,81.0,4.0,-0.8660254037844385,-0.5000000000000004,3,0
2013-05-09 17:00:00,44.0,18.0,0.0,0.0,59.0,14.0,135.0,4.0,-0.9659258262890683,-0.25881904510252063,3,0
2013-05-09 18:00:00,0.0,0.0,0.0,0.0,0.0,0.0,0.0,0.0,-1.0,-1.8369701987210297e-16,3,1
2013-05-09 19:00:00,0.0,0.0,0.0,0.0,0.0,0.0,0.0,0.0,-0.9659258262890684,0.2588190451025203,3,1
2013-05-09 20:00:00,0.0,0.0,0.0,0.0,30.0,8.0,38.0,2.0,-0.8660254037844386,0.5000000000000001,3,0
2013-05-09 21:00:00,0.0,2.0,0.0,0.0,12.0,0.0,14.0,2.0,-0.7071067811865477,0.7071067811865474,3,0
2013-05-09 22:00:00,0.0,0.0,0.0,2.0,16.0,0.0,18.0,2.0,-0.5000000000000004,0.8660254037844384,3,0
2013-05-09 23:00:00,26.0,170.0,8.0,108.0,96.0,8.0,416.0,6.0,-0.25881904510252157,0.9659258262890681,3,0
2013-05-10 00:00:00,44.0,120.0,0.0,2.0,0.0,0.0,166.0,3.0,0.0,1.0,4,0
2013-05-10 01:00:00,0.0,0.0,0.0,0.0,0.0,0.0,0.0,0.0,0.25881904510252074,0.9659258262890683,4,1
2013-05-10 02:00:00,32.0,90.0,0.0,0.0,0.0,0.0,122.0,2.0,0.49999999999999994,0.8660254037844387,4,0
2013-05-10 03:00:00,0.0,18.0,0.0,2.0,0.0,0.0,20.0,2.0,0.7071067811865476,0.7071067811865476,4,0
2013-05-10 04:00:00,0.0,42.0,0.0,2.0,0.0,0.0,44.0,2.0,0.8660254037844386,0.5000000000000001,4,0
2013-05-10 05:00:00,0.0,14.0,0.0,0.0,0.0,0.0,14.0,1.0,0.9659258262890683,0.25881904510252074,4,0
2013-05-10 06:00:00,0.0,6.0,0.0,2.0,0.0,0.0,8.0,2.0,1.0,6.123233995736766e-17,4,0
2013-05-10 07:00:00,56.0,56.0,4.0,34.0,56.0,16.0,222.0,6.0,0.9659258262890683,-0.25881904510252063,4,0
2013-05-10 08:00:00,282.0,128.0,0.0,0.0,60.0,12.0,482.0,4.0,0.8660254037844387,-0.4999999999999998,4,0
2013-05-10 09:00:00,0.0,0.0,0.0,0.0,0.0,0.0,0.0,0.0,0.7071067811865476,-0.7071067811865475,4,1
2013-05-10 10:00:00,0.0,0.0,30.0,256.0,28.0,6.0,320.0,4.0,0.49999999999999994,-0.8660254037844387,4,0
2013-05-10 11:00:00,0.0,0.0,0.0,0.0,14.0,0.0,14.0,1.0,0.258819045102521,-0.9659258262890682,4,0
2013-05-10 12:00:00,0.0,0.0,0.0,0.0,0.0,0.0,0.0,0.0,1.2246467991473532e-16,-1.0,4,1
2013-05-10 13:00:00,58.0,4.0,10.0,280.0,92.0,2.0,446.0,6.0,-0.2588190451025208,-0.9659258262890683,4,0
2013-05-10 14:00:00,0.0,0.0,4.0,20.0,112.0,14.0,150.0,4.0,-0.4999999999999997,-0.8660254037844388,4,0
2013-05-10 15:00:00,62.0,90.0,6.0,0.0,228.0,6.0,392.0,5.0,-0.7071067811865471,-0.7071067811865479,4,0
2013-05-10 16:00:00,0.0,0.0,0.0,0.0,2.0,0.0,2.0,1.0,-0.8660254037844385,-0.5000000000000004,4,0
2013-05-10 17:00:00,0.0,0.0,6.0,40.0,52.0,6.0,104.0,4.0,-0.9659258262890683,-0.25881904510252063,4,0
2013-05-10 18:00:00,0.0,0.0,0.0,0.0,0.0,0.0,0.0,0.0,-1.0,-1.8369701987210297e-16,4,1
2013-05-10 19:00:00,24.0,2.0,0.0,0.0,16.0,6.0,48.0,4.0,-0.9659258262890684,0.2588190451025203,4,0
2013-05-10 20:00:00,0.0,0.0,0.0,0.0,0.0,0.0,0.0,0.0,-0.8660254037844386,0.5000000000000001,4,1
2013-05-10 21:00:00,0.0,0.0,0.0,2.0,4.0,2.0,8.0,3.0,-0.7071067811865477,0.7071067811865474,4,0
2013-05-10 22:00:00,0.0,0.0,0.0,0.0,24.0,0.0,24.0,1.0,-0.5000000000000004,0.8660254037844384,4,0
2013-05-10 23:00:00,26.0,62.0,12.0,48.0,64.0,0.0,212.0,5.0,-0.25881904510252157,0.9659258262890681,4,0
2013-05-11 00:00:00,0.0,116.0,0.0,0.0,0.0,0.0,116.0,1.0,0.0,1.0,5,0
2013-05-11 01:00:00,0.0,56.0,0.0,0.0,0.0,0.0,56.0,1.0,0.25881904510252074,0.9659258262890683,5,0
2013-05-11 02:00:00,0.0,10.0,0.0,0.0,0.0,0.0,10.0,1.0,0.49999999999999994,0.8660254037844387,5,0
2013-05-11 03:00:00,0.0,20.0,0.0,0.0,0.0,0.0,20.0,1.0,0.7071067811865476,0.7071067811865476,5,0
2013-05-11 04:00:00,0.0,6.0,0.0,0.0,0.0,0.0,6.0,1.0,0.8660254037844386,0.5000000000000001,5,0
2013-05-11 05:00:00,0.0,10.0,0.0,0.0,0.0,0.0,10.0,1.0,0.9659258262890683,0.25881904510252074,5,0
2013-05-11 06:00:00,0.0,4.0,0.0,0.0,0.0,0.0,4.0,1.0,1.0,6.123233995736766e-17,5,0
2013-05-11 07:00:00,58.0,40.0,6.0,44.0,66.0,14.0,228.0,6.0,0.9659258262890683,-0.25881904510252063,5,0
2013-05-11 08:00:00,0.0,0.0,6.0,340.0,74.0,0.0,420.0,3.0,0.8660254037844387,-0.4999999999999998,5,0
2013-05-11 09:00:00,28.0,2.0,4.0,32.0,97.0,2.0,165.0,6.0,0.7071067811865476,-0.7071067811865475,5,0
2013-05-11 10:00:00,43.0,352.0,4.0,12.0,133.0,2.0,546.0,6.0,0.49999999999999994,-0.8660254037844387,5,0
2013-05-11 11:00:00,269.0,152.0,0.0,0.0,44.0,2.0,467.0,4.0,0.258819045102521,-0.9659258262890682,5,0
2013-05-11 12:00:00,78.0,16.0,62.0,354.0,126.0,18.0,654.0,6.0,1.2246467991473532e-16,-1.0,5,0
2013-05-11 13:00:00,0.0,0.0,12.0,324.0,50.0,8.0,394.0,4.0,-0.2588190451025208,-0.9659258262890683,5,0
2013-05-11 14:00:00,0.0,0.0,0.0,0.0,0.0,0.0,0.0,0.0,-0.4999999999999997,-0.8660254037844388,5,1
2013-05-11 15:00:00,0.0,0.0,4.0,160.0,28.0,6.0,198.0,4.0,-0.7071067811865471,-0.7071067811865479,5,0
2013-05-11 16:00:00,0.0,0.0,2.0,64.0,16.0,0.0,82.0,3.0,-0.8660254037844385,-0.5000000000000004,5,0
2013-05-11 17:00:00,32.0,26.0,4.0,110.0,76.0,12.0,260.0,6.0,-0.9659258262890683,-0.25881904510252063,5,0
2013-05-11 18:00:00,0.0,0.0,0.0,0.0,14.0,8.0,22.0,2.0,-1.0,-1.8369701987210297e-16,5,0
2013-05-11 19:00:00,0.0,0.0,0.0,0.0,2.0,0.0,2.0,1.0,-0.9659258262890684,0.2588190451025203,5,0
2013-05-11 20:00:00,0.0,0.0,0.0,0.0,10.0,0.0,10.0,1.0,-0.8660254037844386,0.5000000000000001,5,0
2013-05-11 21:00:00,0.0,18.0,22.0,6.0,172.0,8.0,226.0,5.0,-0.7071067811865477,0.7071067811865474,5,0
2013-05-11 22:00:00,22.0,6.0,2.0,0.0,112.0,4.0,146.0,5.0,-0.5000000000000004,0.8660254037844384,5,0
2013-05-11 23:00:00,0.0,0.0,0.0,0.0,64.0,0.0,64.0,1.0,-0.25881904510252157,0.9659258262890681,5,0
2013-05-12 00:00:00,0.0,2.0,4.0,132.0,110.0,8.0,256.0,5.0,0.0,1.0,6,0
2013-05-12 01:00:00,64.0,236.0,0.0,0.0,0.0,0.0,300.0,2.0,0.25881904510252074,0.9659258262890683,6,0
2013-05-12 02:00:00,0.0,6.0,0.0,0.0,0.0,0.0,6.0,1.0,0.49999999999999994,0.8660254037844387,6,0
2013-05-12 03:00:00,0.0,68.0,0.0,0.0,0.0,0.0,68.0,1.0,0.7071067811865476,0.7071067811865476,6,0
2013-05-12 04:00:00,0.0,10.0,0.0,2.0,0.0,0.0,12.0,2.0,0.8660254037844386,0.5000000000000001,6,0
2013-05-12 05:00:00,0.0,4.0,0.0,0.0,0.0,0.0,4.0,1.0,0.9659258262890683,0.25881904510252074,6,0
2013-05-12 06:00:00,0.0,4.0,0.0,0.0,0.0,0.0,4.0,1.0,1.0,6.123233995736766e-17,6,0
2013-05-12 07:00:00,44.0,48.0,4.0,36.0,40.0,14.0,186.0,6.0,0.9659258262890683,-0.25881904510252063,6,0
2013-05-12 08:00:00,0.0,0.0,0.0,0.0,38.0,0.0,38.0,1.0,0.8660254037844387,-0.4999999999999998,6,0
2013-05-12 09:00:00,66.0,2.0,14.0,132.0,130.0,2.0,346.0,6.0,0.7071067811865476,-0.7071067811865475,6,0
2013-05-12 10:00:00,344.0,278.0,32.0,236.0,78.0,4.0,972.0,6.0,0.49999999999999994,-0.8660254037844387,6,0
2013-05-12 11:00:00,0.0,12.0,18.0,66.0,96.0,28.0,220.0,5.0,0.258819045102521,-0.9659258262890682,6,0
2013-05-12 12:00:00,0.0,0.0,0.0,0.0,0.0,0.0,0.0,0.0,1.2246467991473532e-16,-1.0,6,1
2013-05-12 13:00:00,0.0,0.0,2.0,32.0,24.0,10.0,68.0,4.0,-0.2588190451025208,-0.9659258262890683,6,0
2013-05-12 14:00:00,52.0,54.0,0.0,0.0,22.0,2.0,130.0,4.0,-0.4999999999999997,-0.8660254037844388,6,0
2013-05-12 15:00:00,0.0,0.0,0.0,0.0,4.0,0.0,4.0,1.0,-0.7071067811865471,-0.7071067811865479,6,0
2013-05-12 16:00:00,0.0,0.0,12.0,120.0,50.0,0.0,182.0,3.0,-0.8660254037844385,-0.5000000000000004,6,0
2013-05-12 17:00:00,0.0,0.0,0.0,0.0,8.0,0.0,8.0,1.0,-0.9659258262890683,-0.25881904510252063,6,0
2013-05-12 18:00:00,0.0,0.0,14.0,354.0,76.0,0.0,444.0,3.0,-1.0,-1.8369701987210297e-16,6,0
2013-05-12 19:00:00,0.0,0.0,0.0,0.0,10.0,0.0,10.0,1.0,-0.9659258262890684,0.2588190451025203,6,0
2013-05-12 20:00:00,0.0,0.0,0.0,0.0,8.0,0.0,8.0,1.0,-0.8660254037844386,0.5000000000000001,6,0
2013-05-12 21:00:00,0.0,0.0,0.0,0.0,0.0,0.0,0.0,0.0,-0.7071067811865477,0.7071067811865474,6,1
2013-05-12 22:00:00,0.0,0.0,0.0,0.0,0.0,0.0,0.0,0.0,-0.5000000000000004,0.8660254037844384,6,1
2013-05-12 23:00:00,13.0,4.0,2.0,66.0,50.0,4.0,139.0,6.0,-0.25881904510252157,0.9659258262890681,6,0
2013-05-13 00:00:00,43.0,168.0,0.0,2.0,0.0,2.0,215.0,4.0,0.0,1.0,0,0
2013-05-13 01:00:00,0.0,2.0,0.0,0.0,0.0,0.0,2.0,1.0,0.25881904510252074,0.9659258262890683,0,0
2013-05-13 02:00:00,0.0,10.0,0.0,0.0,0.0,0.0,10.0,1.0,0.49999999999999994,0.8660254037844387,0,0
2013-05-13 03:00:00,0.0,16.0,0.0,0.0,0.0,0.0,16.0,1.0,0.7071067811865476,0.7071067811865476,0,0
2013-05-13 04:00:00,0.0,8.0,0.0,0.0,0.0,0.0,8.0,1.0,0.8660254037844386,0.5000000000000001,0,0
2013-05-13 05:00:00,0.0,4.0,0.0,0.0,0.0,0.0,4.0,1.0,0.9659258262890683,0.25881904510252074,0,0
2013-05-13 06:00:00,0.0,4.0,0.0,0.0,0.0,0.0,4.0,1.0,1.0,6.123233995736766e-17,0,0
2013-05-13 07:00:00,0.0,10.0,0.0,0.0,0.0,0.0,10.0,1.0,0.9659258262890683,-0.25881904510252063,0,0
2013-05-13 08:00:00,26.0,48.0,6.0,46.0,56.0,18.0,200.0,6.0,0.8660254037844387,-0.4999999999999998,0,0
2013-05-13 09:00:00,20.0,4.0,14.0,182.0,124.0,4.0,348.0,6.0,0.7071067811865476,-0.7071067811865475,0,0
2013-05-13 10:00:00,88.0,324.0,4.0,22.0,80.0,6.0,524.0,6.0,0.49999999999999994,-0.8660254037844387,0,0
2013-05-13 11:00:00,2.0,1785.0,4.0,4.0,38.0,2.0,1835.0,6.0,0.258819045102521,-0.9659258262890682,0,0
2013-05-13 12:00:00,230.0,351.0,0.0,0.0,88.0,10.0,679.0,4.0,1.2246467991473532e-16,-1.0,0,0
2013-05-13 13:00:00,0.0,0.0,2.0,39.0,28.0,4.0,73.0,4.0,-0.2588190451025208,-0.9659258262890683,0,0
2013-05-13 14:00:00,12.0,2.0,16.0,243.0,116.0,2.0,391.0,6.0,-0.4999999999999997,-0.8660254037844388,0,0
2013-05-13 15:00:00,44.0,6.0,0.0,0.0,4.0,18.0,72.0,4.0,-0.7071067811865471,-0.7071067811865479,0,0
2013-05-13 16:00:00,0.0,2.0,0.0,0.0,18.0,10.0,30.0,3.0,-0.8660254037844385,-0.5000000000000004,0,0
2013-05-13 17:00:00,0.0,0.0,0.0,0.0,20.0,6.0,26.0,2.0,-0.9659258262890683,-0.25881904510252063,0,0
2013-05-13 18:00:00,0.0,0.0,0.0,0.0,0.0,0.0,0.0,0.0,-1.0,-1.8369701987210297e-16,0,1
2013-05-13 19:00:00,34.0,84.0,0.0,2.0,38.0,8.0,166.0,5.0,-0.9659258262890684,0.2588190451025203,0,0
2013-05-13 20:00:00,0.0,0.0,0.0,0.0,6.0,0.0,6.0,1.0,-0.8660254037844386,0.5000000000000001,0,0
2013-05-13 21:00:00,0.0,0.0,0.0,0.0,4.0,0.0,4.0,1.0,-0.7071067811865477,0.7071067811865474,0,0
2013-05-13 22:00:00,0.0,0.0,8.0,144.0,28.0,0.0,180.0,3.0,-0.5000000000000004,0.8660254037844384,0,0
2013-05-13 23:00:00,0.0,0.0,0.0,0.0,74.0,0.0,74.0,1.0,-0.25881904510252157,0.9659258262890681,0,0
2013-05-14 00:00:00,94.0,190.0,4.0,36.0,56.0,10.0,390.0,6.0,0.0,1.0,1,0
2013-05-14 01:00:00,0.0,2.0,0.0,0.0,0.0,0.0,2.0,1.0,0.25881904510252074,0.9659258262890683,1,0
2013-05-14 02:00:00,0.0,20.0,0.0,0.0,0.0,0.0,20.0,1.0,0.49999999999999994,0.8660254037844387,1,0
2013-05-14 03:00:00,0.0,6.0,0.0,0.0,0.0,0.0,6.0,1.0,0.7071067811865476,0.7071067811865476,1,0
2013-05-14 04:00:00,0.0,2.0,0.0,0.0,0.0,0.0,2.0,1.0,0.8660254037844386,0.5000000000000001,1,0
2013-05-14 05:00:00,0.0,0.0,0.0,0.0,0.0,0.0,0.0,0.0,0.9659258262890683,0.25881904510252074,1,1
2013-05-14 06:00:00,0.0,13.0,0.0,0.0,0.0,2.0,15.0,2.0,1.0,6.123233995736766e-17,1,0
2013-05-14 07:00:00,40.0,37.0,6.0,46.0,72.0,14.0,215.0,6.0,0.9659258262890683,-0.25881904510252063,1,0
2013-05-14 08:00:00,0.0,0.0,8.0,256.0,106.0,0.0,370.0,3.0,0.8660254037844387,-0.4999999999999998,1,0
2013-05-14 09:00:00,0.0,0.0,0.0,0.0,40.0,0.0,40.0,1.0,0.7071067811865476,-0.7071067811865475,1,0
2013-05-14 10:00:00,0.0,0.0,0.0,0.0,68.0,0.0,68.0,1.0,0.49999999999999994,-0.8660254037844387,1,0
2013-05-14 11:00:00,26.0,178.0,12.0,58.0,174.0,12.0,460.0,6.0,0.258819045102521,-0.9659258262890682,1,0
2013-05-14 12:00:00,322.0,210.0,0.0,0.0,26.0,2.0,560.0,4.0,1.2246467991473532e-16,-1.0,1,0
2013-05-14 13:00:00,36.0,10.0,8.0,124.0,104.0,18.0,300.0,6.0,-0.2588190451025208,-0.9659258262890683,1,0
2013-05-14 14:00:00,2.0,14.0,4.0,60.0,128.0,38.0,246.0,6.0,-0.4999999999999997,-0.8660254037844388,1,0
2013-05-14 15:00:00,0.0,0.0,6.0,52.0,56.0,18.0,132.0,4.0,-0.7071067811865471,-0.7071067811865479,1,0
2013-05-14 16:00:00,0.0,0.0,4.0,214.0,200.0,14.0,432.0,4.0,-0.8660254037844385,-0.5000000000000004,1,0
2013-05-14 17:00:00,60.0,4.0,6.0,42.0,60.0,2.0,174.0,6.0,-0.9659258262890683,-0.25881904510252063,1,0
2013-05-14 18:00:00,0.0,0.0,2.0,112.0,30.0,0.0,144.0,3.0,-1.0,-1.8369701987210297e-16,1,0
2013-05-14 19:00:00,0.0,0.0,12.0,346.0,108.0,0.0,466.0,3.0,-0.9659258262890684,0.2588190451025203,1,0
2013-05-14 20:00:00,0.0,0.0,0.0,0.0,2.0,0.0,2.0,1.0,-0.8660254037844386,0.5000000000000001,1,0
2013-05-14 21:00:00,34.0,4.0,6.0,86.0,54.0,2.0,186.0,6.0,-0.7071067811865477,0.7071067811865474,1,0
2013-05-14 22:00:00,0.0,0.0,0.0,0.0,10.0,0.0,10.0,1.0,-0.5000000000000004,0.8660254037844384,1,0
2013-05-14 23:00:00,0.0,0.0,0.0,0.0,10.0,0.0,10.0,1.0,-0.25881904510252157,0.9659258262890681,1,0
2013-05-15 00:00:00,38.0,178.0,0.0,0.0,20.0,2.0,238.0,4.0,0.0,1.0,2,0
2013-05-15 01:00:00,0.0,0.0,0.0,0.0,0.0,0.0,0.0,0.0,0.25881904510252074,0.9659258262890683,2,1
2013-05-15 02:00:00,0.0,2.0,0.0,0.0,0.0,0.0,2.0,1.0,0.49999999999999994,0.8660254037844387,2,0
2013-05-15 03:00:00,0.0,12.0,0.0,0.0,0.0,0.0,12.0,1.0,0.7071067811865476,0.7071067811865476,2,0
2013-05-15 04:00:00,0.0,6.0,0.0,0.0,0.0,0.0,6.0,1.0,0.8660254037844386,0.5000000000000001,2,0
2013-05-15 05:00:00,0.0,2.0,0.0,0.0,0.0,0.0,2.0,1.0,0.9659258262890683,0.25881904510252074,2,0
2013-05-15 06:00:00,0.0,2.0,0.0,0.0,0.0,0.0,2.0,1.0,1.0,6.123233995736766e-17,2,0
2013-05-15 07:00:00,42.0,66.0,2.0,42.0,86.0,18.0,256.0,6.0,0.9659258262890683,-0.25881904510252063,2,0
2013-05-15 08:00:00,0.0,0.0,8.0,356.0,80.0,0.0,444.0,3.0,0.8660254037844387,-0.4999999999999998,2,0
2013-05-15 09:00:00,260.0,234.0,6.0,46.0,140.0,18.0,704.0,6.0,0.7071067811865476,-0.7071067811865475,2,0
2013-05-15 10:00:00,0.0,0.0,0.0,0.0,0.0,0.0,0.0,0.0,0.49999999999999994,-0.8660254037844387,2,1
2013-05-15 11:00:00,56.0,6.0,4.0,12.0,38.0,16.0,132.0,6.0,0.258819045102521,-0.9659258262890682,2,0
2013-05-15 12:00:00,28.0,4.0,12.0,176.0,116.0,18.0,354.0,6.0,1.2246467991473532e-16,-1.0,2,0
2013-05-15 13:00:00,0.0,0.0,0.0,0.0,0.0,0.0,0.0,0.0,-0.2588190451025208,-0.9659258262890683,2,1
2013-05-15 14:00:00,54.0,2.0,6.0,60.0,50.0,10.0,182.0,6.0,-0.4999999999999997,-0.8660254037844388,2,0
2013-05-15 15:00:00,0.0,0.0,0.0,0.0,0.0,0.0,0.0,0.0,-0.7071067811865471,-0.7071067811865479,2,1
2013-05-15 16:00:00,34.0,4.0,0.0,2.0,34.0,2.0,76.0,5.0,-0.8660254037844385,-0.5000000000000004,2,0
2013-05-15 17:00:00,0.0,22.0,18.0,310.0,110.0,16.0,476.0,5.0,-0.9659258262890683,-0.25881904510252063,2,0
2013-05-15 18:00:00,0.0,0.0,0.0,0.0,20.0,0.0,20.0,1.0,-1.0,-1.8369701987210297e-16,2,0
2013-05-15 19:00:00,0.0,0.0,0.0,0.0,24.0,0.0,24.0,1.0,-0.9659258262890684,0.2588190451025203,2,0
2013-05-15 20:00:00,0.0,28.0,4.0,28.0,98.0,2.0,160.0,5.0,-0.8660254037844386,0.5000000000000001,2,0
2013-05-15 21:00:00,38.0,204.0,2.0,150.0,54.0,0.0,448.0,5.0,-0.7071067811865477,0.7071067811865474,2,0
2013-05-15 22:00:00,0.0,0.0,0.0,0.0,10.0,0.0,10.0,1.0,-0.5000000000000004,0.8660254037844384,2,0
2013-05-15 23:00:00,0.0,0.0,0.0,0.0,14.0,0.0,14.0,1.0,-0.25881904510252157,0.9659258262890681,2,0
2013-05-16 00:00:00,0.0,0.0,0.0,0.0,4.0,0.0,4.0,1.0,0.0,1.0,3,0
2013-05-16 01:00:00,32.0,46.0,4.0,38.0,38.0,4.0,162.0,6.0,0.25881904510252074,0.9659258262890683,3,0
2013-05-16 02:00:00,0.0,4.0,0.0,0.0,0.0,0.0,4.0,1.0,0.49999999999999994,0.8660254037844387,3,0
2013-05-16 03:00:00,0.0,4.0,0.0,0.0,0.0,0.0,4.0,1.0,0.7071067811865476,0.7071067811865476,3,0
2013-05-16 04:00:00,0.0,4.0,0.0,0.0,0.0,0.0,4.0,1.0,0.8660254037844386,0.5000000000000001,3,0
2013-05-16 05:00:00,0.0,0.0,0.0,2.0,0.0,0.0,2.0,1.0,0.9659258262890683,0.25881904510252074,3,0
2013-05-16 06:00:00,0.0,2.0,0.0,2.0,0.0,0.0,4.0,2.0,1.0,6.123233995736766e-17,3,0
2013-05-16 07:00:00,30.0,32.0,6.0,56.0,64.0,16.0,204.0,6.0,0.9659258262890683,-0.25881904510252063,3,0
2013-05-16 08:00:00,0.0,0.0,8.0,268.0,66.0,0.0,342.0,3.0,0.8660254037844387,-0.4999999999999998,3,0
2013-05-16 09:00:00,0.0,0.0,2.0,52.0,40.0,0.0,94.0,3.0,0.7071067811865476,-0.7071067811865475,3,0
2013-05-16 10:00:00,28.0,2.0,0.0,0.0,42.0,2.0,74.0,4.0,0.49999999999999994,-0.8660254037844387,3,0
2013-05-16 11:00:00,0.0,0.0,0.0,0.0,0.0,0.0,0.0,0.0,0.258819045102521,-0.9659258262890682,3,1
2013-05-16 12:00:00,28.0,2.0,14.0,226.0,62.0,2.0,334.0,6.0,1.2246467991473532e-16,-1.0,3,0
2013-05-16 13:00:00,246.0,130.0,6.0,28.0,48.0,2.0,460.0,6.0,-0.2588190451025208,-0.9659258262890683,3,0
2013-05-16 14:00:00,14.0,46.0,0.0,0.0,212.0,10.0,282.0,4.0,-0.4999999999999997,-0.8660254037844388,3,0
2013-05-16 15:00:00,4.0,0.0,0.0,0.0,32.0,8.0,44.0,3.0,-0.7071067811865471,-0.7071067811865479,3,0
2013-05-16 16:00:00,22.0,0.0,0.0,0.0,30.0,2.0,54.0,3.0,-0.8660254037844385,-0.5000000000000004,3,0
2013-05-16 17:00:00,0.0,0.0,0.0,0.0,50.0,8.0,58.0,2.0,-0.9659258262890683,-0.25881904510252063,3,0
2013-05-16 18:00:00,0.0,0.0,0.0,0.0,0.0,0.0,0.0,0.0,-1.0,-1.8369701987210297e-16,3,1
2013-05-16 19:00:00,0.0,0.0,0.0,0.0,16.0,6.0,22.0,2.0,-0.9659258262890684,0.2588190451025203,3,0
2013-05-16 20:00:00,0.0,0.0,0.0,0.0,74.0,0.0,74.0,1.0,-0.8660254037844386,0.5000000000000001,3,0
2013-05-16 21:00:00,0.0,0.0,0.0,0.0,40.0,0.0,40.0,1.0,-0.7071067811865477,0.7071067811865474,3,0
2013-05-16 22:00:00,0.0,0.0,14.0,74.0,114.0,0.0,202.0,3.0,-0.5000000000000004,0.8660254037844384,3,0
2013-05-16 23:00:00,0.0,0.0,0.0,0.0,140.0,0.0,140.0,1.0,-0.25881904510252157,0.9659258262890681,3,0
2013-05-17 00:00:00,102.0,162.0,0.0,0.0,96.0,2.0,362.0,4.0,0.0,1.0,4,0
2013-05-17 01:00:00,0.0,8.0,0.0,0.0,0.0,0.0,8.0,1.0,0.25881904510252074,0.9659258262890683,4,0
2013-05-17 02:00:00,0.0,2.0,0.0,0.0,0.0,0.0,2.0,1.0,0.49999999999999994,0.8660254037844387,4,0
2013-05-17 03:00:00,0.0,8.0,0.0,0.0,0.0,0.0,8.0,1.0,0.7071067811865476,0.7071067811865476,4,0
2013-05-17 04:00:00,0.0,16.0,0.0,0.0,0.0,0.0,16.0,1.0,0.8660254037844386,0.5000000000000001,4,0
2013-05-17 05:00:00,0.0,0.0,0.0,0.0,0.0,0.0,0.0,0.0,0.9659258262890683,0.25881904510252074,4,1
2013-05-17 06:00:00,0.0,8.0,0.0,0.0,0.0,0.0,8.0,1.0,1.0,6.123233995736766e-17,4,0
2013-05-17 07:00:00,0.0,0.0,0.0,2.0,0.0,0.0,2.0,1.0,0.9659258262890683,-0.25881904510252063,4,0
2013-05-17 08:00:00,0.0,4.0,0.0,0.0,0.0,0.0,4.0,1.0,0.8660254037844387,-0.4999999999999998,4,0
2013-05-17 09:00:00,32.0,28.0,6.0,76.0,64.0,14.0,220.0,6.0,0.7071067811865476,-0.7071067811865475,4,0
2013-05-17 10:00:00,0.0,0.0,6.0,256.0,60.0,0.0,322.0,3.0,0.49999999999999994,-0.8660254037844387,4,0
2013-05-17 11:00:00,28.0,22.0,30.0,118.0,51.0,2.0,251.0,6.0,0.258819045102521,-0.9659258262890682,4,0
2013-05-17 12:00:00,0.0,0.0,0.0,0.0,99.0,0.0,99.0,1.0,1.2246467991473532e-16,-1.0,4,0
2013-05-17 13:00:00,200.0,162.0,24.0,28.0,90.0,2.0,506.0,6.0,-0.2588190451025208,-0.9659258262890683,4,0
2013-05-17 14:00:00,4.0,0.0,4.0,34.0,202.0,10.0,254.0,5.0,-0.4999999999999997,-0.8660254037844388,4,0
2013-05-17 15:00:00,0.0,0.0,18.0,38.0,52.0,4.0,112.0,4.0,-0.7071067811865471,-0.7071067811865479,4,0
2013-05-17 16:00:00,38.0,24.0,6.0,58.0,46.0,2.0,174.0,6.0,-0.8660254037844385,-0.5000000000000004,4,0
2013-05-17 17:00:00,0.0,0.0,0.0,0.0,20.0,6.0,26.0,2.0,-0.9659258262890683,-0.25881904510252063,4,0
2013-05-17 18:00:00,0.0,0.0,0.0,0.0,14.0,10.0,24.0,2.0,-1.0,-1.8369701987210297e-16,4,0
2013-05-17 19:00:00,0.0,0.0,0.0,0.0,36.0,0.0,36.0,1.0,-0.9659258262890684,0.2588190451025203,4,0
2013-05-17 20:00:00,0.0,0.0,0.0,0.0,4.0,0.0,4.0,1.0,-0.8660254037844386,0.5000000000000001,4,0
2013-05-17 21:00:00,0.0,0.0,0.0,0.0,50.0,0.0,50.0,1.0,-0.7071067811865477,0.7071067811865474,4,0
2013-05-17 22:00:00,42.0,4.0,12.0,248.0,82.0,4.0,392.0,6.0,-0.5000000000000004,0.8660254037844384,4,0
2013-05-17 23:00:00,0.0,0.0,0.0,0.0,56.0,0.0,56.0,1.0,-0.25881904510252157,0.9659258262890681,4,0
2013-05-18 00:00:00,0.0,0.0,0.0,2.0,0.0,0.0,2.0,1.0,0.0,1.0,5,0
2013-05-18 01:00:00,0.0,26.0,0.0,0.0,34.0,4.0,64.0,3.0,0.25881904510252074,0.9659258262890683,5,0
2013-05-18 02:00:00,20.0,112.0,0.0,0.0,0.0,0.0,132.0,2.0,0.49999999999999994,0.8660254037844387,5,0
2013-05-18 03:00:00,0.0,2.0,0.0,2.0,0.0,0.0,4.0,2.0,0.7071067811865476,0.7071067811865476,5,0
2013-05-18 04:00:00,0.0,4.0,0.0,0.0,0.0,0.0,4.0,1.0,0.8660254037844386,0.5000000000000001,5,0
2013-05-18 05:00:00,0.0,2.0,0.0,0.0,0.0,0.0,2.0,1.0,0.9659258262890683,0.25881904510252074,5,0
2013-05-18 06:00:00,0.0,8.0,0.0,0.0,0.0,0.0,8.0,1.0,1.0,6.123233995736766e-17,5,0
2013-05-18 07:00:00,0.0,8.0,0.0,0.0,0.0,0.0,8.0,1.0,0.9659258262890683,-0.25881904510252063,5,0
2013-05-18 08:00:00,22.0,82.0,4.0,34.0,54.0,18.0,214.0,6.0,0.8660254037844387,-0.4999999999999998,5,0
2013-05-18 09:00:00,0.0,0.0,6.0,410.0,54.0,0.0,470.0,3.0,0.7071067811865476,-0.7071067811865475,5,0
2013-05-18 10:00:00,0.0,0.0,0.0,0.0,120.0,0.0,120.0,1.0,0.49999999999999994,-0.8660254037844387,5,0
2013-05-18 11:00:00,276.0,130.0,6.0,74.0,90.0,0.0,576.0,5.0,0.258819045102521,-0.9659258262890682,5,0
2013-05-18 12:00:00,0.0,14.0,60.0,146.0,216.0,8.0,444.0,5.0,1.2246467991473532e-16,-1.0,5,0
2013-05-18 13:00:00,0.0,0.0,0.0,2.0,0.0,0.0,2.0,1.0,-0.2588190451025208,-0.9659258262890683,5,0
2013-05-18 14:00:00,30.0,0.0,0.0,0.0,42.0,12.0,84.0,3.0,-0.4999999999999997,-0.8660254037844388,5,0
2013-05-18 15:00:00,0.0,0.0,14.0,116.0,100.0,0.0,230.0,3.0,-0.7071067811865471,-0.7071067811865479,5,0
2013-05-18 16:00:00,41.0,0.0,0.0,0.0,14.0,2.0,57.0,3.0,-0.8660254037844385,-0.5000000000000004,5,0
2013-05-18 17:00:00,1.0,16.0,0.0,0.0,58.0,12.0,87.0,4.0,-0.9659258262890683,-0.25881904510252063,5,0
2013-05-18 18:00:00,0.0,0.0,0.0,0.0,0.0,0.0,0.0,0.0,-1.0,-1.8369701987210297e-16,5,1
2013-05-18 19:00:00,0.0,0.0,0.0,0.0,34.0,10.0,44.0,2.0,-0.9659258262890684,0.2588190451025203,5,0
2013-05-18 20:00:00,0.0,0.0,0.0,0.0,8.0,0.0,8.0,1.0,-0.8660254037844386,0.5000000000000001,5,0
2013-05-18 21:00:00,0.0,0.0,0.0,0.0,10.0,0.0,10.0,1.0,-0.7071067811865477,0.7071067811865474,5,0
2013-05-18 22:00:00,72.0,112.0,4.0,78.0,48.0,10.0,324.0,6.0,-0.5000000000000004,0.8660254037844384,5,0
2013-05-18 23:00:00,0.0,2.0,0.0,2.0,92.0,0.0,96.0,3.0,-0.25881904510252157,0.9659258262890681,5,0
2013-05-19 00:00:00,38.0,4.0,0.0,0.0,60.0,0.0,102.0,3.0,0.0,1.0,6,0
2013-05-19 01:00:00,22.0,56.0,0.0,0.0,0.0,0.0,78.0,2.0,0.25881904510252074,0.9659258262890683,6,0
2013-05-19 02:00:00,0.0,2.0,0.0,2.0,0.0,0.0,4.0,2.0,0.49999999999999994,0.8660254037844387,6,0
2013-05-19 03:00:00,0.0,14.0,0.0,0.0,0.0,0.0,14.0,1.0,0.7071067811865476,0.7071067811865476,6,0
2013-05-19 04:00:00,0.0,8.0,0.0,0.0,0.0,0.0,8.0,1.0,0.8660254037844386,0.5000000000000001,6,0
2013-05-19 05:00:00,0.0,6.0,0.0,0.0,0.0,0.0,6.0,1.0,0.9659258262890683,0.25881904510252074,6,0
2013-05-19 06:00:00,0.0,6.0,0.0,0.0,0.0,0.0,6.0,1.0,1.0,6.123233995736766e-17,6,0
2013-05-19 07:00:00,0.0,2.0,0.0,0.0,0.0,0.0,2.0,1.0,0.9659258262890683,-0.25881904510252063,6,0
2013-05-19 08:00:00,36.0,60.0,6.0,62.0,72.0,14.0,250.0,6.0,0.8660254037844387,-0.4999999999999998,6,0
2013-05-19 09:00:00,0.0,0.0,0.0,0.0,42.0,0.0,42.0,1.0,0.7071067811865476,-0.7071067811865475,6,0
2013-05-19 10:00:00,114.0,2.0,12.0,322.0,130.0,0.0,580.0,5.0,0.49999999999999994,-0.8660254037844387,6,0
2013-05-19 11:00:00,0.0,0.0,0.0,0.0,6.0,0.0,6.0,1.0,0.258819045102521,-0.9659258262890682,6,0
2013-05-19 12:00:00,0.0,0.0,44.0,160.0,50.0,2.0,256.0,4.0,1.2246467991473532e-16,-1.0,6,0
2013-05-19 13:00:00,0.0,0.0,0.0,0.0,0.0,0.0,0.0,0.0,-0.2588190451025208,-0.9659258262890683,6,1
2013-05-19 14:00:00,312.0,196.0,2.0,21.0,56.0,2.0,589.0,6.0,-0.4999999999999997,-0.8660254037844388,6,0
2013-05-19 15:00:00,0.0,0.0,2.0,39.0,134.0,0.0,175.0,3.0,-0.7071067811865471,-0.7071067811865479,6,0
2013-05-19 16:00:00,34.0,0.0,24.0,70.0,62.0,2.0,192.0,5.0,-0.8660254037844385,-0.5000000000000004,6,0
2013-05-19 17:00:00,0.0,38.0,0.0,0.0,58.0,10.0,106.0,3.0,-0.9659258262890683,-0.25881904510252063,6,0
2013-05-19 18:00:00,0.0,0.0,0.0,0.0,0.0,0.0,0.0,0.0,-1.0,-1.8369701987210297e-16,6,1
2013-05-19 19:00:00,0.0,0.0,0.0,0.0,18.0,8.0,26.0,2.0,-0.9659258262890684,0.2588190451025203,6,0
2013-05-19 20:00:00,0.0,0.0,0.0,0.0,2.0,0.0,2.0,1.0,-0.8660254037844386,0.5000000000000001,6,0
2013-05-19 21:00:00,44.0,0.0,2.0,24.0,68.0,24.0,162.0,5.0,-0.7071067811865477,0.7071067811865474,6,0
2013-05-19 22:00:00,0.0,0.0,0.0,0.0,18.0,0.0,18.0,1.0,-0.5000000000000004,0.8660254037844384,6,0
2013-05-19 23:00:00,0.0,2.0,0.0,0.0,56.0,0.0,58.0,2.0,-0.25881904510252157,0.9659258262890681,6,0
2013-05-20 00:00:00,58.0,224.0,0.0,0.0,10.0,4.0,296.0,4.0,0.0,1.0,0,0
2013-05-20 01:00:00,0.0,2.0,0.0,0.0,0.0,0.0,2.0,1.0,0.25881904510252074,0.9659258262890683,0,0
2013-05-20 02:00:00,0.0,2.0,0.0,0.0,0.0,0.0,2.0,1.0,0.49999999999999994,0.8660254037844387,0,0
2013-05-20 03:00:00,0.0,18.0,0.0,0.0,0.0,0.0,18.0,1.0,0.7071067811865476,0.7071067811865476,0,0
2013-05-20 04:00:00,0.0,8.0,0.0,0.0,0.0,2.0,10.0,2.0,0.8660254037844386,0.5000000000000001,0,0
2013-05-20 05:00:00,0.0,0.0,0.0,0.0,0.0,0.0,0.0,0.0,0.9659258262890683,0.25881904510252074,0,1
2013-05-20 06:00:00,0.0,0.0,0.0,0.0,0.0,0.0,0.0,0.0,1.0,6.123233995736766e-17,0,1
2013-05-20 07:00:00,0.0,6.0,0.0,2.0,0.0,0.0,8.0,2.0,0.9659258262890683,-0.25881904510252063,0,0
2013-05-20 08:00:00,34.0,98.0,4.0,34.0,60.0,12.0,242.0,6.0,0.8660254037844387,-0.4999999999999998,0,0
2013-05-20 09:00:00,34.0,2.0,10.0,244.0,64.0,2.0,356.0,6.0,0.7071067811865476,-0.7071067811865475,0,0
2013-05-20 10:00:00,0.0,2.0,0.0,0.0,46.0,0.0,48.0,2.0,0.49999999999999994,-0.8660254037844387,0,0
2013-05-20 11:00:00,0.0,0.0,0.0,0.0,76.0,0.0,76.0,1.0,0.258819045102521,-0.9659258262890682,0,0
2013-05-20 12:00:00,64.0,92.0,66.0,42.0,176.0,4.0,444.0,6.0,1.2246467991473532e-16,-1.0,0,0
2013-05-20 13:00:00,114.0,148.0,20.0,120.0,100.0,22.0,524.0,6.0,-0.2588190451025208,-0.9659258262890683,0,0
2013-05-20 14:00:00,0.0,0.0,6.0,18.0,90.0,16.0,130.0,4.0,-0.4999999999999997,-0.8660254037844388,0,0
2013-05-20 15:00:00,0.0,0.0,0.0,0.0,24.0,8.0,32.0,2.0,-0.7071067811865471,-0.7071067811865479,0,0
2013-05-20 16:00:00,36.0,4.0,0.0,0.0,46.0,10.0,96.0,4.0,-0.8660254037844385,-0.5000000000000004,0,0
2013-05-20 17:00:00,2.0,606.0,0.0,0.0,40.0,26.0,674.0,4.0,-0.9659258262890683,-0.25881904510252063,0,0
2013-05-20 18:00:00,0.0,0.0,0.0,0.0,0.0,0.0,0.0,0.0,-1.0,-1.8369701987210297e-16,0,1
2013-05-20 19:00:00,0.0,0.0,0.0,0.0,14.0,8.0,22.0,2.0,-0.9659258262890684,0.2588190451025203,0,0
2013-05-20 20:00:00,0.0,0.0,0.0,0.0,14.0,0.0,14.0,1.0,-0.8660254037844386,0.5000000000000001,0,0
2013-05-20 21:00:00,0.0,0.0,0.0,0.0,16.0,0.0,16.0,1.0,-0.7071067811865477,0.7071067811865474,0,0
2013-05-20 22:00:00,0.0,0.0,0.0,0.0,8.0,0.0,8.0,1.0,-0.5000000000000004,0.8660254037844384,0,0
2013-05-20 23:00:00,64.0,192.0,10.0,250.0,50.0,2.0,568.0,6.0,-0.25881904510252157,0.9659258262890681,0,0
2013-05-21 00:00:00,14.0,144.0,0.0,0.0,48.0,10.0,216.0,4.0,0.0,1.0,1,0
2013-05-21 01:00:00,88.0,80.0,0.0,0.0,0.0,0.0,168.0,2.0,0.25881904510252074,0.9659258262890683,1,0
2013-05-21 02:00:00,0.0,42.0,0.0,0.0,0.0,0.0,42.0,1.0,0.49999999999999994,0.8660254037844387,1,0
2013-05-21 03:00:00,0.0,6.0,0.0,2.0,0.0,0.0,8.0,2.0,0.7071067811865476,0.7071067811865476,1,0
2013-05-21 04:00:00,0.0,6.0,0.0,0.0,0.0,0.0,6.0,1.0,0.8660254037844386,0.5000000000000001,1,0
2013-05-21 05:00:00,0.0,30.0,0.0,0.0,0.0,0.0,30.0,1.0,0.9659258262890683,0.25881904510252074,1,0
2013-05-21 06:00:00,40.0,74.0,4.0,54.0,74.0,18.0,264.0,6.0,1.0,6.123233995736766e-17,1,0
2013-05-21 07:00:00,0.0,2.0,4.0,194.0,56.0,0.0,256.0,4.0,0.9659258262890683,-0.25881904510252063,1,0
2013-05-21 08:00:00,0.0,0.0,0.0,0.0,78.0,0.0,78.0,1.0,0.8660254037844387,-0.4999999999999998,1,0
2013-05-21 09:00:00,309.0,140.0,6.0,62.0,76.0,2.0,595.0,6.0,0.7071067811865476,-0.7071067811865475,1,0
2013-05-21 10:00:00,81.0,140.0,28.0,68.0,100.0,26.0,443.0,6.0,0.49999999999999994,-0.8660254037844387,1,0
2013-05-21 11:00:00,0.0,0.0,0.0,0.0,138.0,34.0,172.0,2.0,0.258819045102521,-0.9659258262890682,1,0
2013-05-21 12:00:00,0.0,56.0,12.0,72.0,124.0,32.0,296.0,5.0,1.2246467991473532e-16,-1.0,1,0
2013-05-21 13:00:00,40.0,0.0,4.0,22.0,117.0,54.0,237.0,5.0,-0.2588190451025208,-0.9659258262890683,1,0
2013-05-21 14:00:00,0.0,0.0,0.0,0.0,9.0,0.0,9.0,1.0,-0.4999999999999997,-0.8660254037844388,1,0
2013-05-21 15:00:00,0.0,0.0,0.0,0.0,0.0,0.0,0.0,0.0,-0.7071067811865471,-0.7071067811865479,1,1
2013-05-21 16:00:00,40.0,0.0,16.0,0.0,48.0,2.0,106.0,4.0,-0.8660254037844385,-0.5000000000000004,1,0
2013-05-21 17:00:00,0.0,0.0,4.0,0.0,44.0,4.0,52.0,3.0,-0.9659258262890683,-0.25881904510252063,1,0
2013-05-21 18:00:00,0.0,0.0,0.0,0.0,0.0,0.0,0.0,0.0,-1.0,-1.8369701987210297e-16,1,1
2013-05-21 19:00:00,34.0,28.0,0.0,0.0,20.0,6.0,88.0,4.0,-0.9659258262890684,0.2588190451025203,1,0
2013-05-21 20:00:00,0.0,0.0,0.0,0.0,22.0,0.0,22.0,1.0,-0.8660254037844386,0.5000000000000001,1,0
2013-05-21 21:00:00,0.0,0.0,0.0,0.0,10.0,0.0,10.0,1.0,-0.7071067811865477,0.7071067811865474,1,0
2013-05-21 22:00:00,0.0,0.0,0.0,0.0,24.0,0.0,24.0,1.0,-0.5000000000000004,0.8660254037844384,1,0
2013-05-21 23:00:00,4.0,338.0,14.0,62.0,176.0,10.0,604.0,6.0,-0.25881904510252157,0.9659258262890681,1,0
2013-05-22 00:00:00,30.0,152.0,0.0,0.0,186.0,2.0,370.0,4.0,0.0,1.0,2,0
2013-05-22 01:00:00,0.0,2.0,0.0,0.0,2.0,0.0,4.0,2.0,0.25881904510252074,0.9659258262890683,2,0
2013-05-22 02:00:00,0.0,4.0,0.0,0.0,0.0,0.0,4.0,1.0,0.49999999999999994,0.8660254037844387,2,0
2013-05-22 03:00:00,0.0,4.0,0.0,0.0,0.0,0.0,4.0,1.0,0.7071067811865476,0.7071067811865476,2,0
2013-05-22 04:00:00,0.0,2.0,0.0,2.0,0.0,0.0,4.0,2.0,0.8660254037844386,0.5000000000000001,2,0
2013-05-22 05:00:00,0.0,6.0,0.0,0.0,0.0,0.0,6.0,1.0,0.9659258262890683,0.25881904510252074,2,0
2013-05-22 06:00:00,0.0,2.0,0.0,0.0,0.0,0.0,2.0,1.0,1.0,6.123233995736766e-17,2,0
2013-05-22 07:00:00,42.0,62.0,4.0,52.0,66.0,12.0,238.0,6.0,0.9659258262890683,-0.25881904510252063,2,0
2013-05-22 08:00:00,38.0,4.0,2.0,230.0,104.0,0.0,378.0,5.0,0.8660254037844387,-0.4999999999999998,2,0
2013-05-22 09:00:00,0.0,0.0,0.0,0.0,88.0,0.0,88.0,1.0,0.7071067811865476,-0.7071067811865475,2,0
2013-05-22 10:00:00,334.0,156.0,16.0,70.0,98.0,2.0,676.0,6.0,0.49999999999999994,-0.8660254037844387,2,0
2013-05-22 11:00:00,34.0,146.0,6.0,2.0,340.0,0.0,528.0,5.0,0.258819045102521,-0.9659258262890682,2,0
2013-05-22 12:00:00,38.0,2.0,8.0,185.0,242.0,2.0,477.0,6.0,1.2246467991473532e-16,-1.0,2,0
2013-05-22 13:00:00,0.0,0.0,18.0,173.0,84.0,0.0,275.0,3.0,-0.2588190451025208,-0.9659258262890683,2,0
2013-05-22 14:00:00,0.0,0.0,170.0,2.0,14.0,0.0,186.0,3.0,-0.4999999999999997,-0.8660254037844388,2,0
2013-05-22 15:00:00,0.0,0.0,16.0,8.0,126.0,14.0,164.0,4.0,-0.7071067811865471,-0.7071067811865479,2,0
2013-05-22 16:00:00,40.0,2.0,26.0,112.0,122.0,0.0,302.0,5.0,-0.8660254037844385,-0.5000000000000004,2,0
2013-05-22 17:00:00,54.0,28.0,10.0,0.0,48.0,8.0,148.0,5.0,-0.9659258262890683,-0.25881904510252063,2,0
2013-05-22 18:00:00,0.0,0.0,0.0,2.0,0.0,0.0,2.0,1.0,-1.0,-1.8369701987210297e-16,2,0
2013-05-22 19:00:00,0.0,0.0,0.0,0.0,2.0,0.0,2.0,1.0,-0.9659258262890684,0.2588190451025203,2,0
2013-05-22 20:00:00,46.0,6.0,2.0,0.0,70.0,10.0,134.0,5.0,-0.8660254037844386,0.5000000000000001,2,0
2013-05-22 21:00:00,0.0,0.0,0.0,0.0,48.0,0.0,48.0,1.0,-0.7071067811865477,0.7071067811865474,2,0
2013-05-22 22:00:00,0.0,0.0,36.0,44.0,74.0,0.0,154.0,3.0,-0.5000000000000004,0.8660254037844384,2,0
2013-05-22 23:00:00,72.0,198.0,0.0,0.0,74.0,14.0,358.0,4.0,-0.25881904510252157,0.9659258262890681,2,0
2013-05-23 00:00:00,0.0,54.0,0.0,0.0,0.0,0.0,54.0,1.0,0.0,1.0,3,0
2013-05-23 01:00:00,0.0,0.0,0.0,0.0,0.0,0.0,0.0,0.0,0.25881904510252074,0.9659258262890683,3,1
2013-05-23 02:00:00,32.0,84.0,0.0,0.0,0.0,0.0,116.0,2.0,0.49999999999999994,0.8660254037844387,3,0
2013-05-23 03:00:00,0.0,0.0,0.0,2.0,0.0,0.0,2.0,1.0,0.7071067811865476,0.7071067811865476,3,0
2013-05-23 04:00:00,0.0,0.0,0.0,0.0,0.0,0.0,0.0,0.0,0.8660254037844386,0.5000000000000001,3,1
2013-05-23 05:00:00,0.0,0.0,0.0,0.0,0.0,0.0,0.0,0.0,0.9659258262890683,0.25881904510252074,3,1
2013-05-23 06:00:00,0.0,0.0,0.0,0.0,0.0,0.0,0.0,0.0,1.0,6.123233995736766e-17,3,1
2013-05-23 07:00:00,0.0,2.0,0.0,0.0,0.0,0.0,2.0,1.0,0.9659258262890683,-0.25881904510252063,3,0
2013-05-23 08:00:00,42.0,44.0,8.0,36.0,36.0,20.0,186.0,6.0,0.8660254037844387,-0.4999999999999998,3,0
2013-05-23 09:00:00,0.0,0.0,0.0,0.0,44.0,0.0,44.0,1.0,0.7071067811865476,-0.7071067811865475,3,0
2013-05-23 10:00:00,44.0,4.0,8.0,196.0,70.0,0.0,322.0,5.0,0.49999999999999994,-0.8660254037844387,3,0
2013-05-23 11:00:00,190.0,130.0,2.0,42.0,54.0,0.0,418.0,5.0,0.258819045102521,-0.9659258262890682,3,0
2013-05-23 12:00:00,96.0,122.0,0.0,0.0,52.0,12.0,282.0,4.0,1.2246467991473532e-16,-1.0,3,0
2013-05-23 13:00:00,0.0,0.0,0.0,0.0,0.0,0.0,0.0,0.0,-0.2588190451025208,-0.9659258262890683,3,1
2013-05-23 14:00:00,0.0,0.0,0.0,0.0,0.0,0.0,0.0,0.0,-0.4999999999999997,-0.8660254037844388,3,1
2013-05-23 15:00:00,0.0,0.0,0.0,0.0,0.0,0.0,0.0,0.0,-0.7071067811865471,-0.7071067811865479,3,1
2013-05-23 16:00:00,124.0,0.0,10.0,36.0,106.0,10.0,286.0,5.0,-0.8660254037844385,-0.5000000000000004,3,0
2013-05-23 17:00:00,0.0,18.0,0.0,0.0,36.0,6.0,60.0,3.0,-0.9659258262890683,-0.25881904510252063,3,0
2013-05-23 18:00:00,0.0,0.0,0.0,0.0,0.0,0.0,0.0,0.0,-1.0,-1.8369701987210297e-16,3,1
2013-05-23 19:00:00,0.0,0.0,0.0,2.0,48.0,6.0,56.0,3.0,-0.9659258262890684,0.2588190451025203,3,0
2013-05-23 20:00:00,6.0,214.0,6.0,22.0,46.0,0.0,294.0,5.0,-0.8660254037844386,0.5000000000000001,3,0
2013-05-23 21:00:00,0.0,0.0,2.0,66.0,16.0,0.0,84.0,3.0,-0.7071067811865477,0.7071067811865474,3,0
2013-05-23 22:00:00,24.0,0.0,0.0,2.0,126.0,0.0,152.0,3.0,-0.5000000000000004,0.8660254037844384,3,0
2013-05-23 23:00:00,46.0,138.0,2.0,50.0,188.0,10.0,434.0,6.0,-0.25881904510252157,0.9659258262890681,3,0
2013-05-24 00:00:00,0.0,4.0,0.0,0.0,0.0,0.0,4.0,1.0,0.0,1.0,4,0
2013-05-24 01:00:00,0.0,0.0,0.0,0.0,0.0,0.0,0.0,0.0,0.25881904510252074,0.9659258262890683,4,1
2013-05-24 02:00:00,2.0,20.0,0.0,0.0,0.0,0.0,22.0,2.0,0.49999999999999994,0.8660254037844387,4,0
2013-05-24 03:00:00,0.0,0.0,0.0,0.0,0.0,0.0,0.0,0.0,0.7071067811865476,0.7071067811865476,4,1
2013-05-24 04:00:00,0.0,4.0,0.0,0.0,0.0,0.0,4.0,1.0,0.8660254037844386,0.5000000000000001,4,0
2013-05-24 05:00:00,0.0,4.0,0.0,0.0,0.0,0.0,4.0,1.0,0.9659258262890683,0.25881904510252074,4,0
2013-05-24 06:00:00,0.0,18.0,0.0,0.0,0.0,0.0,18.0,1.0,1.0,6.123233995736766e-17,4,0
2013-05-24 07:00:00,0.0,6.0,0.0,0.0,0.0,0.0,6.0,1.0,0.9659258262890683,-0.25881904510252063,4,0
2013-05-24 08:00:00,50.0,52.0,4.0,50.0,68.0,12.0,236.0,6.0,0.8660254037844387,-0.4999999999999998,4,0
2013-05-24 09:00:00,167.0,56.0,10.0,180.0,104.0,2.0,519.0,6.0,0.7071067811865476,-0.7071067811865475,4,0
2013-05-24 10:00:00,79.0,172.0,2.0,12.0,60.0,12.0,337.0,6.0,0.49999999999999994,-0.8660254037844387,4,0
2013-05-24 11:00:00,0.0,0.0,0.0,0.0,20.0,12.0,32.0,2.0,0.258819045102521,-0.9659258262890682,4,0
2013-05-24 12:00:00,58.0,4.0,16.0,142.0,124.0,24.0,368.0,6.0,1.2246467991473532e-16,-1.0,4,0
2013-05-24 13:00:00,0.0,0.0,4.0,34.0,42.0,12.0,92.0,4.0,-0.2588190451025208,-0.9659258262890683,4,0
2013-05-24 14:00:00,0.0,0.0,0.0,0.0,18.0,4.0,22.0,2.0,-0.4999999999999997,-0.8660254037844388,4,0
2013-05-24 15:00:00,0.0,0.0,4.0,114.0,72.0,0.0,190.0,3.0,-0.7071067811865471,-0.7071067811865479,4,0
2013-05-24 16:00:00,82.0,0.0,12.0,174.0,74.0,4.0,346.0,5.0,-0.8660254037844385,-0.5000000000000004,4,0
2013-05-24 17:00:00,0.0,0.0,0.0,0.0,48.0,8.0,56.0,2.0,-0.9659258262890683,-0.25881904510252063,4,0
2013-05-24 18:00:00,0.0,0.0,0.0,0.0,0.0,0.0,0.0,0.0,-1.0,-1.8369701987210297e-16,4,1
2013-05-24 19:00:00,0.0,0.0,0.0,0.0,14.0,8.0,22.0,2.0,-0.9659258262890684,0.2588190451025203,4,0
2013-05-24 20:00:00,0.0,0.0,4.0,30.0,30.0,0.0,64.0,3.0,-0.8660254037844386,0.5000000000000001,4,0
2013-05-24 21:00:00,0.0,0.0,0.0,0.0,10.0,0.0,10.0,1.0,-0.7071067811865477,0.7071067811865474,4,0
2013-05-24 22:00:00,0.0,0.0,0.0,2.0,30.0,0.0,32.0,2.0,-0.5000000000000004,0.8660254037844384,4,0
2013-05-24 23:00:00,26.0,4.0,0.0,18.0,54.0,8.0,110.0,5.0,-0.25881904510252157,0.9659258262890681,4,0
2013-05-25 00:00:00,46.0,274.0,4.0,30.0,20.0,2.0,376.0,6.0,0.0,1.0,5,0
2013-05-25 01:00:00,0.0,8.0,0.0,0.0,0.0,0.0,8.0,1.0,0.25881904510252074,0.9659258262890683,5,0
2013-05-25 02:00:00,0.0,12.0,0.0,0.0,0.0,0.0,12.0,1.0,0.49999999999999994,0.8660254037844387,5,0
2013-05-25 03:00:00,0.0,12.0,0.0,0.0,0.0,0.0,12.0,1.0,0.7071067811865476,0.7071067811865476,5,0
2013-05-25 04:00:00,30.0,76.0,0.0,0.0,0.0,0.0,106.0,2.0,0.8660254037844386,0.5000000000000001,5,0
2013-05-25 05:00:00,0.0,2.0,0.0,0.0,0.0,0.0,2.0,1.0,0.9659258262890683,0.25881904510252074,5,0
2013-05-25 06:00:00,0.0,14.0,0.0,0.0,0.0,0.0,14.0,1.0,1.0,6.123233995736766e-17,5,0
2013-05-25 07:00:00,0.0,2.0,0.0,0.0,0.0,0.0,2.0,1.0,0.9659258262890683,-0.25881904510252063,5,0
2013-05-25 08:00:00,190.0,144.0,10.0,78.0,48.0,12.0,482.0,6.0,0.8660254037844387,-0.4999999999999998,5,0
2013-05-25 09:00:00,0.0,0.0,0.0,0.0,0.0,0.0,0.0,0.0,0.7071067811865476,-0.7071067811865475,5,1
2013-05-25 10:00:00,0.0,0.0,0.0,0.0,70.0,8.0,78.0,2.0,0.49999999999999994,-0.8660254037844387,5,0
2013-05-25 11:00:00,0.0,0.0,0.0,0.0,10.0,0.0,10.0,1.0,0.258819045102521,-0.9659258262890682,5,0
2013-05-25 12:00:00,60.0,368.0,22.0,116.0,130.0,0.0,696.0,5.0,1.2246467991473532e-16,-1.0,5,0
2013-05-25 13:00:00,0.0,0.0,6.0,94.0,54.0,0.0,154.0,3.0,-0.2588190451025208,-0.9659258262890683,5,0
2013-05-25 14:00:00,0.0,0.0,0.0,2.0,4.0,0.0,6.0,2.0,-0.4999999999999997,-0.8660254037844388,5,0
2013-05-25 15:00:00,32.0,4.0,10.0,106.0,78.0,20.0,250.0,6.0,-0.7071067811865471,-0.7071067811865479,5,0
2013-05-25 16:00:00,0.0,0.0,0.0,0.0,14.0,0.0,14.0,1.0,-0.8660254037844385,-0.5000000000000004,5,0
2013-05-25 17:00:00,52.0,6.0,0.0,0.0,56.0,10.0,124.0,4.0,-0.9659258262890683,-0.25881904510252063,5,0
2013-05-25 18:00:00,0.0,0.0,0.0,0.0,0.0,0.0,0.0,0.0,-1.0,-1.8369701987210297e-16,5,1
2013-05-25 19:00:00,46.0,0.0,0.0,2.0,26.0,6.0,80.0,4.0,-0.9659258262890684,0.2588190451025203,5,0
2013-05-25 20:00:00,0.0,0.0,0.0,0.0,2.0,0.0,2.0,1.0,-0.8660254037844386,0.5000000000000001,5,0
2013-05-25 21:00:00,0.0,0.0,0.0,0.0,10.0,0.0,10.0,1.0,-0.7071067811865477,0.7071067811865474,5,0
2013-05-25 22:00:00,0.0,0.0,4.0,122.0,64.0,0.0,190.0,3.0,-0.5000000000000004,0.8660254037844384,5,0
2013-05-25 23:00:00,140.0,212.0,6.0,16.0,116.0,12.0,502.0,6.0,-0.25881904510252157,0.9659258262890681,5,0
2013-05-26 00:00:00,0.0,2.0,0.0,0.0,0.0,0.0,2.0,1.0,0.0,1.0,6,0
2013-05-26 01:00:00,0.0,2.0,0.0,0.0,0.0,0.0,2.0,1.0,0.25881904510252074,0.9659258262890683,6,0
2013-05-26 02:00:00,0.0,6.0,0.0,0.0,0.0,0.0,6.0,1.0,0.49999999999999994,0.8660254037844387,6,0
2013-05-26 03:00:00,0.0,0.0,0.0,0.0,0.0,0.0,0.0,0.0,0.7071067811865476,0.7071067811865476,6,1
2013-05-26 04:00:00,0.0,4.0,0.0,0.0,0.0,2.0,6.0,2.0,0.8660254037844386,0.5000000000000001,6,0
2013-05-26 05:00:00,0.0,8.0,0.0,0.0,0.0,0.0,8.0,1.0,0.9659258262890683,0.25881904510252074,6,0
2013-05-26 06:00:00,0.0,4.0,0.0,0.0,0.0,0.0,4.0,1.0,1.0,6.123233995736766e-17,6,0
2013-05-26 07:00:00,30.0,98.0,8.0,62.0,82.0,16.0,296.0,6.0,0.9659258262890683,-0.25881904510252063,6,0
2013-05-26 08:00:00,0.0,0.0,0.0,0.0,66.0,0.0,66.0,1.0,0.8660254037844387,-0.4999999999999998,6,0
2013-05-26 09:00:00,126.0,0.0,6.0,174.0,166.0,4.0,476.0,5.0,0.7071067811865476,-0.7071067811865475,6,0
2013-05-26 10:00:00,0.0,0.0,6.0,272.0,78.0,0.0,356.0,3.0,0.49999999999999994,-0.8660254037844387,6,0
2013-05-26 11:00:00,34.0,212.0,6.0,128.0,220.0,6.0,606.0,6.0,0.258819045102521,-0.9659258262890682,6,0
2013-05-26 12:00:00,372.0,202.0,2.0,2.0,164.0,10.0,752.0,6.0,1.2246467991473532e-16,-1.0,6,0
2013-05-26 13:00:00,16.0,82.0,2.0,6.0,110.0,20.0,236.0,6.0,-0.2588190451025208,-0.9659258262890683,6,0
2013-05-26 14:00:00,32.0,2.0,14.0,350.0,78.0,20.0,496.0,6.0,-0.4999999999999997,-0.8660254037844388,6,0
2013-05-26 15:00:00,0.0,0.0,4.0,56.0,66.0,26.0,152.0,4.0,-0.7071067811865471,-0.7071067811865479,6,0
2013-05-26 16:00:00,0.0,0.0,0.0,0.0,106.0,12.0,118.0,2.0,-0.8660254037844385,-0.5000000000000004,6,0
2013-05-26 17:00:00,60.0,22.0,0.0,0.0,88.0,20.0,190.0,4.0,-0.9659258262890683,-0.25881904510252063,6,0
2013-05-26 18:00:00,0.0,0.0,0.0,0.0,0.0,0.0,0.0,0.0,-1.0,-1.8369701987210297e-16,6,1
2013-05-26 19:00:00,0.0,0.0,4.0,30.0,26.0,8.0,68.0,4.0,-0.9659258262890684,0.2588190451025203,6,0
2013-05-26 20:00:00,0.0,0.0,0.0,0.0,8.0,0.0,8.0,1.0,-0.8660254037844386,0.5000000000000001,6,0
2013-05-26 21:00:00,30.0,4.0,0.0,0.0,76.0,4.0,114.0,4.0,-0.7071067811865477,0.7071067811865474,6,0
2013-05-26 22:00:00,0.0,0.0,6.0,124.0,40.0,0.0,170.0,3.0,-0.5000000000000004,0.8660254037844384,6,0
2013-05-26 23:00:00,0.0,0.0,6.0,26.0,62.0,0.0,94.0,3.0,-0.25881904510252157,0.9659258262890681,6,0
2013-05-27 00:00:00,72.0,394.0,0.0,0.0,30.0,10.0,506.0,4.0,0.0,1.0,0,0
2013-05-27 01:00:00,0.0,0.0,0.0,0.0,0.0,0.0,0.0,0.0,0.25881904510252074,0.9659258262890683,0,1
2013-05-27 02:00:00,0.0,0.0,0.0,0.0,0.0,0.0,0.0,0.0,0.49999999999999994,0.8660254037844387,0,1
2013-05-27 03:00:00,0.0,2.0,0.0,0.0,0.0,0.0,2.0,1.0,0.7071067811865476,0.7071067811865476,0,0
2013-05-27 04:00:00,0.0,2.0,0.0,0.0,0.0,0.0,2.0,1.0,0.8660254037844386,0.5000000000000001,0,0
2013-05-27 05:00:00,0.0,2.0,0.0,2.0,0.0,0.0,4.0,2.0,0.9659258262890683,0.25881904510252074,0,0
2013-05-27 06:00:00,0.0,4.0,0.0,0.0,0.0,0.0,4.0,1.0,1.0,6.123233995736766e-17,0,0
2013-05-27 07:00:00,42.0,74.0,2.0,42.0,40.0,18.0,218.0,6.0,0.9659258262890683,-0.25881904510252063,0,0
2013-05-27 08:00:00,0.0,0.0,10.0,267.0,96.0,0.0,373.0,3.0,0.8660254037844387,-0.4999999999999998,0,0
2013-05-27 09:00:00,0.0,0.0,0.0,15.0,36.0,0.0,51.0,2.0,0.7071067811865476,-0.7071067811865475,0,0
2013-05-27 10:00:00,144.0,170.0,4.0,66.0,80.0,2.0,466.0,6.0,0.49999999999999994,-0.8660254037844387,0,0
2013-05-27 11:00:00,216.0,98.0,0.0,0.0,48.0,8.0,370.0,4.0,0.258819045102521,-0.9659258262890682,0,0
2013-05-27 12:00:00,44.0,0.0,0.0,0.0,44.0,10.0,98.0,3.0,1.2246467991473532e-16,-1.0,0,0
2013-05-27 13:00:00,0.0,0.0,8.0,320.0,52.0,0.0,380.0,3.0,-0.2588190451025208,-0.9659258262890683,0,0
2013-05-27 14:00:00,0.0,0.0,0.0,0.0,0.0,0.0,0.0,0.0,-0.4999999999999997,-0.8660254037844388,0,1
2013-05-27 15:00:00,24.0,0.0,4.0,38.0,54.0,0.0,120.0,4.0,-0.7071067811865471,-0.7071067811865479,0,0
2013-05-27 16:00:00,0.0,0.0,0.0,0.0,4.0,0.0,4.0,1.0,-0.8660254037844385,-0.5000000000000004,0,0
2013-05-27 17:00:00,58.0,8.0,0.0,0.0,82.0,12.0,160.0,4.0,-0.9659258262890683,-0.25881904510252063,0,0
2013-05-27 18:00:00,0.0,0.0,0.0,0.0,0.0,0.0,0.0,0.0,-1.0,-1.8369701987210297e-16,0,1
2013-05-27 19:00:00,50.0,0.0,0.0,0.0,82.0,18.0,150.0,3.0,-0.9659258262890684,0.2588190451025203,0,0
2013-05-27 20:00:00,0.0,0.0,0.0,0.0,0.0,0.0,0.0,0.0,-0.8660254037844386,0.5000000000000001,0,1
2013-05-27 21:00:00,0.0,0.0,0.0,0.0,20.0,0.0,20.0,1.0,-0.7071067811865477,0.7071067811865474,0,0
2013-05-27 22:00:00,0.0,0.0,6.0,274.0,96.0,0.0,376.0,3.0,-0.5000000000000004,0.8660254037844384,0,0
2013-05-27 23:00:00,0.0,0.0,0.0,0.0,146.0,0.0,146.0,1.0,-0.25881904510252157,0.9659258262890681,0,0
2013-05-28 00:00:00,24.0,174.0,6.0,58.0,172.0,14.0,448.0,6.0,0.0,1.0,1,0
2013-05-28 01:00:00,0.0,2.0,0.0,0.0,0.0,0.0,2.0,1.0,0.25881904510252074,0.9659258262890683,1,0
2013-05-28 02:00:00,0.0,4.0,0.0,0.0,0.0,0.0,4.0,1.0,0.49999999999999994,0.8660254037844387,1,0
2013-05-28 03:00:00,0.0,6.0,0.0,0.0,0.0,0.0,6.0,1.0,0.7071067811865476,0.7071067811865476,1,0
2013-05-28 04:00:00,0.0,8.0,0.0,0.0,0.0,0.0,8.0,1.0,0.8660254037844386,0.5000000000000001,1,0
2013-05-28 05:00:00,0.0,8.0,0.0,0.0,0.0,0.0,8.0,1.0,0.9659258262890683,0.25881904510252074,1,0
2013-05-28 06:00:00,0.0,2.0,0.0,0.0,2.0,0.0,4.0,2.0,1.0,6.123233995736766e-17,1,0
2013-05-28 07:00:00,0.0,2.0,0.0,0.0,0.0,0.0,2.0,1.0,0.9659258262890683,-0.25881904510252063,1,0
2013-05-28 08:00:00,38.0,44.0,6.0,42.0,44.0,18.0,192.0,6.0,0.8660254037844387,-0.4999999999999998,1,0
2013-05-28 09:00:00,0.0,0.0,0.0,0.0,62.0,0.0,62.0,1.0,0.7071067811865476,-0.7071067811865475,1,0
2013-05-28 10:00:00,30.0,2.0,6.0,288.0,82.0,2.0,410.0,6.0,0.49999999999999994,-0.8660254037844387,1,0
2013-05-28 11:00:00,0.0,0.0,0.0,0.0,56.0,0.0,56.0,1.0,0.258819045102521,-0.9659258262890682,1,0
2013-05-28 12:00:00,39.0,116.0,4.0,54.0,90.0,2.0,305.0,6.0,1.2246467991473532e-16,-1.0,1,0
2013-05-28 13:00:00,271.0,100.0,10.0,4.0,46.0,20.0,451.0,6.0,-0.2588190451025208,-0.9659258262890683,1,0
2013-05-28 14:00:00,0.0,0.0,8.0,308.0,54.0,0.0,370.0,3.0,-0.4999999999999997,-0.8660254037844388,1,0
2013-05-28 15:00:00,0.0,0.0,0.0,0.0,112.0,16.0,128.0,2.0,-0.7071067811865471,-0.7071067811865479,1,0
2013-05-28 16:00:00,44.0,30.0,2.0,52.0,94.0,2.0,224.0,6.0,-0.8660254037844385,-0.5000000000000004,1,0
2013-05-28 17:00:00,0.0,0.0,0.0,0.0,24.0,8.0,32.0,2.0,-0.9659258262890683,-0.25881904510252063,1,0
2013-05-28 18:00:00,0.0,0.0,0.0,0.0,0.0,0.0,0.0,0.0,-1.0,-1.8369701987210297e-16,1,1
2013-05-28 19:00:00,6.0,0.0,0.0,0.0,42.0,14.0,62.0,3.0,-0.9659258262890684,0.2588190451025203,1,0
2013-05-28 20:00:00,32.0,0.0,130.0,2.0,62.0,2.0,228.0,5.0,-0.8660254037844386,0.5000000000000001,1,0
2013-05-28 21:00:00,0.0,0.0,8.0,0.0,166.0,0.0,174.0,2.0,-0.7071067811865477,0.7071067811865474,1,0
2013-05-28 22:00:00,0.0,0.0,6.0,178.0,32.0,0.0,216.0,3.0,-0.5000000000000004,0.8660254037844384,1,0
2013-05-28 23:00:00,0.0,0.0,0.0,2.0,66.0,0.0,68.0,2.0,-0.25881904510252157,0.9659258262890681,1,0
2013-05-29 00:00:00,0.0,0.0,0.0,0.0,50.0,0.0,50.0,1.0,0.0,1.0,2,0
2013-05-29 01:00:00,52.0,232.0,4.0,14.0,74.0,16.0,392.0,6.0,0.25881904510252074,0.9659258262890683,2,0
2013-05-29 02:00:00,0.0,8.0,0.0,0.0,0.0,0.0,8.0,1.0,0.49999999999999994,0.8660254037844387,2,0
2013-05-29 03:00:00,0.0,8.0,0.0,0.0,0.0,0.0,8.0,1.0,0.7071067811865476,0.7071067811865476,2,0
2013-05-29 04:00:00,0.0,12.0,0.0,0.0,0.0,0.0,12.0,1.0,0.8660254037844386,0.5000000000000001,2,0
2013-05-29 05:00:00,0.0,0.0,0.0,2.0,0.0,0.0,2.0,1.0,0.9659258262890683,0.25881904510252074,2,0
2013-05-29 06:00:00,0.0,0.0,0.0,0.0,0.0,0.0,0.0,0.0,1.0,6.123233995736766e-17,2,1
2013-05-29 07:00:00,0.0,4.0,0.0,0.0,0.0,0.0,4.0,1.0,0.9659258262890683,-0.25881904510252063,2,0
2013-05-29 08:00:00,0.0,12.0,0.0,0.0,0.0,0.0,12.0,1.0,0.8660254037844387,-0.4999999999999998,2,0
2013-05-29 09:00:00,46.0,74.0,12.0,44.0,78.0,20.0,274.0,6.0,0.7071067811865476,-0.7071067811865475,2,0
2013-05-29 10:00:00,0.0,0.0,0.0,15.0,52.0,0.0,67.0,2.0,0.49999999999999994,-0.8660254037844387,2,0
2013-05-29 11:00:00,58.0,0.0,4.0,269.0,84.0,0.0,415.0,4.0,0.258819045102521,-0.9659258262890682,2,0
2013-05-29 12:00:00,136.0,132.0,4.0,36.0,166.0,0.0,474.0,5.0,1.2246467991473532e-16,-1.0,2,0
2013-05-29 13:00:00,144.0,90.0,26.0,22.0,158.0,16.0,456.0,6.0,-0.2588190451025208,-0.9659258262890683,2,0
2013-05-29 14:00:00,0.0,0.0,0.0,0.0,44.0,0.0,44.0,1.0,-0.4999999999999997,-0.8660254037844388,2,0
2013-05-29 15:00:00,32.0,100.0,28.0,170.0,238.0,40.0,608.0,6.0,-0.7071067811865471,-0.7071067811865479,2,0
2013-05-29 16:00:00,0.0,0.0,2.0,2.0,62.0,0.0,66.0,3.0,-0.8660254037844385,-0.5000000000000004,2,0
2013-05-29 17:00:00,0.0,0.0,188.0,46.0,26.0,0.0,260.0,3.0,-0.9659258262890683,-0.25881904510252063,2,0
2013-05-29 18:00:00,0.0,0.0,14.0,444.0,66.0,0.0,524.0,3.0,-1.0,-1.8369701987210297e-16,2,0
2013-05-29 19:00:00,0.0,0.0,2.0,98.0,196.0,0.0,296.0,3.0,-0.9659258262890684,0.2588190451025203,2,0
2013-05-29 20:00:00,0.0,0.0,16.0,58.0,52.0,0.0,126.0,3.0,-0.8660254037844386,0.5000000000000001,2,0
2013-05-29 21:00:00,0.0,0.0,0.0,2.0,204.0,0.0,206.0,2.0,-0.7071067811865477,0.7071067811865474,2,0
2013-05-29 22:00:00,30.0,0.0,10.0,112.0,188.0,12.0,352.0,5.0,-0.5000000000000004,0.8660254037844384,2,0
2013-05-29 23:00:00,0.0,0.0,0.0,0.0,190.0,0.0,190.0,1.0,-0.25881904510252157,0.9659258262890681,2,0
2013-05-30 00:00:00,42.0,216.0,6.0,0.0,34.0,12.0,310.0,5.0,0.0,1.0,3,0
2013-05-30 01:00:00,0.0,2.0,0.0,0.0,0.0,0.0,2.0,1.0,0.25881904510252074,0.9659258262890683,3,0
2013-05-30 02:00:00,0.0,0.0,0.0,0.0,0.0,0.0,0.0,0.0,0.49999999999999994,0.8660254037844387,3,1
2013-05-30 03:00:00,0.0,0.0,0.0,0.0,0.0,0.0,0.0,0.0,0.7071067811865476,0.7071067811865476,3,1
2013-05-30 04:00:00,0.0,0.0,0.0,0.0,0.0,0.0,0.0,0.0,0.8660254037844386,0.5000000000000001,3,1
2013-05-30 05:00:00,0.0,10.0,0.0,0.0,0.0,0.0,10.0,1.0,0.9659258262890683,0.25881904510252074,3,0
2013-05-30 06:00:00,0.0,6.0,0.0,0.0,0.0,0.0,6.0,1.0,1.0,6.123233995736766e-17,3,0
2013-05-30 07:00:00,0.0,0.0,0.0,0.0,0.0,0.0,0.0,0.0,0.9659258262890683,-0.25881904510252063,3,1
2013-05-30 08:00:00,30.0,74.0,4.0,34.0,94.0,20.0,256.0,6.0,0.8660254037844387,-0.4999999999999998,3,0
2013-05-30 09:00:00,0.0,0.0,6.0,218.0,78.0,0.0,302.0,3.0,0.7071067811865476,-0.7071067811865475,3,0
2013-05-30 10:00:00,278.0,269.0,18.0,34.0,86.0,2.0,687.0,6.0,0.49999999999999994,-0.8660254037844387,3,0
2013-05-30 11:00:00,0.0,87.0,0.0,0.0,44.0,0.0,131.0,2.0,0.258819045102521,-0.9659258262890682,3,0
2013-05-30 12:00:00,60.0,24.0,0.0,0.0,102.0,14.0,200.0,4.0,1.2246467991473532e-16,-1.0,3,0
2013-05-30 13:00:00,0.0,0.0,0.0,0.0,0.0,0.0,0.0,0.0,-0.2588190451025208,-0.9659258262890683,3,1
2013-05-30 14:00:00,24.0,0.0,12.0,148.0,76.0,14.0,274.0,5.0,-0.4999999999999997,-0.8660254037844388,3,0
2013-05-30 15:00:00,0.0,2.0,0.0,34.0,28.0,8.0,72.0,4.0,-0.7071067811865471,-0.7071067811865479,3,0
2013-05-30 16:00:00,32.0,0.0,6.0,32.0,68.0,18.0,156.0,5.0,-0.8660254037844385,-0.5000000000000004,3,0
2013-05-30 17:00:00,0.0,0.0,0.0,0.0,28.0,8.0,36.0,2.0,-0.9659258262890683,-0.25881904510252063,3,0
2013-05-30 18:00:00,0.0,0.0,0.0,0.0,0.0,0.0,0.0,0.0,-1.0,-1.8369701987210297e-16,3,1
2013-05-30 19:00:00,0.0,0.0,4.0,12.0,28.0,8.0,52.0,4.0,-0.9659258262890684,0.2588190451025203,3,0
2013-05-30 20:00:00,0.0,0.0,0.0,0.0,26.0,0.0,26.0,1.0,-0.8660254037844386,0.5000000000000001,3,0
2013-05-30 21:00:00,0.0,0.0,0.0,0.0,0.0,0.0,0.0,0.0,-0.7071067811865477,0.7071067811865474,3,1
2013-05-30 22:00:00,0.0,0.0,0.0,0.0,50.0,0.0,50.0,1.0,-0.5000000000000004,0.8660254037844384,3,0
2013-05-30 23:00:00,98.0,204.0,8.0,40.0,136.0,8.0,494.0,6.0,-0.25881904510252157,0.9659258262890681,3,0
2013-05-31 00:00:00,0.0,6.0,0.0,0.0,0.0,0.0,6.0,1.0,0.0,1.0,4,0
2013-05-31 01:00:00,0.0,0.0,0.0,0.0,0.0,0.0,0.0,0.0,0.25881904510252074,0.9659258262890683,4,1
2013-05-31 02:00:00,0.0,2.0,0.0,0.0,0.0,0.0,2.0,1.0,0.49999999999999994,0.8660254037844387,4,0
2013-05-31 03:00:00,0.0,6.0,0.0,0.0,0.0,0.0,6.0,1.0,0.7071067811865476,0.7071067811865476,4,0
2013-05-31 04:00:00,0.0,0.0,0.0,0.0,0.0,0.0,0.0,0.0,0.8660254037844386,0.5000000000000001,4,1
2013-05-31 05:00:00,0.0,0.0,0.0,0.0,0.0,0.0,0.0,0.0,0.9659258262890683,0.25881904510252074,4,1
2013-05-31 06:00:00,30.0,104.0,8.0,46.0,94.0,14.0,296.0,6.0,1.0,6.123233995736766e-17,4,0
2013-05-31 07:00:00,24.0,0.0,6.0,248.0,100.0,0.0,378.0,4.0,0.9659258262890683,-0.25881904510252063,4,0
2013-05-31 08:00:00,125.0,154.0,4.0,44.0,134.0,2.0,463.0,6.0,0.8660254037844387,-0.4999999999999998,4,0
2013-05-31 09:00:00,225.0,96.0,6.0,2.0,56.0,12.0,397.0,6.0,0.7071067811865476,-0.7071067811865475,4,0
2013-05-31 10:00:00,0.0,0.0,0.0,2.0,0.0,0.0,2.0,1.0,0.49999999999999994,-0.8660254037844387,4,0
2013-05-31 11:00:00,28.0,6.0,8.0,279.0,66.0,28.0,415.0,6.0,0.258819045102521,-0.9659258262890682,4,0
2013-05-31 12:00:00,24.0,4.0,84.0,85.0,58.0,6.0,261.0,6.0,1.2246467991473532e-16,-1.0,4,0
2013-05-31 13:00:00,0.0,0.0,10.0,4.0,36.0,8.0,58.0,4.0,-0.2588190451025208,-0.9659258262890683,4,0
2013-05-31 14:00:00,0.0,0.0,0.0,0.0,0.0,0.0,0.0,0.0,-0.4999999999999997,-0.8660254037844388,4,1
2013-05-31 15:00:00,26.0,0.0,4.0,8.0,108.0,28.0,174.0,5.0,-0.7071067811865471,-0.7071067811865479,4,0
2013-05-31 16:00:00,74.0,4.0,0.0,0.0,40.0,12.0,130.0,4.0,-0.8660254037844385,-0.5000000000000004,4,0
2013-05-31 17:00:00,0.0,0.0,4.0,10.0,52.0,6.0,72.0,4.0,-0.9659258262890683,-0.25881904510252063,4,0
2013-05-31 18:00:00,0.0,2.0,4.0,504.0,36.0,0.0,546.0,4.0,-1.0,-1.8369701987210297e-16,4,0
2013-05-31 19:00:00,0.0,0.0,0.0,0.0,108.0,0.0,108.0,1.0,-0.9659258262890684,0.2588190451025203,4,0
2013-05-31 20:00:00,22.0,4.0,4.0,150.0,88.0,4.0,272.0,6.0,-0.8660254037844386,0.5000000000000001,4,0
2013-05-31 21:00:00,0.0,0.0,6.0,22.0,22.0,0.0,50.0,3.0,-0.7071067811865477,0.7071067811865474,4,0
2013-05-31 22:00:00,0.0,0.0,0.0,0.0,10.0,0.0,10.0,1.0,-0.5000000000000004,0.8660254037844384,4,0
2013-05-31 23:00:00,82.0,164.0,0.0,0.0,44.0,2.0,292.0,4.0,-0.25881904510252157,0.9659258262890681,4,0
2013-06-01 00:00:00,0.0,8.0,0.0,0.0,0.0,0.0,8.0,1.0,0.0,1.0,5,0
2013-06-01 01:00:00,0.0,4.0,0.0,0.0,0.0,0.0,4.0,1.0,0.25881904510252074,0.9659258262890683,5,0
2013-06-01 02:00:00,0.0,0.0,0.0,0.0,0.0,0.0,0.0,0.0,0.49999999999999994,0.8660254037844387,5,1
2013-06-01 03:00:00,0.0,0.0,0.0,0.0,0.0,0.0,0.0,0.0,0.7071067811865476,0.7071067811865476,5,1
2013-06-01 04:00:00,0.0,0.0,0.0,0.0,0.0,0.0,0.0,0.0,0.8660254037844386,0.5000000000000001,5,1
2013-06-01 05:00:00,0.0,0.0,0.0,0.0,0.0,0.0,0.0,0.0,0.9659258262890683,0.25881904510252074,5,1
2013-06-01 06:00:00,0.0,0.0,0.0,2.0,0.0,0.0,2.0,1.0,1.0,6.123233995736766e-17,5,0
2013-06-01 07:00:00,278.0,179.0,0.0,0.0,0.0,0.0,457.0,2.0,0.9659258262890683,-0.25881904510252063,5,0
2013-06-01 08:00:00,46.0,87.0,10.0,60.0,18.0,18.0,239.0,6.0,0.8660254037844387,-0.4999999999999998,5,0
2013-06-01 09:00:00,32.0,0.0,0.0,0.0,28.0,6.0,66.0,3.0,0.7071067811865476,-0.7071067811865475,5,0
2013-06-01 10:00:00,0.0,0.0,0.0,0.0,22.0,0.0,22.0,1.0,0.49999999999999994,-0.8660254037844387,5,0
2013-06-01 11:00:00,32.0,0.0,112.0,80.0,110.0,4.0,338.0,5.0,0.258819045102521,-0.9659258262890682,5,0
2013-06-01 12:00:00,0.0,0.0,0.0,0.0,18.0,0.0,18.0,1.0,1.2246467991473532e-16,-1.0,5,0
2013-06-01 13:00:00,0.0,0.0,6.0,172.0,112.0,24.0,314.0,4.0,-0.2588190451025208,-0.9659258262890683,5,0
2013-06-01 14:00:00,42.0,0.0,10.0,138.0,74.0,12.0,276.0,5.0,-0.4999999999999997,-0.8660254037844388,5,0
2013-06-01 15:00:00,0.0,0.0,0.0,0.0,110.0,0.0,110.0,1.0,-0.7071067811865471,-0.7071067811865479,5,0
2013-06-01 16:00:00,22.0,0.0,40.0,182.0,114.0,24.0,382.0,5.0,-0.8660254037844385,-0.5000000000000004,5,0
2013-06-01 17:00:00,0.0,0.0,0.0,0.0,32.0,8.0,40.0,2.0,-0.9659258262890683,-0.25881904510252063,5,0
2013-06-01 18:00:00,0.0,0.0,0.0,2.0,0.0,0.0,2.0,1.0,-1.0,-1.8369701987210297e-16,5,0
2013-06-01 19:00:00,0.0,0.0,22.0,66.0,72.0,8.0,168.0,4.0,-0.9659258262890684,0.2588190451025203,5,0
2013-06-01 20:00:00,0.0,0.0,0.0,0.0,16.0,0.0,16.0,1.0,-0.8660254037844386,0.5000000000000001,5,0
2013-06-01 21:00:00,0.0,0.0,8.0,0.0,32.0,0.0,40.0,2.0,-0.7071067811865477,0.7071067811865474,5,0
2013-06-01 22:00:00,0.0,0.0,46.0,52.0,30.0,2.0,130.0,4.0,-0.5000000000000004,0.8660254037844384,5,0
2013-06-01 23:00:00,0.0,0.0,0.0,0.0,4.0,0.0,4.0,1.0,-0.25881904510252157,0.9659258262890681,5,0
2013-06-02 00:00:00,46.0,176.0,0.0,0.0,30.0,10.0,262.0,4.0,0.0,1.0,6,0
2013-06-02 01:00:00,0.0,0.0,0.0,0.0,0.0,0.0,0.0,0.0,0.25881904510252074,0.9659258262890683,6,1
2013-06-02 02:00:00,0.0,0.0,0.0,0.0,0.0,0.0,0.0,0.0,0.49999999999999994,0.8660254037844387,6,1
2013-06-02 03:00:00,0.0,0.0,0.0,0.0,0.0,0.0,0.0,0.0,0.7071067811865476,0.7071067811865476,6,1
2013-06-02 04:00:00,0.0,2.0,0.0,0.0,0.0,0.0,2.0,1.0,0.8660254037844386,0.5000000000000001,6,0
2013-06-02 05:00:00,0.0,2.0,0.0,2.0,0.0,0.0,4.0,2.0,0.9659258262890683,0.25881904510252074,6,0
2013-06-02 06:00:00,0.0,0.0,0.0,0.0,0.0,0.0,0.0,0.0,1.0,6.123233995736766e-17,6,1
2013-06-02 07:00:00,14.0,40.0,0.0,0.0,0.0,0.0,54.0,2.0,0.9659258262890683,-0.25881904510252063,6,0
2013-06-02 08:00:00,20.0,2.0,8.0,50.0,102.0,16.0,198.0,6.0,0.8660254037844387,-0.4999999999999998,6,0
2013-06-02 09:00:00,0.0,2.0,0.0,0.0,86.0,0.0,88.0,2.0,0.7071067811865476,-0.7071067811865475,6,0
2013-06-02 10:00:00,94.0,2.0,8.0,442.0,118.0,2.0,666.0,6.0,0.49999999999999994,-0.8660254037844387,6,0
2013-06-02 11:00:00,84.0,10.0,4.0,104.0,146.0,4.0,352.0,6.0,0.258819045102521,-0.9659258262890682,6,0
2013-06-02 12:00:00,263.0,102.0,0.0,0.0,46.0,2.0,413.0,4.0,1.2246467991473532e-16,-1.0,6,0
2013-06-02 13:00:00,15.0,108.0,4.0,0.0,132.0,28.0,287.0,5.0,-0.2588190451025208,-0.9659258262890683,6,0
2013-06-02 14:00:00,46.0,58.0,0.0,0.0,80.0,20.0,204.0,4.0,-0.4999999999999997,-0.8660254037844388,6,0
2013-06-02 15:00:00,0.0,2.0,8.0,176.0,100.0,14.0,300.0,5.0,-0.7071067811865471,-0.7071067811865479,6,0
2013-06-02 16:00:00,38.0,100.0,0.0,0.0,200.0,36.0,374.0,4.0,-0.8660254037844385,-0.5000000000000004,6,0
2013-06-02 17:00:00,0.0,16.0,0.0,0.0,118.0,24.0,158.0,3.0,-0.9659258262890683,-0.25881904510252063,6,0
2013-06-02 18:00:00,0.0,0.0,0.0,0.0,10.0,10.0,20.0,2.0,-1.0,-1.8369701987210297e-16,6,0
2013-06-02 19:00:00,98.0,2.0,4.0,30.0,72.0,16.0,222.0,6.0,-0.9659258262890684,0.2588190451025203,6,0
2013-06-02 20:00:00,0.0,0.0,0.0,2.0,6.0,0.0,8.0,2.0,-0.8660254037844386,0.5000000000000001,6,0
2013-06-02 21:00:00,0.0,0.0,0.0,0.0,10.0,2.0,12.0,2.0,-0.7071067811865477,0.7071067811865474,6,0
2013-06-02 22:00:00,0.0,0.0,0.0,0.0,6.0,0.0,6.0,1.0,-0.5000000000000004,0.8660254037844384,6,0
2013-06-02 23:00:00,56.0,166.0,16.0,70.0,60.0,14.0,382.0,6.0,-0.25881904510252157,0.9659258262890681,6,0
2013-06-03 00:00:00,0.0,54.0,0.0,0.0,0.0,0.0,54.0,1.0,0.0,1.0,0,0
2013-06-03 01:00:00,0.0,48.0,0.0,0.0,0.0,0.0,48.0,1.0,0.25881904510252074,0.9659258262890683,0,0
2013-06-03 02:00:00,0.0,6.0,0.0,0.0,0.0,0.0,6.0,1.0,0.49999999999999994,0.8660254037844387,0,0
2013-06-03 03:00:00,0.0,10.0,0.0,0.0,0.0,0.0,10.0,1.0,0.7071067811865476,0.7071067811865476,0,0
2013-06-03 04:00:00,0.0,18.0,0.0,0.0,0.0,0.0,18.0,1.0,0.8660254037844386,0.5000000000000001,0,0
2013-06-03 05:00:00,0.0,4.0,0.0,0.0,0.0,0.0,4.0,1.0,0.9659258262890683,0.25881904510252074,0,0
2013-06-03 06:00:00,0.0,0.0,0.0,0.0,2.0,0.0,2.0,1.0,1.0,6.123233995736766e-17,0,0
2013-06-03 07:00:00,0.0,4.0,2.0,0.0,0.0,0.0,6.0,2.0,0.9659258262890683,-0.25881904510252063,0,0
2013-06-03 08:00:00,32.0,50.0,4.0,48.0,46.0,8.0,188.0,6.0,0.8660254037844387,-0.4999999999999998,0,0
2013-06-03 09:00:00,0.0,0.0,10.0,372.0,50.0,0.0,432.0,3.0,0.7071067811865476,-0.7071067811865475,0,0
2013-06-03 10:00:00,0.0,0.0,2.0,16.0,94.0,0.0,112.0,3.0,0.49999999999999994,-0.8660254037844387,0,0
2013-06-03 11:00:00,282.0,256.0,8.0,88.0,176.0,32.0,842.0,6.0,0.258819045102521,-0.9659258262890682,0,0
2013-06-03 12:00:00,36.0,2.0,0.0,0.0,14.0,0.0,52.0,3.0,1.2246467991473532e-16,-1.0,0,0
2013-06-03 13:00:00,0.0,0.0,6.0,72.0,148.0,24.0,250.0,4.0,-0.2588190451025208,-0.9659258262890683,0,0
2013-06-03 14:00:00,146.0,28.0,10.0,46.0,144.0,24.0,398.0,6.0,-0.4999999999999997,-0.8660254037844388,0,0
2013-06-03 15:00:00,24.0,4.0,0.0,0.0,10.0,12.0,50.0,4.0,-0.7071067811865471,-0.7071067811865479,0,0
2013-06-03 16:00:00,26.0,0.0,0.0,0.0,48.0,12.0,86.0,3.0,-0.8660254037844385,-0.5000000000000004,0,0
2013-06-03 17:00:00,0.0,14.0,6.0,6.0,92.0,8.0,126.0,5.0,-0.9659258262890683,-0.25881904510252063,0,0
2013-06-03 18:00:00,0.0,0.0,0.0,0.0,0.0,0.0,0.0,0.0,-1.0,-1.8369701987210297e-16,0,1
2013-06-03 19:00:00,44.0,6.0,0.0,0.0,46.0,8.0,104.0,4.0,-0.9659258262890684,0.2588190451025203,0,0
2013-06-03 20:00:00,0.0,0.0,0.0,2.0,0.0,0.0,2.0,1.0,-0.8660254037844386,0.5000000000000001,0,0
2013-06-03 21:00:00,0.0,0.0,0.0,0.0,8.0,0.0,8.0,1.0,-0.7071067811865477,0.7071067811865474,0,0
2013-06-03 22:00:00,0.0,0.0,0.0,0.0,6.0,0.0,6.0,1.0,-0.5000000000000004,0.8660254037844384,0,0
2013-06-03 23:00:00,40.0,55.0,16.0,104.0,80.0,6.0,301.0,6.0,-0.25881904510252157,0.9659258262890681,0,0
2013-06-04 00:00:00,82.0,349.0,0.0,0.0,0.0,0.0,431.0,2.0,0.0,1.0,1,0
2013-06-04 01:00:00,0.0,4.0,0.0,2.0,0.0,0.0,6.0,2.0,0.25881904510252074,0.9659258262890683,1,0
2013-06-04 02:00:00,0.0,10.0,0.0,2.0,0.0,0.0,12.0,2.0,0.49999999999999994,0.8660254037844387,1,0
2013-06-04 03:00:00,34.0,78.0,0.0,0.0,0.0,0.0,112.0,2.0,0.7071067811865476,0.7071067811865476,1,0
2013-06-04 04:00:00,0.0,4.0,0.0,0.0,0.0,0.0,4.0,1.0,0.8660254037844386,0.5000000000000001,1,0
2013-06-04 05:00:00,0.0,2.0,0.0,0.0,0.0,0.0,2.0,1.0,0.9659258262890683,0.25881904510252074,1,0
2013-06-04 06:00:00,0.0,6.0,0.0,0.0,0.0,0.0,6.0,1.0,1.0,6.123233995736766e-17,1,0
2013-06-04 07:00:00,26.0,42.0,0.0,2.0,0.0,0.0,70.0,3.0,0.9659258262890683,-0.25881904510252063,1,0
2013-06-04 08:00:00,14.0,2.0,10.0,114.0,94.0,16.0,250.0,6.0,0.8660254037844387,-0.4999999999999998,1,0
2013-06-04 09:00:00,0.0,0.0,4.0,238.0,54.0,0.0,296.0,3.0,0.7071067811865476,-0.7071067811865475,1,0
2013-06-04 10:00:00,214.0,274.0,2.0,44.0,30.0,6.0,570.0,6.0,0.49999999999999994,-0.8660254037844387,1,0
2013-06-04 11:00:00,0.0,0.0,4.0,8.0,58.0,8.0,78.0,4.0,0.258819045102521,-0.9659258262890682,1,0
2013-06-04 12:00:00,0.0,0.0,14.0,80.0,78.0,21.0,193.0,4.0,1.2246467991473532e-16,-1.0,1,0
2013-06-04 13:00:00,6.0,0.0,10.0,0.0,210.0,11.0,237.0,4.0,-0.2588190451025208,-0.9659258262890683,1,0
2013-06-04 14:00:00,54.0,0.0,14.0,156.0,50.0,18.0,292.0,5.0,-0.4999999999999997,-0.8660254037844388,1,0
2013-06-04 15:00:00,0.0,0.0,0.0,0.0,28.0,0.0,28.0,1.0,-0.7071067811865471,-0.7071067811865479,1,0
2013-06-04 16:00:00,54.0,0.0,4.0,116.0,52.0,0.0,226.0,4.0,-0.8660254037844385,-0.5000000000000004,1,0
2013-06-04 17:00:00,114.0,22.0,0.0,0.0,36.0,8.0,180.0,4.0,-0.9659258262890683,-0.25881904510252063,1,0
2013-06-04 18:00:00,0.0,0.0,0.0,0.0,0.0,0.0,0.0,0.0,-1.0,-1.8369701987210297e-16,1,1
2013-06-04 19:00:00,0.0,0.0,8.0,30.0,44.0,10.0,92.0,4.0,-0.9659258262890684,0.2588190451025203,1,0
2013-06-04 20:00:00,0.0,0.0,0.0,0.0,4.0,0.0,4.0,1.0,-0.8660254037844386,0.5000000000000001,1,0
2013-06-04 21:00:00,0.0,0.0,0.0,0.0,6.0,0.0,6.0,1.0,-0.7071067811865477,0.7071067811865474,1,0
2013-06-04 22:00:00,0.0,0.0,0.0,0.0,4.0,0.0,4.0,1.0,-0.5000000000000004,0.8660254037844384,1,0
2013-06-04 23:00:00,0.0,0.0,0.0,0.0,30.0,0.0,30.0,1.0,-0.25881904510252157,0.9659258262890681,1,0
2013-06-05 00:00:00,66.0,256.0,2.0,84.0,48.0,8.0,464.0,6.0,0.0,1.0,2,0
2013-06-05 01:00:00,0.0,30.0,0.0,0.0,0.0,0.0,30.0,1.0,0.25881904510252074,0.9659258262890683,2,0
2013-06-05 02:00:00,0.0,8.0,0.0,0.0,0.0,0.0,8.0,1.0,0.49999999999999994,0.8660254037844387,2,0
2013-06-05 03:00:00,0.0,0.0,0.0,0.0,0.0,0.0,0.0,0.0,0.7071067811865476,0.7071067811865476,2,1
2013-06-05 04:00:00,0.0,14.0,0.0,0.0,0.0,0.0,14.0,1.0,0.8660254037844386,0.5000000000000001,2,0
2013-06-05 05:00:00,0.0,0.0,0.0,0.0,0.0,0.0,0.0,0.0,0.9659258262890683,0.25881904510252074,2,1
2013-06-05 06:00:00,0.0,2.0,0.0,2.0,0.0,0.0,4.0,2.0,1.0,6.123233995736766e-17,2,0
2013-06-05 07:00:00,30.0,42.0,4.0,32.0,82.0,16.0,206.0,6.0,0.9659258262890683,-0.25881904510252063,2,0
2013-06-05 08:00:00,0.0,0.0,4.0,346.0,54.0,0.0,404.0,3.0,0.8660254037844387,-0.4999999999999998,2,0
2013-06-05 09:00:00,0.0,0.0,0.0,0.0,16.0,0.0,16.0,1.0,0.7071067811865476,-0.7071067811865475,2,0
2013-06-05 10:00:00,312.0,212.0,16.0,54.0,48.0,2.0,644.0,6.0,0.49999999999999994,-0.8660254037844387,2,0
2013-06-05 11:00:00,0.0,0.0,0.0,0.0,6.0,0.0,6.0,1.0,0.258819045102521,-0.9659258262890682,2,0
2013-06-05 12:00:00,38.0,0.0,2.0,8.0,48.0,20.0,116.0,5.0,1.2246467991473532e-16,-1.0,2,0
2013-06-05 13:00:00,0.0,0.0,4.0,32.0,64.0,0.0,100.0,3.0,-0.2588190451025208,-0.9659258262890683,2,0
2013-06-05 14:00:00,0.0,0.0,0.0,0.0,82.0,14.0,96.0,2.0,-0.4999999999999997,-0.8660254037844388,2,0
2013-06-05 15:00:00,0.0,0.0,0.0,0.0,22.0,10.0,32.0,2.0,-0.7071067811865471,-0.7071067811865479,2,0
2013-06-05 16:00:00,0.0,0.0,0.0,0.0,30.0,4.0,34.0,2.0,-0.8660254037844385,-0.5000000000000004,2,0
2013-06-05 17:00:00,0.0,0.0,0.0,0.0,52.0,20.0,72.0,2.0,-0.9659258262890683,-0.25881904510252063,2,0
2013-06-05 18:00:00,0.0,0.0,0.0,0.0,0.0,0.0,0.0,0.0,-1.0,-1.8369701987210297e-16,2,1
2013-06-05 19:00:00,32.0,0.0,0.0,0.0,50.0,10.0,92.0,3.0,-0.9659258262890684,0.2588190451025203,2,0
2013-06-05 20:00:00,0.0,0.0,0.0,0.0,8.0,0.0,8.0,1.0,-0.8660254037844386,0.5000000000000001,2,0
2013-06-05 21:00:00,0.0,0.0,0.0,2.0,0.0,0.0,2.0,1.0,-0.7071067811865477,0.7071067811865474,2,0
2013-06-05 22:00:00,0.0,0.0,0.0,0.0,0.0,0.0,0.0,0.0,-0.5000000000000004,0.8660254037844384,2,1
2013-06-05 23:00:00,36.0,164.0,2.0,56.0,38.0,4.0,300.0,6.0,-0.25881904510252157,0.9659258262890681,2,0
2013-06-06 00:00:00,0.0,18.0,0.0,0.0,0.0,0.0,18.0,1.0,0.0,1.0,3,0
2013-06-06 01:00:00,0.0,2.0,0.0,0.0,0.0,0.0,2.0,1.0,0.25881904510252074,0.9659258262890683,3,0
2013-06-06 02:00:00,0.0,12.0,0.0,0.0,0.0,0.0,12.0,1.0,0.49999999999999994,0.8660254037844387,3,0
2013-06-06 03:00:00,0.0,2.0,0.0,0.0,0.0,0.0,2.0,1.0,0.7071067811865476,0.7071067811865476,3,0
2013-06-06 04:00:00,0.0,4.0,0.0,0.0,0.0,0.0,4.0,1.0,0.8660254037844386,0.5000000000000001,3,0
2013-06-06 05:00:00,0.0,0.0,0.0,2.0,0.0,0.0,2.0,1.0,0.9659258262890683,0.25881904510252074,3,0
2013-06-06 06:00:00,0.0,6.0,0.0,0.0,0.0,0.0,6.0,1.0,1.0,6.123233995736766e-17,3,0
2013-06-06 07:00:00,0.0,2.0,0.0,0.0,0.0,0.0,2.0,1.0,0.9659258262890683,-0.25881904510252063,3,0
2013-06-06 08:00:00,24.0,38.0,4.0,36.0,52.0,16.0,170.0,6.0,0.8660254037844387,-0.4999999999999998,3,0
2013-06-06 09:00:00,36.0,2.0,4.0,202.0,66.0,4.0,314.0,6.0,0.7071067811865476,-0.7071067811865475,3,0
2013-06-06 10:00:00,147.0,140.0,0.0,0.0,58.0,2.0,347.0,4.0,0.49999999999999994,-0.8660254037844387,3,0
2013-06-06 11:00:00,169.0,140.0,0.0,0.0,36.0,10.0,355.0,4.0,0.258819045102521,-0.9659258262890682,3,0
2013-06-06 12:00:00,0.0,0.0,2.0,30.0,60.0,6.0,98.0,4.0,1.2246467991473532e-16,-1.0,3,0
2013-06-06 13:00:00,0.0,0.0,0.0,0.0,10.0,0.0,10.0,1.0,-0.2588190451025208,-0.9659258262890683,3,0
2013-06-06 14:00:00,26.0,86.0,18.0,126.0,118.0,8.0,382.0,6.0,-0.4999999999999997,-0.8660254037844388,3,0
2013-06-06 15:00:00,0.0,0.0,0.0,0.0,0.0,0.0,0.0,0.0,-0.7071067811865471,-0.7071067811865479,3,1
2013-06-06 16:00:00,42.0,0.0,0.0,0.0,48.0,10.0,100.0,3.0,-0.8660254037844385,-0.5000000000000004,3,0
2013-06-06 17:00:00,0.0,0.0,4.0,280.0,84.0,14.0,382.0,4.0,-0.9659258262890683,-0.25881904510252063,3,0
2013-06-06 18:00:00,0.0,0.0,0.0,0.0,110.0,0.0,110.0,1.0,-1.0,-1.8369701987210297e-16,3,0
2013-06-06 19:00:00,0.0,0.0,0.0,0.0,120.0,0.0,120.0,1.0,-0.9659258262890684,0.2588190451025203,3,0
2013-06-06 20:00:00,0.0,0.0,0.0,2.0,140.0,0.0,142.0,2.0,-0.8660254037844386,0.5000000000000001,3,0
2013-06-06 21:00:00,30.0,2.0,4.0,56.0,162.0,0.0,254.0,5.0,-0.7071067811865477,0.7071067811865474,3,0
2013-06-06 22:00:00,0.0,0.0,0.0,0.0,122.0,0.0,122.0,1.0,-0.5000000000000004,0.8660254037844384,3,0
2013-06-06 23:00:00,0.0,0.0,0.0,0.0,60.0,0.0,60.0,1.0,-0.25881904510252157,0.9659258262890681,3,0
2013-06-07 00:00:00,44.0,170.0,0.0,0.0,18.0,8.0,240.0,4.0,0.0,1.0,4,0
2013-06-07 01:00:00,0.0,18.0,0.0,0.0,0.0,0.0,18.0,1.0,0.25881904510252074,0.9659258262890683,4,0
2013-06-07 02:00:00,0.0,4.0,0.0,0.0,0.0,0.0,4.0,1.0,0.49999999999999994,0.8660254037844387,4,0
2013-06-07 03:00:00,0.0,18.0,0.0,0.0,2.0,0.0,20.0,2.0,0.7071067811865476,0.7071067811865476,4,0
2013-06-07 04:00:00,0.0,2.0,0.0,0.0,0.0,0.0,2.0,1.0,0.8660254037844386,0.5000000000000001,4,0
2013-06-07 05:00:00,0.0,4.0,0.0,0.0,0.0,0.0,4.0,1.0,0.9659258262890683,0.25881904510252074,4,0
2013-06-07 06:00:00,0.0,0.0,0.0,0.0,0.0,0.0,0.0,0.0,1.0,6.123233995736766e-17,4,1
2013-06-07 07:00:00,0.0,2.0,0.0,0.0,0.0,0.0,2.0,1.0,0.9659258262890683,-0.25881904510252063,4,0
2013-06-07 08:00:00,24.0,48.0,4.0,42.0,82.0,10.0,210.0,6.0,0.8660254037844387,-0.4999999999999998,4,0
2013-06-07 09:00:00,300.0,116.0,4.0,48.0,61.0,0.0,529.0,5.0,0.7071067811865476,-0.7071067811865475,4,0
2013-06-07 10:00:00,0.0,0.0,0.0,0.0,43.0,8.0,51.0,2.0,0.49999999999999994,-0.8660254037844387,4,0
2013-06-07 11:00:00,34.0,2.0,24.0,258.0,68.0,8.0,394.0,6.0,0.258819045102521,-0.9659258262890682,4,0
2013-06-07 12:00:00,0.0,0.0,0.0,0.0,58.0,20.0,78.0,2.0,1.2246467991473532e-16,-1.0,4,0
2013-06-07 13:00:00,0.0,0.0,4.0,36.0,26.0,12.0,78.0,4.0,-0.2588190451025208,-0.9659258262890683,4,0
2013-06-07 14:00:00,0.0,0.0,0.0,0.0,26.0,6.0,32.0,2.0,-0.4999999999999997,-0.8660254037844388,4,0
2013-06-07 15:00:00,0.0,0.0,0.0,0.0,36.0,0.0,36.0,1.0,-0.7071067811865471,-0.7071067811865479,4,0
2013-06-07 16:00:00,32.0,6.0,6.0,84.0,78.0,2.0,208.0,6.0,-0.8660254037844385,-0.5000000000000004,4,0
2013-06-07 17:00:00,48.0,0.0,0.0,2.0,90.0,10.0,150.0,4.0,-0.9659258262890683,-0.25881904510252063,4,0
2013-06-07 18:00:00,0.0,0.0,0.0,0.0,0.0,0.0,0.0,0.0,-1.0,-1.8369701987210297e-16,4,1
2013-06-07 19:00:00,0.0,0.0,0.0,0.0,28.0,8.0,36.0,2.0,-0.9659258262890684,0.2588190451025203,4,0
2013-06-07 20:00:00,0.0,0.0,0.0,0.0,4.0,0.0,4.0,1.0,-0.8660254037844386,0.5000000000000001,4,0
2013-06-07 21:00:00,0.0,0.0,0.0,0.0,12.0,0.0,12.0,1.0,-0.7071067811865477,0.7071067811865474,4,0
2013-06-07 22:00:00,0.0,0.0,0.0,0.0,8.0,0.0,8.0,1.0,-0.5000000000000004,0.8660254037844384,4,0
2013-06-07 23:00:00,2.0,6.0,12.0,172.0,88.0,10.0,290.0,6.0,-0.25881904510252157,0.9659258262890681,4,0
2013-06-08 00:00:00,0.0,0.0,0.0,0.0,68.0,0.0,68.0,1.0,0.0,1.0,5,0
2013-06-08 01:00:00,44.0,202.0,0.0,0.0,40.0,2.0,288.0,4.0,0.25881904510252074,0.9659258262890683,5,0
2013-06-08 02:00:00,0.0,38.0,0.0,0.0,0.0,0.0,38.0,1.0,0.49999999999999994,0.8660254037844387,5,0
2013-06-08 03:00:00,0.0,12.0,0.0,0.0,0.0,0.0,12.0,1.0,0.7071067811865476,0.7071067811865476,5,0
2013-06-08 04:00:00,0.0,4.0,0.0,0.0,0.0,0.0,4.0,1.0,0.8660254037844386,0.5000000000000001,5,0
2013-06-08 05:00:00,28.0,52.0,8.0,36.0,82.0,16.0,222.0,6.0,0.9659258262890683,0.25881904510252074,5,0
2013-06-08 06:00:00,0.0,0.0,2.0,320.0,40.0,0.0,362.0,3.0,1.0,6.123233995736766e-17,5,0
2013-06-08 07:00:00,32.0,2.0,4.0,142.0,94.0,0.0,274.0,5.0,0.9659258262890683,-0.25881904510252063,5,0
2013-06-08 08:00:00,0.0,0.0,0.0,0.0,120.0,0.0,120.0,1.0,0.8660254037844387,-0.4999999999999998,5,0
2013-06-08 09:00:00,40.0,136.0,0.0,0.0,72.0,2.0,250.0,4.0,0.7071067811865476,-0.7071067811865475,5,0
2013-06-08 10:00:00,0.0,2.0,0.0,2.0,87.0,0.0,91.0,3.0,0.49999999999999994,-0.8660254037844387,5,0
2013-06-08 11:00:00,266.0,162.0,0.0,76.0,121.0,6.0,631.0,5.0,0.258819045102521,-0.9659258262890682,5,0
2013-06-08 12:00:00,0.0,4.0,16.0,458.0,130.0,40.0,648.0,5.0,1.2246467991473532e-16,-1.0,5,0
2013-06-08 13:00:00,20.0,0.0,0.0,0.0,46.0,12.0,78.0,3.0,-0.2588190451025208,-0.9659258262890683,5,0
2013-06-08 14:00:00,0.0,0.0,0.0,0.0,44.0,16.0,60.0,2.0,-0.4999999999999997,-0.8660254037844388,5,0
2013-06-08 15:00:00,28.0,0.0,10.0,100.0,118.0,16.0,272.0,5.0,-0.7071067811865471,-0.7071067811865479,5,0
2013-06-08 16:00:00,0.0,0.0,2.0,24.0,20.0,0.0,46.0,3.0,-0.8660254037844385,-0.5000000000000004,5,0
2013-06-08 17:00:00,88.0,0.0,0.0,0.0,32.0,8.0,128.0,3.0,-0.9659258262890683,-0.25881904510252063,5,0
2013-06-08 18:00:00,0.0,0.0,0.0,0.0,0.0,0.0,0.0,0.0,-1.0,-1.8369701987210297e-16,5,1
2013-06-08 19:00:00,38.0,0.0,0.0,2.0,14.0,8.0,62.0,4.0,-0.9659258262890684,0.2588190451025203,5,0
2013-06-08 20:00:00,0.0,0.0,0.0,0.0,0.0,0.0,0.0,0.0,-0.8660254037844386,0.5000000000000001,5,1
2013-06-08 21:00:00,0.0,0.0,0.0,0.0,2.0,0.0,2.0,1.0,-0.7071067811865477,0.7071067811865474,5,0
2013-06-08 22:00:00,42.0,142.0,6.0,72.0,44.0,8.0,314.0,6.0,-0.5000000000000004,0.8660254037844384,5,0
2013-06-08 23:00:00,0.0,14.0,0.0,0.0,0.0,0.0,14.0,1.0,-0.25881904510252157,0.9659258262890681,5,0
2013-06-09 00:00:00,0.0,0.0,0.0,0.0,0.0,0.0,0.0,0.0,0.0,1.0,6,1
2013-06-09 01:00:00,0.0,0.0,0.0,0.0,0.0,0.0,0.0,0.0,0.25881904510252074,0.9659258262890683,6,1
2013-06-09 02:00:00,0.0,0.0,0.0,2.0,0.0,0.0,2.0,1.0,0.49999999999999994,0.8660254037844387,6,0
2013-06-09 03:00:00,0.0,0.0,0.0,0.0,0.0,0.0,0.0,0.0,0.7071067811865476,0.7071067811865476,6,1
2013-06-09 04:00:00,0.0,2.0,0.0,0.0,0.0,0.0,2.0,1.0,0.8660254037844386,0.5000000000000001,6,0
2013-06-09 05:00:00,0.0,0.0,0.0,0.0,0.0,0.0,0.0,0.0,0.9659258262890683,0.25881904510252074,6,1
2013-06-09 06:00:00,0.0,4.0,0.0,0.0,0.0,0.0,4.0,1.0,1.0,6.123233995736766e-17,6,0
2013-06-09 07:00:00,0.0,2.0,0.0,0.0,0.0,0.0,2.0,1.0,0.9659258262890683,-0.25881904510252063,6,0
2013-06-09 08:00:00,34.0,80.0,4.0,56.0,74.0,16.0,264.0,6.0,0.8660254037844387,-0.4999999999999998,6,0
2013-06-09 09:00:00,0.0,0.0,0.0,0.0,92.0,0.0,92.0,1.0,0.7071067811865476,-0.7071067811865475,6,0
2013-06-09 10:00:00,92.0,0.0,6.0,308.0,120.0,4.0,530.0,5.0,0.49999999999999994,-0.8660254037844387,6,0
2013-06-09 11:00:00,0.0,0.0,0.0,0.0,60.0,0.0,60.0,1.0,0.258819045102521,-0.9659258262890682,6,0
2013-06-09 12:00:00,258.0,190.0,2.0,76.0,72.0,4.0,602.0,6.0,1.2246467991473532e-16,-1.0,6,0
2013-06-09 13:00:00,4.0,66.0,14.0,2.0,60.0,0.0,146.0,5.0,-0.2588190451025208,-0.9659258262890683,6,0
2013-06-09 14:00:00,0.0,0.0,0.0,0.0,8.0,0.0,8.0,1.0,-0.4999999999999997,-0.8660254037844388,6,0
2013-06-09 15:00:00,34.0,4.0,6.0,226.0,72.0,2.0,344.0,6.0,-0.7071067811865471,-0.7071067811865479,6,0
2013-06-09 16:00:00,0.0,0.0,0.0,0.0,56.0,0.0,56.0,1.0,-0.8660254037844385,-0.5000000000000004,6,0
2013-06-09 17:00:00,40.0,0.0,12.0,132.0,118.0,12.0,314.0,5.0,-0.9659258262890683,-0.25881904510252063,6,0
2013-06-09 18:00:00,0.0,0.0,0.0,0.0,0.0,0.0,0.0,0.0,-1.0,-1.8369701987210297e-16,6,1
2013-06-09 19:00:00,40.0,2.0,4.0,2.0,30.0,6.0,84.0,6.0,-0.9659258262890684,0.2588190451025203,6,0
2013-06-09 20:00:00,0.0,0.0,0.0,0.0,4.0,0.0,4.0,1.0,-0.8660254037844386,0.5000000000000001,6,0
2013-06-09 21:00:00,0.0,0.0,0.0,0.0,10.0,0.0,10.0,1.0,-0.7071067811865477,0.7071067811865474,6,0
2013-06-09 22:00:00,0.0,0.0,0.0,0.0,18.0,0.0,18.0,1.0,-0.5000000000000004,0.8660254037844384,6,0
2013-06-09 23:00:00,10.0,6.0,10.0,112.0,50.0,8.0,196.0,6.0,-0.25881904510252157,0.9659258262890681,6,0
2013-06-10 00:00:00,42.0,90.0,0.0,0.0,166.0,2.0,300.0,4.0,0.0,1.0,0,0
2013-06-10 01:00:00,24.0,60.0,0.0,0.0,0.0,0.0,84.0,2.0,0.25881904510252074,0.9659258262890683,0,0
2013-06-10 02:00:00,0.0,2.0,0.0,0.0,0.0,0.0,2.0,1.0,0.49999999999999994,0.8660254037844387,0,0
2013-06-10 03:00:00,0.0,4.0,0.0,0.0,0.0,0.0,4.0,1.0,0.7071067811865476,0.7071067811865476,0,0
2013-06-10 04:00:00,0.0,2.0,0.0,0.0,0.0,0.0,2.0,1.0,0.8660254037844386,0.5000000000000001,0,0
2013-06-10 05:00:00,0.0,2.0,0.0,0.0,0.0,0.0,2.0,1.0,0.9659258262890683,0.25881904510252074,0,0
2013-06-10 06:00:00,56.0,48.0,2.0,40.0,84.0,20.0,250.0,6.0,1.0,6.123233995736766e-17,0,0
2013-06-10 07:00:00,0.0,0.0,8.0,344.0,70.0,0.0,422.0,3.0,0.9659258262890683,-0.25881904510252063,0,0
2013-06-10 08:00:00,0.0,0.0,0.0,0.0,84.0,0.0,84.0,1.0,0.8660254037844387,-0.4999999999999998,0,0
2013-06-10 09:00:00,320.0,338.0,4.0,76.0,78.0,9.0,825.0,6.0,0.7071067811865476,-0.7071067811865475,0,0
2013-06-10 10:00:00,0.0,0.0,0.0,0.0,56.0,7.0,63.0,2.0,0.49999999999999994,-0.8660254037844387,0,0
2013-06-10 11:00:00,26.0,8.0,6.0,8.0,70.0,16.0,134.0,6.0,0.258819045102521,-0.9659258262890682,0,0
2013-06-10 12:00:00,0.0,0.0,2.0,8.0,114.0,30.0,154.0,4.0,1.2246467991473532e-16,-1.0,0,0
2013-06-10 13:00:00,0.0,0.0,10.0,78.0,42.0,0.0,130.0,3.0,-0.2588190451025208,-0.9659258262890683,0,0
2013-06-10 14:00:00,148.0,10.0,4.0,20.0,86.0,2.0,270.0,6.0,-0.4999999999999997,-0.8660254037844388,0,0
2013-06-10 15:00:00,0.0,0.0,0.0,0.0,30.0,10.0,40.0,2.0,-0.7071067811865471,-0.7071067811865479,0,0
2013-06-10 16:00:00,38.0,0.0,0.0,0.0,32.0,8.0,78.0,3.0,-0.8660254037844385,-0.5000000000000004,0,0
2013-06-10 17:00:00,0.0,0.0,0.0,0.0,20.0,8.0,28.0,2.0,-0.9659258262890683,-0.25881904510252063,0,0
2013-06-10 18:00:00,0.0,0.0,0.0,0.0,0.0,0.0,0.0,0.0,-1.0,-1.8369701987210297e-16,0,1
2013-06-10 19:00:00,0.0,0.0,0.0,0.0,22.0,8.0,30.0,2.0,-0.9659258262890684,0.2588190451025203,0,0
2013-06-10 20:00:00,0.0,0.0,0.0,0.0,4.0,0.0,4.0,1.0,-0.8660254037844386,0.5000000000000001,0,0
2013-06-10 21:00:00,36.0,0.0,4.0,102.0,52.0,0.0,194.0,4.0,-0.7071067811865477,0.7071067811865474,0,0
2013-06-10 22:00:00,0.0,0.0,0.0,0.0,0.0,0.0,0.0,0.0,-0.5000000000000004,0.8660254037844384,0,1
2013-06-10 23:00:00,40.0,280.0,2.0,42.0,46.0,4.0,414.0,6.0,-0.25881904510252157,0.9659258262890681,0,0
2013-06-11 00:00:00,2.0,98.0,0.0,0.0,0.0,4.0,104.0,3.0,0.0,1.0,1,0
2013-06-11 01:00:00,0.0,8.0,0.0,0.0,0.0,0.0,8.0,1.0,0.25881904510252074,0.9659258262890683,1,0
2013-06-11 02:00:00,0.0,4.0,0.0,0.0,0.0,0.0,4.0,1.0,0.49999999999999994,0.8660254037844387,1,0
2013-06-11 03:00:00,0.0,8.0,0.0,0.0,0.0,0.0,8.0,1.0,0.7071067811865476,0.7071067811865476,1,0
2013-06-11 04:00:00,0.0,4.0,0.0,0.0,0.0,0.0,4.0,1.0,0.8660254037844386,0.5000000000000001,1,0
2013-06-11 05:00:00,0.0,4.0,0.0,0.0,0.0,0.0,4.0,1.0,0.9659258262890683,0.25881904510252074,1,0
2013-06-11 06:00:00,0.0,4.0,0.0,0.0,0.0,0.0,4.0,1.0,1.0,6.123233995736766e-17,1,0
2013-06-11 07:00:00,32.0,70.0,2.0,46.0,60.0,22.0,232.0,6.0,0.9659258262890683,-0.25881904510252063,1,0
2013-06-11 08:00:00,40.0,2.0,0.0,180.0,86.0,0.0,308.0,4.0,0.8660254037844387,-0.4999999999999998,1,0
2013-06-11 09:00:00,30.0,4.0,0.0,0.0,46.0,4.0,84.0,4.0,0.7071067811865476,-0.7071067811865475,1,0
2013-06-11 10:00:00,0.0,0.0,0.0,0.0,36.0,0.0,36.0,1.0,0.49999999999999994,-0.8660254037844387,1,0
2013-06-11 11:00:00,222.0,168.0,0.0,30.0,106.0,2.0,528.0,5.0,0.258819045102521,-0.9659258262890682,1,0
2013-06-11 12:00:00,108.0,92.0,4.0,22.0,56.0,16.0,298.0,6.0,1.2246467991473532e-16,-1.0,1,0
2013-06-11 13:00:00,38.0,4.0,18.0,368.0,64.0,0.0,492.0,5.0,-0.2588190451025208,-0.9659258262890683,1,0
2013-06-11 14:00:00,0.0,0.0,2.0,20.0,46.0,0.0,68.0,3.0,-0.4999999999999997,-0.8660254037844388,1,0
2013-06-11 15:00:00,0.0,0.0,0.0,0.0,4.0,0.0,4.0,1.0,-0.7071067811865471,-0.7071067811865479,1,0
2013-06-11 16:00:00,40.0,2.0,6.0,12.0,58.0,0.0,118.0,5.0,-0.8660254037844385,-0.5000000000000004,1,0
2013-06-11 17:00:00,110.0,36.0,0.0,0.0,70.0,10.0,226.0,4.0,-0.9659258262890683,-0.25881904510252063,1,0
2013-06-11 18:00:00,0.0,0.0,0.0,0.0,0.0,2.0,2.0,1.0,-1.0,-1.8369701987210297e-16,1,0
2013-06-11 19:00:00,0.0,0.0,0.0,0.0,54.0,24.0,78.0,2.0,-0.9659258262890684,0.2588190451025203,1,0
2013-06-11 20:00:00,0.0,0.0,0.0,0.0,10.0,0.0,10.0,1.0,-0.8660254037844386,0.5000000000000001,1,0
2013-06-11 21:00:00,0.0,0.0,0.0,0.0,14.0,0.0,14.0,1.0,-0.7071067811865477,0.7071067811865474,1,0
2013-06-11 22:00:00,0.0,0.0,0.0,0.0,6.0,0.0,6.0,1.0,-0.5000000000000004,0.8660254037844384,1,0
2013-06-11 23:00:00,0.0,0.0,0.0,0.0,0.0,0.0,0.0,0.0,-0.25881904510252157,0.9659258262890681,1,1
2013-06-12 00:00:00,30.0,6.0,6.0,210.0,130.0,8.0,390.0,6.0,0.0,1.0,2,0
2013-06-12 01:00:00,58.0,192.0,0.0,0.0,28.0,0.0,278.0,3.0,0.25881904510252074,0.9659258262890683,2,0
2013-06-12 02:00:00,0.0,0.0,0.0,0.0,0.0,0.0,0.0,0.0,0.49999999999999994,0.8660254037844387,2,1
2013-06-12 03:00:00,0.0,0.0,0.0,0.0,0.0,0.0,0.0,0.0,0.7071067811865476,0.7071067811865476,2,1
2013-06-12 04:00:00,0.0,8.0,0.0,0.0,0.0,0.0,8.0,1.0,0.8660254037844386,0.5000000000000001,2,0
2013-06-12 05:00:00,0.0,2.0,0.0,2.0,0.0,0.0,4.0,2.0,0.9659258262890683,0.25881904510252074,2,0
2013-06-12 06:00:00,30.0,44.0,6.0,52.0,68.0,20.0,220.0,6.0,1.0,6.123233995736766e-17,2,0
2013-06-12 07:00:00,32.0,2.0,10.0,366.0,88.0,20.0,518.0,6.0,0.9659258262890683,-0.25881904510252063,2,0
2013-06-12 08:00:00,18.0,166.0,4.0,60.0,102.0,0.0,350.0,5.0,0.8660254037844387,-0.4999999999999998,2,0
2013-06-12 09:00:00,230.0,78.0,0.0,0.0,50.0,8.0,366.0,4.0,0.7071067811865476,-0.7071067811865475,2,0
2013-06-12 10:00:00,0.0,0.0,0.0,0.0,0.0,0.0,0.0,0.0,0.49999999999999994,-0.8660254037844387,2,1
2013-06-12 11:00:00,88.0,66.0,4.0,100.0,60.0,18.0,336.0,6.0,0.258819045102521,-0.9659258262890682,2,0
2013-06-12 12:00:00,0.0,0.0,0.0,0.0,168.0,0.0,168.0,1.0,1.2246467991473532e-16,-1.0,2,0
2013-06-12 13:00:00,0.0,0.0,16.0,392.0,94.0,0.0,502.0,3.0,-0.2588190451025208,-0.9659258262890683,2,0
2013-06-12 14:00:00,32.0,12.0,10.0,30.0,70.0,2.0,156.0,6.0,-0.4999999999999997,-0.8660254037844388,2,0
2013-06-12 15:00:00,0.0,0.0,0.0,0.0,2.0,0.0,2.0,1.0,-0.7071067811865471,-0.7071067811865479,2,0
2013-06-12 16:00:00,0.0,0.0,0.0,0.0,4.0,0.0,4.0,1.0,-0.8660254037844385,-0.5000000000000004,2,0
2013-06-12 17:00:00,26.0,4.0,6.0,80.0,84.0,16.0,216.0,6.0,-0.9659258262890683,-0.25881904510252063,2,0
2013-06-12 18:00:00,4.0,2.0,6.0,18.0,122.0,28.0,180.0,6.0,-1.0,-1.8369701987210297e-16,2,0
2013-06-12 19:00:00,0.0,0.0,0.0,0.0,108.0,0.0,108.0,1.0,-0.9659258262890684,0.2588190451025203,2,0
2013-06-12 20:00:00,0.0,0.0,0.0,0.0,126.0,0.0,126.0,1.0,-0.8660254037844386,0.5000000000000001,2,0
2013-06-12 21:00:00,22.0,2.0,2.0,92.0,162.0,10.0,290.0,6.0,-0.7071067811865477,0.7071067811865474,2,0
2013-06-12 22:00:00,0.0,0.0,0.0,0.0,122.0,0.0,122.0,1.0,-0.5000000000000004,0.8660254037844384,2,0
2013-06-12 23:00:00,0.0,0.0,0.0,0.0,74.0,0.0,74.0,1.0,-0.25881904510252157,0.9659258262890681,2,0
2013-06-13 00:00:00,86.0,176.0,0.0,0.0,16.0,0.0,278.0,3.0,0.0,1.0,3,0
2013-06-13 01:00:00,0.0,4.0,0.0,0.0,0.0,0.0,4.0,1.0,0.25881904510252074,0.9659258262890683,3,0
2013-06-13 02:00:00,0.0,2.0,0.0,0.0,0.0,0.0,2.0,1.0,0.49999999999999994,0.8660254037844387,3,0
2013-06-13 03:00:00,0.0,2.0,0.0,0.0,0.0,0.0,2.0,1.0,0.7071067811865476,0.7071067811865476,3,0
2013-06-13 04:00:00,0.0,4.0,0.0,0.0,0.0,0.0,4.0,1.0,0.8660254037844386,0.5000000000000001,3,0
2013-06-13 05:00:00,0.0,0.0,0.0,0.0,0.0,0.0,0.0,0.0,0.9659258262890683,0.25881904510252074,3,1
2013-06-13 06:00:00,0.0,0.0,0.0,0.0,0.0,0.0,0.0,0.0,1.0,6.123233995736766e-17,3,1
2013-06-13 07:00:00,0.0,16.0,0.0,0.0,0.0,0.0,16.0,1.0,0.9659258262890683,-0.25881904510252063,3,0
2013-06-13 08:00:00,52.0,92.0,10.0,120.0,120.0,12.0,406.0,6.0,0.8660254037844387,-0.4999999999999998,3,0
2013-06-13 09:00:00,210.0,154.0,0.0,0.0,4.0,6.0,374.0,4.0,0.7071067811865476,-0.7071067811865475,3,0
2013-06-13 10:00:00,0.0,0.0,0.0,0.0,0.0,0.0,0.0,0.0,0.49999999999999994,-0.8660254037844387,3,1
2013-06-13 11:00:00,20.0,2.0,10.0,20.0,34.0,30.0,116.0,6.0,0.258819045102521,-0.9659258262890682,3,0
2013-06-13 12:00:00,22.0,2.0,10.0,170.0,74.0,0.0,278.0,5.0,1.2246467991473532e-16,-1.0,3,0
2013-06-13 13:00:00,10.0,94.0,8.0,60.0,178.0,54.0,404.0,6.0,-0.2588190451025208,-0.9659258262890683,3,0
2013-06-13 14:00:00,0.0,0.0,0.0,0.0,12.0,0.0,12.0,1.0,-0.4999999999999997,-0.8660254037844388,3,0
2013-06-13 15:00:00,88.0,60.0,2.0,250.0,70.0,20.0,490.0,6.0,-0.7071067811865471,-0.7071067811865479,3,0
2013-06-13 16:00:00,0.0,146.0,0.0,0.0,178.0,20.0,344.0,3.0,-0.8660254037844385,-0.5000000000000004,3,0
2013-06-13 17:00:00,0.0,0.0,8.0,197.0,154.0,18.0,377.0,4.0,-0.9659258262890683,-0.25881904510252063,3,0
2013-06-13 18:00:00,0.0,0.0,12.0,199.0,98.0,18.0,327.0,4.0,-1.0,-1.8369701987210297e-16,3,0
2013-06-13 19:00:00,0.0,0.0,0.0,0.0,14.0,0.0,14.0,1.0,-0.9659258262890684,0.2588190451025203,3,0
2013-06-13 20:00:00,0.0,0.0,0.0,0.0,4.0,0.0,4.0,1.0,-0.8660254037844386,0.5000000000000001,3,0
2013-06-13 21:00:00,0.0,0.0,0.0,0.0,14.0,0.0,14.0,1.0,-0.7071067811865477,0.7071067811865474,3,0
2013-06-13 22:00:00,0.0,0.0,4.0,1.0,38.0,0.0,43.0,3.0,-0.5000000000000004,0.8660254037844384,3,0
2013-06-13 23:00:00,40.0,4.0,14.0,99.0,100.0,10.0,267.0,6.0,-0.25881904510252157,0.9659258262890681,3,0
2013-06-14 00:00:00,58.0,224.0,6.0,18.0,180.0,4.0,490.0,6.0,0.0,1.0,4,0
2013-06-14 01:00:00,0.0,0.0,0.0,0.0,0.0,0.0,0.0,0.0,0.25881904510252074,0.9659258262890683,4,1
2013-06-14 02:00:00,0.0,2.0,0.0,0.0,0.0,0.0,2.0,1.0,0.49999999999999994,0.8660254037844387,4,0
2013-06-14 03:00:00,0.0,16.0,0.0,0.0,0.0,0.0,16.0,1.0,0.7071067811865476,0.7071067811865476,4,0
2013-06-14 04:00:00,0.0,0.0,0.0,0.0,0.0,0.0,0.0,0.0,0.8660254037844386,0.5000000000000001,4,1
2013-06-14 05:00:00,0.0,0.0,0.0,0.0,0.0,0.0,0.0,0.0,0.9659258262890683,0.25881904510252074,4,1
2013-06-14 06:00:00,0.0,2.0,0.0,0.0,0.0,0.0,2.0,1.0,1.0,6.123233995736766e-17,4,0
2013-06-14 07:00:00,32.0,52.0,4.0,56.0,50.0,16.0,210.0,6.0,0.9659258262890683,-0.25881904510252063,4,0
2013-06-14 08:00:00,0.0,0.0,4.0,91.0,82.0,0.0,177.0,3.0,0.8660254037844387,-0.4999999999999998,4,0
2013-06-14 09:00:00,82.0,8.0,10.0,269.0,88.0,0.0,457.0,5.0,0.7071067811865476,-0.7071067811865475,4,0
2013-06-14 10:00:00,45.0,12.0,12.0,30.0,100.0,2.0,201.0,6.0,0.49999999999999994,-0.8660254037844387,4,0
2013-06-14 11:00:00,357.0,338.0,0.0,0.0,96.0,4.0,795.0,4.0,0.258819045102521,-0.9659258262890682,4,0
2013-06-14 12:00:00,0.0,0.0,4.0,6.0,198.0,20.0,228.0,4.0,1.2246467991473532e-16,-1.0,4,0
2013-06-14 13:00:00,0.0,2.0,0.0,0.0,80.0,10.0,92.0,3.0,-0.2588190451025208,-0.9659258262890683,4,0
2013-06-14 14:00:00,48.0,0.0,0.0,0.0,30.0,12.0,90.0,3.0,-0.4999999999999997,-0.8660254037844388,4,0
2013-06-14 15:00:00,0.0,0.0,6.0,188.0,86.0,0.0,280.0,3.0,-0.7071067811865471,-0.7071067811865479,4,0
2013-06-14 16:00:00,0.0,2.0,6.0,138.0,94.0,18.0,258.0,5.0,-0.8660254037844385,-0.5000000000000004,4,0
2013-06-14 17:00:00,0.0,0.0,6.0,100.0,28.0,0.0,134.0,3.0,-0.9659258262890683,-0.25881904510252063,4,0
2013-06-14 18:00:00,62.0,0.0,6.0,162.0,66.0,0.0,296.0,4.0,-1.0,-1.8369701987210297e-16,4,0
2013-06-14 19:00:00,0.0,0.0,6.0,208.0,94.0,0.0,308.0,3.0,-0.9659258262890684,0.2588190451025203,4,0
2013-06-14 20:00:00,0.0,0.0,0.0,0.0,200.0,0.0,200.0,1.0,-0.8660254037844386,0.5000000000000001,4,0
2013-06-14 21:00:00,0.0,0.0,2.0,0.0,196.0,0.0,198.0,2.0,-0.7071067811865477,0.7071067811865474,4,0
2013-06-14 22:00:00,0.0,0.0,0.0,0.0,122.0,0.0,122.0,1.0,-0.5000000000000004,0.8660254037844384,4,0
2013-06-14 23:00:00,28.0,130.0,2.0,130.0,144.0,8.0,442.0,6.0,-0.25881904510252157,0.9659258262890681,4,0
2013-06-15 00:00:00,92.0,88.0,0.0,0.0,0.0,0.0,180.0,2.0,0.0,1.0,5,0
2013-06-15 01:00:00,0.0,4.0,0.0,0.0,0.0,0.0,4.0,1.0,0.25881904510252074,0.9659258262890683,5,0
2013-06-15 02:00:00,0.0,10.0,0.0,0.0,0.0,0.0,10.0,1.0,0.49999999999999994,0.8660254037844387,5,0
2013-06-15 03:00:00,0.0,6.0,0.0,2.0,0.0,0.0,8.0,2.0,0.7071067811865476,0.7071067811865476,5,0
2013-06-15 04:00:00,36.0,56.0,0.0,0.0,0.0,0.0,92.0,2.0,0.8660254037844386,0.5000000000000001,5,0
2013-06-15 05:00:00,0.0,0.0,0.0,0.0,0.0,0.0,0.0,0.0,0.9659258262890683,0.25881904510252074,5,1
2013-06-15 06:00:00,0.0,0.0,0.0,0.0,2.0,0.0,2.0,1.0,1.0,6.123233995736766e-17,5,0
2013-06-15 07:00:00,0.0,0.0,0.0,0.0,0.0,0.0,0.0,0.0,0.9659258262890683,-0.25881904510252063,5,1
2013-06-15 08:00:00,16.0,54.0,0.0,0.0,0.0,0.0,70.0,2.0,0.8660254037844387,-0.4999999999999998,5,0
2013-06-15 09:00:00,16.0,2.0,8.0,216.0,110.0,16.0,368.0,6.0,0.7071067811865476,-0.7071067811865475,5,0
2013-06-15 10:00:00,0.0,0.0,6.0,70.0,72.0,0.0,148.0,3.0,0.49999999999999994,-0.8660254037844387,5,0
2013-06-15 11:00:00,0.0,0.0,2.0,64.0,100.0,0.0,166.0,3.0,0.258819045102521,-0.9659258262890682,5,0
2013-06-15 12:00:00,181.0,398.0,22.0,108.0,94.0,12.0,815.0,6.0,1.2246467991473532e-16,-1.0,5,0
2013-06-15 13:00:00,225.0,70.0,0.0,0.0,50.0,0.0,345.0,3.0,-0.2588190451025208,-0.9659258262890683,5,0
2013-06-15 14:00:00,0.0,0.0,8.0,294.0,146.0,0.0,448.0,3.0,-0.4999999999999997,-0.8660254037844388,5,0
2013-06-15 15:00:00,36.0,2.0,6.0,42.0,90.0,16.0,192.0,6.0,-0.7071067811865471,-0.7071067811865479,5,0
2013-06-15 16:00:00,0.0,78.0,0.0,0.0,28.0,2.0,108.0,3.0,-0.8660254037844385,-0.5000000000000004,5,0
2013-06-15 17:00:00,0.0,22.0,0.0,0.0,58.0,2.0,82.0,3.0,-0.9659258262890683,-0.25881904510252063,5,0
2013-06-15 18:00:00,40.0,2.0,6.0,92.0,124.0,18.0,282.0,6.0,-1.0,-1.8369701987210297e-16,5,0
2013-06-15 19:00:00,0.0,0.0,0.0,0.0,188.0,0.0,188.0,1.0,-0.9659258262890684,0.2588190451025203,5,0
2013-06-15 20:00:00,0.0,4.0,8.0,54.0,252.0,4.0,322.0,5.0,-0.8660254037844386,0.5000000000000001,5,0
2013-06-15 21:00:00,0.0,0.0,0.0,0.0,58.0,0.0,58.0,1.0,-0.7071067811865477,0.7071067811865474,5,0
2013-06-15 22:00:00,0.0,0.0,0.0,0.0,14.0,0.0,14.0,1.0,-0.5000000000000004,0.8660254037844384,5,0
2013-06-15 23:00:00,0.0,0.0,0.0,0.0,130.0,0.0,130.0,1.0,-0.25881904510252157,0.9659258262890681,5,0
2013-06-16 00:00:00,28.0,196.0,6.0,68.0,56.0,16.0,370.0,6.0,0.0,1.0,6,0
2013-06-16 01:00:00,0.0,2.0,0.0,0.0,0.0,0.0,2.0,1.0,0.25881904510252074,0.9659258262890683,6,0
2013-06-16 02:00:00,0.0,2.0,0.0,0.0,0.0,0.0,2.0,1.0,0.49999999999999994,0.8660254037844387,6,0
2013-06-16 03:00:00,0.0,6.0,0.0,0.0,0.0,0.0,6.0,1.0,0.7071067811865476,0.7071067811865476,6,0
2013-06-16 04:00:00,0.0,2.0,0.0,0.0,0.0,0.0,2.0,1.0,0.8660254037844386,0.5000000000000001,6,0
2013-06-16 05:00:00,0.0,0.0,0.0,0.0,0.0,0.0,0.0,0.0,0.9659258262890683,0.25881904510252074,6,1
2013-06-16 06:00:00,0.0,0.0,0.0,0.0,0.0,0.0,0.0,0.0,1.0,6.123233995736766e-17,6,1
2013-06-16 07:00:00,0.0,0.0,0.0,0.0,0.0,0.0,0.0,0.0,0.9659258262890683,-0.25881904510252063,6,1
2013-06-16 08:00:00,0.0,2.0,0.0,0.0,0.0,0.0,2.0,1.0,0.8660254037844387,-0.4999999999999998,6,0
2013-06-16 09:00:00,16.0,36.0,6.0,38.0,60.0,22.0,178.0,6.0,0.7071067811865476,-0.7071067811865475,6,0
2013-06-16 10:00:00,0.0,0.0,0.0,0.0,46.0,0.0,46.0,1.0,0.49999999999999994,-0.8660254037844387,6,0
2013-06-16 11:00:00,68.0,4.0,16.0,376.0,92.0,2.0,558.0,6.0,0.258819045102521,-0.9659258262890682,6,0
2013-06-16 12:00:00,278.0,178.0,2.0,214.0,70.0,4.0,746.0,6.0,1.2246467991473532e-16,-1.0,6,0
2013-06-16 13:00:00,4.0,2.0,6.0,18.0,146.0,18.0,194.0,6.0,-0.2588190451025208,-0.9659258262890683,6,0
2013-06-16 14:00:00,0.0,0.0,0.0,0.0,18.0,0.0,18.0,1.0,-0.4999999999999997,-0.8660254037844388,6,0
2013-06-16 15:00:00,6.0,22.0,48.0,42.0,86.0,20.0,224.0,6.0,-0.7071067811865471,-0.7071067811865479,6,0
2013-06-16 16:00:00,0.0,0.0,8.0,352.0,58.0,0.0,418.0,3.0,-0.8660254037844385,-0.5000000000000004,6,0
2013-06-16 17:00:00,0.0,0.0,10.0,133.0,154.0,18.0,315.0,4.0,-0.9659258262890683,-0.25881904510252063,6,0
2013-06-16 18:00:00,0.0,0.0,0.0,53.0,24.0,0.0,77.0,2.0,-1.0,-1.8369701987210297e-16,6,0
2013-06-16 19:00:00,0.0,0.0,0.0,0.0,21.0,0.0,21.0,1.0,-0.9659258262890684,0.2588190451025203,6,0
2013-06-16 20:00:00,0.0,0.0,0.0,0.0,17.0,0.0,17.0,1.0,-0.8660254037844386,0.5000000000000001,6,0
2013-06-16 21:00:00,36.0,6.0,0.0,0.0,48.0,0.0,90.0,3.0,-0.7071067811865477,0.7071067811865474,6,0
2013-06-16 22:00:00,0.0,0.0,2.0,142.0,72.0,0.0,216.0,3.0,-0.5000000000000004,0.8660254037844384,6,0
2013-06-16 23:00:00,28.0,120.0,2.0,44.0,186.0,0.0,380.0,5.0,-0.25881904510252157,0.9659258262890681,6,0
2013-06-17 00:00:00,50.0,76.0,0.0,0.0,0.0,0.0,126.0,2.0,0.0,1.0,0,0
2013-06-17 01:00:00,0.0,0.0,0.0,2.0,0.0,0.0,2.0,1.0,0.25881904510252074,0.9659258262890683,0,0
2013-06-17 02:00:00,0.0,18.0,0.0,0.0,0.0,0.0,18.0,1.0,0.49999999999999994,0.8660254037844387,0,0
2013-06-17 03:00:00,42.0,84.0,0.0,0.0,0.0,0.0,126.0,2.0,0.7071067811865476,0.7071067811865476,0,0
2013-06-17 04:00:00,0.0,0.0,0.0,0.0,0.0,0.0,0.0,0.0,0.8660254037844386,0.5000000000000001,0,1
2013-06-17 05:00:00,0.0,2.0,0.0,0.0,0.0,0.0,2.0,1.0,0.9659258262890683,0.25881904510252074,0,0
2013-06-17 06:00:00,0.0,4.0,0.0,0.0,0.0,0.0,4.0,1.0,1.0,6.123233995736766e-17,0,0
2013-06-17 07:00:00,26.0,50.0,6.0,56.0,44.0,18.0,200.0,6.0,0.9659258262890683,-0.25881904510252063,0,0
2013-06-17 08:00:00,0.0,0.0,2.0,4.0,58.0,0.0,64.0,3.0,0.8660254037844387,-0.4999999999999998,0,0
2013-06-17 09:00:00,34.0,2.0,2.0,270.0,68.0,2.0,378.0,6.0,0.7071067811865476,-0.7071067811865475,0,0
2013-06-17 10:00:00,0.0,2.0,0.0,50.0,108.0,0.0,160.0,3.0,0.49999999999999994,-0.8660254037844387,0,0
2013-06-17 11:00:00,0.0,0.0,0.0,0.0,94.0,0.0,94.0,1.0,0.258819045102521,-0.9659258262890682,0,0
2013-06-17 12:00:00,320.0,230.0,4.0,24.0,72.0,22.0,672.0,6.0,1.2246467991473532e-16,-1.0,0,0
2013-06-17 13:00:00,0.0,0.0,0.0,0.0,0.0,0.0,0.0,0.0,-0.2588190451025208,-0.9659258262890683,0,1
2013-06-17 14:00:00,24.0,2.0,2.0,48.0,64.0,40.0,180.0,6.0,-0.4999999999999997,-0.8660254037844388,0,0
2013-06-17 15:00:00,0.0,0.0,8.0,228.0,74.0,18.0,328.0,4.0,-0.7071067811865471,-0.7071067811865479,0,0
2013-06-17 16:00:00,0.0,0.0,2.0,26.0,42.0,10.0,80.0,4.0,-0.8660254037844385,-0.5000000000000004,0,0
2013-06-17 17:00:00,52.0,10.0,0.0,0.0,64.0,14.0,140.0,4.0,-0.9659258262890683,-0.25881904510252063,0,0
2013-06-17 18:00:00,42.0,4.0,0.0,0.0,42.0,8.0,96.0,4.0,-1.0,-1.8369701987210297e-16,0,0
2013-06-17 19:00:00,0.0,0.0,0.0,0.0,6.0,0.0,6.0,1.0,-0.9659258262890684,0.2588190451025203,0,0
2013-06-17 20:00:00,0.0,0.0,0.0,0.0,38.0,0.0,38.0,1.0,-0.8660254037844386,0.5000000000000001,0,0
2013-06-17 21:00:00,0.0,0.0,4.0,22.0,40.0,0.0,66.0,3.0,-0.7071067811865477,0.7071067811865474,0,0
2013-06-17 22:00:00,64.0,270.0,0.0,62.0,20.0,2.0,418.0,5.0,-0.5000000000000004,0.8660254037844384,0,0
2013-06-17 23:00:00,0.0,0.0,0.0,0.0,0.0,0.0,0.0,0.0,-0.25881904510252157,0.9659258262890681,0,1
2013-06-18 00:00:00,0.0,0.0,0.0,0.0,0.0,0.0,0.0,0.0,0.0,1.0,1,1
2013-06-18 01:00:00,24.0,96.0,0.0,0.0,30.0,4.0,154.0,4.0,0.25881904510252074,0.9659258262890683,1,0
2013-06-18 02:00:00,0.0,2.0,0.0,0.0,0.0,0.0,2.0,1.0,0.49999999999999994,0.8660254037844387,1,0
2013-06-18 03:00:00,0.0,0.0,0.0,0.0,0.0,0.0,0.0,0.0,0.7071067811865476,0.7071067811865476,1,1
2013-06-18 04:00:00,0.0,0.0,0.0,0.0,0.0,0.0,0.0,0.0,0.8660254037844386,0.5000000000000001,1,1
2013-06-18 05:00:00,0.0,0.0,0.0,0.0,0.0,0.0,0.0,0.0,0.9659258262890683,0.25881904510252074,1,1
2013-06-18 06:00:00,0.0,0.0,0.0,0.0,0.0,0.0,0.0,0.0,1.0,6.123233995736766e-17,1,1
2013-06-18 07:00:00,0.0,0.0,0.0,0.0,0.0,0.0,0.0,0.0,0.9659258262890683,-0.25881904510252063,1,1
2013-06-18 08:00:00,32.0,28.0,4.0,40.0,52.0,16.0,172.0,6.0,0.8660254037844387,-0.4999999999999998,1,0
2013-06-18 09:00:00,0.0,2.0,6.0,310.0,84.0,0.0,402.0,4.0,0.7071067811865476,-0.7071067811865475,1,0
2013-06-18 10:00:00,14.0,72.0,4.0,68.0,62.0,0.0,220.0,5.0,0.49999999999999994,-0.8660254037844387,1,0
2013-06-18 11:00:00,172.0,142.0,4.0,0.0,32.0,0.0,350.0,4.0,0.258819045102521,-0.9659258262890682,1,0
2013-06-18 12:00:00,28.0,4.0,0.0,0.0,44.0,6.0,82.0,4.0,1.2246467991473532e-16,-1.0,1,0
2013-06-18 13:00:00,34.0,4.0,8.0,176.0,64.0,10.0,296.0,6.0,-0.2588190451025208,-0.9659258262890683,1,0
2013-06-18 14:00:00,0.0,0.0,4.0,62.0,22.0,0.0,88.0,3.0,-0.4999999999999997,-0.8660254037844388,1,0
2013-06-18 15:00:00,0.0,0.0,0.0,0.0,12.0,0.0,12.0,1.0,-0.7071067811865471,-0.7071067811865479,1,0
2013-06-18 16:00:00,0.0,0.0,8.0,0.0,98.0,0.0,106.0,2.0,-0.8660254037844385,-0.5000000000000004,1,0
2013-06-18 17:00:00,126.0,34.0,0.0,0.0,106.0,16.0,282.0,4.0,-0.9659258262890683,-0.25881904510252063,1,0
2013-06-18 18:00:00,0.0,0.0,0.0,0.0,0.0,0.0,0.0,0.0,-1.0,-1.8369701987210297e-16,1,1
2013-06-18 19:00:00,0.0,0.0,0.0,0.0,30.0,6.0,36.0,2.0,-0.9659258262890684,0.2588190451025203,1,0
2013-06-18 20:00:00,0.0,0.0,0.0,0.0,10.0,0.0,10.0,1.0,-0.8660254037844386,0.5000000000000001,1,0
2013-06-18 21:00:00,0.0,0.0,0.0,0.0,44.0,0.0,44.0,1.0,-0.7071067811865477,0.7071067811865474,1,0
2013-06-18 22:00:00,48.0,4.0,0.0,0.0,40.0,8.0,100.0,4.0,-0.5000000000000004,0.8660254037844384,1,0
2013-06-18 23:00:00,0.0,0.0,0.0,0.0,18.0,0.0,18.0,1.0,-0.25881904510252157,0.9659258262890681,1,0
2013-06-19 00:00:00,46.0,162.0,4.0,42.0,30.0,6.0,290.0,6.0,0.0,1.0,2,0
2013-06-19 01:00:00,0.0,4.0,0.0,0.0,0.0,0.0,4.0,1.0,0.25881904510252074,0.9659258262890683,2,0
2013-06-19 02:00:00,0.0,24.0,0.0,0.0,0.0,0.0,24.0,1.0,0.49999999999999994,0.8660254037844387,2,0
2013-06-19 03:00:00,0.0,6.0,0.0,0.0,2.0,0.0,8.0,2.0,0.7071067811865476,0.7071067811865476,2,0
2013-06-19 04:00:00,0.0,4.0,0.0,0.0,0.0,0.0,4.0,1.0,0.8660254037844386,0.5000000000000001,2,0
2013-06-19 05:00:00,0.0,4.0,0.0,2.0,0.0,0.0,6.0,2.0,0.9659258262890683,0.25881904510252074,2,0
2013-06-19 06:00:00,27.0,86.0,0.0,0.0,0.0,0.0,113.0,2.0,1.0,6.123233995736766e-17,2,0
2013-06-19 07:00:00,5.0,2.0,2.0,40.0,72.0,14.0,135.0,6.0,0.9659258262890683,-0.25881904510252063,2,0
2013-06-19 08:00:00,52.0,2.0,4.0,174.0,94.0,0.0,326.0,5.0,0.8660254037844387,-0.4999999999999998,2,0
2013-06-19 09:00:00,8.0,2.0,4.0,16.0,64.0,2.0,96.0,6.0,0.7071067811865476,-0.7071067811865475,2,0
2013-06-19 10:00:00,270.0,202.0,0.0,0.0,20.0,4.0,496.0,4.0,0.49999999999999994,-0.8660254037844387,2,0
2013-06-19 11:00:00,0.0,0.0,0.0,2.0,2.0,0.0,4.0,2.0,0.258819045102521,-0.9659258262890682,2,0
2013-06-19 12:00:00,58.0,4.0,4.0,90.0,60.0,20.0,236.0,6.0,1.2246467991473532e-16,-1.0,2,0
2013-06-19 13:00:00,0.0,0.0,0.0,0.0,16.0,8.0,24.0,2.0,-0.2588190451025208,-0.9659258262890683,2,0
2013-06-19 14:00:00,0.0,0.0,4.0,108.0,78.0,12.0,202.0,4.0,-0.4999999999999997,-0.8660254037844388,2,0
2013-06-19 15:00:00,30.0,4.0,4.0,36.0,58.0,20.0,152.0,6.0,-0.7071067811865471,-0.7071067811865479,2,0
2013-06-19 16:00:00,0.0,0.0,8.0,2.0,134.0,32.0,176.0,4.0,-0.8660254037844385,-0.5000000000000004,2,0
2013-06-19 17:00:00,0.0,74.0,0.0,0.0,140.0,32.0,246.0,3.0,-0.9659258262890683,-0.25881904510252063,2,0
2013-06-19 18:00:00,2.0,72.0,6.0,18.0,52.0,10.0,160.0,6.0,-1.0,-1.8369701987210297e-16,2,0
2013-06-19 19:00:00,0.0,0.0,0.0,0.0,22.0,0.0,22.0,1.0,-0.9659258262890684,0.2588190451025203,2,0
2013-06-19 20:00:00,0.0,0.0,0.0,0.0,14.0,0.0,14.0,1.0,-0.8660254037844386,0.5000000000000001,2,0
2013-06-19 21:00:00,26.0,6.0,12.0,38.0,62.0,0.0,144.0,5.0,-0.7071067811865477,0.7071067811865474,2,0
2013-06-19 22:00:00,0.0,0.0,0.0,0.0,0.0,0.0,0.0,0.0,-0.5000000000000004,0.8660254037844384,2,1
2013-06-19 23:00:00,24.0,166.0,0.0,0.0,40.0,0.0,230.0,3.0,-0.25881904510252157,0.9659258262890681,2,0
2013-06-20 00:00:00,0.0,4.0,0.0,0.0,0.0,0.0,4.0,1.0,0.0,1.0,3,0
2013-06-20 01:00:00,0.0,0.0,0.0,0.0,0.0,0.0,0.0,0.0,0.25881904510252074,0.9659258262890683,3,1
2013-06-20 02:00:00,0.0,4.0,0.0,0.0,0.0,0.0,4.0,1.0,0.49999999999999994,0.8660254037844387,3,0
2013-06-20 03:00:00,0.0,18.0,0.0,0.0,0.0,0.0,18.0,1.0,0.7071067811865476,0.7071067811865476,3,0
2013-06-20 04:00:00,0.0,0.0,0.0,0.0,0.0,0.0,0.0,0.0,0.8660254037844386,0.5000000000000001,3,1
2013-06-20 05:00:00,0.0,2.0,0.0,0.0,0.0,0.0,2.0,1.0,0.9659258262890683,0.25881904510252074,3,0
2013-06-20 06:00:00,0.0,0.0,0.0,0.0,0.0,0.0,0.0,0.0,1.0,6.123233995736766e-17,3,1
2013-06-20 07:00:00,40.0,70.0,4.0,38.0,24.0,14.0,190.0,6.0,0.9659258262890683,-0.25881904510252063,3,0
2013-06-20 08:00:00,0.0,0.0,0.0,73.0,50.0,0.0,123.0,2.0,0.8660254037844387,-0.4999999999999998,3,0
2013-06-20 09:00:00,76.0,64.0,2.0,123.0,62.0,2.0,329.0,6.0,0.7071067811865476,-0.7071067811865475,3,0
2013-06-20 10:00:00,180.0,68.0,0.0,0.0,26.0,14.0,288.0,4.0,0.49999999999999994,-0.8660254037844387,3,0
2013-06-20 11:00:00,44.0,0.0,18.0,2.0,64.0,8.0,136.0,5.0,0.258819045102521,-0.9659258262890682,3,0
2013-06-20 12:00:00,0.0,0.0,0.0,0.0,20.0,0.0,20.0,1.0,1.2246467991473532e-16,-1.0,3,0
2013-06-20 13:00:00,20.0,0.0,16.0,366.0,120.0,2.0,524.0,5.0,-0.2588190451025208,-0.9659258262890683,3,0
2013-06-20 14:00:00,34.0,0.0,12.0,18.0,110.0,14.0,188.0,5.0,-0.4999999999999997,-0.8660254037844388,3,0
2013-06-20 15:00:00,0.0,0.0,0.0,0.0,0.0,0.0,0.0,0.0,-0.7071067811865471,-0.7071067811865479,3,1
2013-06-20 16:00:00,0.0,0.0,0.0,0.0,38.0,4.0,42.0,2.0,-0.8660254037844385,-0.5000000000000004,3,0
2013-06-20 17:00:00,26.0,0.0,0.0,0.0,46.0,10.0,82.0,3.0,-0.9659258262890683,-0.25881904510252063,3,0
2013-06-20 18:00:00,12.0,0.0,6.0,2.0,30.0,6.0,56.0,5.0,-1.0,-1.8369701987210297e-16,3,0
2013-06-20 19:00:00,0.0,0.0,0.0,0.0,24.0,0.0,24.0,1.0,-0.9659258262890684,0.2588190451025203,3,0
2013-06-20 20:00:00,0.0,0.0,0.0,0.0,34.0,0.0,34.0,1.0,-0.8660254037844386,0.5000000000000001,3,0
2013-06-20 21:00:00,0.0,0.0,0.0,0.0,28.0,0.0,28.0,1.0,-0.7071067811865477,0.7071067811865474,3,0
2013-06-20 22:00:00,0.0,0.0,0.0,0.0,42.0,0.0,42.0,1.0,-0.5000000000000004,0.8660254037844384,3,0
2013-06-20 23:00:00,30.0,4.0,6.0,54.0,66.0,10.0,170.0,6.0,-0.25881904510252157,0.9659258262890681,3,0
2013-06-21 00:00:00,68.0,142.0,2.0,32.0,98.0,0.0,342.0,5.0,0.0,1.0,4,0
2013-06-21 01:00:00,0.0,6.0,0.0,0.0,0.0,0.0,6.0,1.0,0.25881904510252074,0.9659258262890683,4,0
2013-06-21 02:00:00,0.0,0.0,0.0,0.0,0.0,0.0,0.0,0.0,0.49999999999999994,0.8660254037844387,4,1
2013-06-21 03:00:00,0.0,6.0,0.0,0.0,0.0,0.0,6.0,1.0,0.7071067811865476,0.7071067811865476,4,0
2013-06-21 04:00:00,0.0,6.0,0.0,0.0,0.0,0.0,6.0,1.0,0.8660254037844386,0.5000000000000001,4,0
2013-06-21 05:00:00,24.0,108.0,6.0,84.0,40.0,18.0,280.0,6.0,0.9659258262890683,0.25881904510252074,4,0
2013-06-21 06:00:00,0.0,0.0,0.0,0.0,30.0,0.0,30.0,1.0,1.0,6.123233995736766e-17,4,0
2013-06-21 07:00:00,46.0,88.0,8.0,182.0,62.0,2.0,388.0,6.0,0.9659258262890683,-0.25881904510252063,4,0
2013-06-21 08:00:00,52.0,6.0,2.0,94.0,118.0,2.0,274.0,6.0,0.8660254037844387,-0.4999999999999998,4,0
2013-06-21 09:00:00,0.0,0.0,0.0,0.0,8.0,0.0,8.0,1.0,0.7071067811865476,-0.7071067811865475,4,0
2013-06-21 10:00:00,0.0,0.0,0.0,0.0,26.0,0.0,26.0,1.0,0.49999999999999994,-0.8660254037844387,4,0
2013-06-21 11:00:00,278.0,283.0,0.0,0.0,42.0,2.0,605.0,4.0,0.258819045102521,-0.9659258262890682,4,0
2013-06-21 12:00:00,32.0,23.0,0.0,0.0,66.0,0.0,121.0,3.0,1.2246467991473532e-16,-1.0,4,0
2013-06-21 13:00:00,0.0,0.0,0.0,0.0,54.0,8.0,62.0,2.0,-0.2588190451025208,-0.9659258262890683,4,0
2013-06-21 14:00:00,0.0,0.0,0.0,0.0,0.0,0.0,0.0,0.0,-0.4999999999999997,-0.8660254037844388,4,1
2013-06-21 15:00:00,38.0,0.0,0.0,0.0,32.0,6.0,76.0,3.0,-0.7071067811865471,-0.7071067811865479,4,0
2013-06-21 16:00:00,0.0,0.0,0.0,0.0,38.0,0.0,38.0,1.0,-0.8660254037844385,-0.5000000000000004,4,0
2013-06-21 17:00:00,0.0,0.0,0.0,0.0,16.0,12.0,28.0,2.0,-0.9659258262890683,-0.25881904510252063,4,0
2013-06-21 18:00:00,0.0,0.0,0.0,0.0,0.0,0.0,0.0,0.0,-1.0,-1.8369701987210297e-16,4,1
2013-06-21 19:00:00,18.0,0.0,0.0,0.0,58.0,6.0,82.0,3.0,-0.9659258262890684,0.2588190451025203,4,0
2013-06-21 20:00:00,30.0,0.0,0.0,0.0,38.0,0.0,68.0,2.0,-0.8660254037844386,0.5000000000000001,4,0
2013-06-21 21:00:00,0.0,0.0,0.0,0.0,40.0,0.0,40.0,1.0,-0.7071067811865477,0.7071067811865474,4,0
2013-06-21 22:00:00,0.0,0.0,0.0,0.0,18.0,0.0,18.0,1.0,-0.5000000000000004,0.8660254037844384,4,0
2013-06-21 23:00:00,0.0,0.0,0.0,0.0,18.0,0.0,18.0,1.0,-0.25881904510252157,0.9659258262890681,4,0
2013-06-22 00:00:00,36.0,88.0,6.0,56.0,82.0,16.0,284.0,6.0,0.0,1.0,5,0
2013-06-22 01:00:00,34.0,114.0,0.0,0.0,0.0,0.0,148.0,2.0,0.25881904510252074,0.9659258262890683,5,0
2013-06-22 02:00:00,0.0,0.0,0.0,0.0,0.0,0.0,0.0,0.0,0.49999999999999994,0.8660254037844387,5,1
2013-06-22 03:00:00,0.0,16.0,0.0,0.0,0.0,0.0,16.0,1.0,0.7071067811865476,0.7071067811865476,5,0
2013-06-22 04:00:00,0.0,0.0,0.0,0.0,0.0,0.0,0.0,0.0,0.8660254037844386,0.5000000000000001,5,1
2013-06-22 05:00:00,0.0,0.0,0.0,0.0,0.0,0.0,0.0,0.0,0.9659258262890683,0.25881904510252074,5,1
2013-06-22 06:00:00,0.0,0.0,0.0,0.0,0.0,0.0,0.0,0.0,1.0,6.123233995736766e-17,5,1
2013-06-22 07:00:00,0.0,2.0,0.0,0.0,0.0,0.0,2.0,1.0,0.9659258262890683,-0.25881904510252063,5,0
2013-06-22 08:00:00,0.0,2.0,0.0,0.0,0.0,0.0,2.0,1.0,0.8660254037844387,-0.4999999999999998,5,0
2013-06-22 09:00:00,26.0,50.0,8.0,42.0,50.0,14.0,190.0,6.0,0.7071067811865476,-0.7071067811865475,5,0
2013-06-22 10:00:00,0.0,0.0,6.0,316.0,76.0,0.0,398.0,3.0,0.49999999999999994,-0.8660254037844387,5,0
2013-06-22 11:00:00,0.0,0.0,0.0,0.0,38.0,0.0,38.0,1.0,0.258819045102521,-0.9659258262890682,5,0
2013-06-22 12:00:00,238.0,254.0,2.0,92.0,72.0,0.0,658.0,5.0,1.2246467991473532e-16,-1.0,5,0
2013-06-22 13:00:00,34.0,114.0,0.0,0.0,96.0,0.0,244.0,3.0,-0.2588190451025208,-0.9659258262890683,5,0
2013-06-22 14:00:00,38.0,4.0,2.0,104.0,76.0,16.0,240.0,6.0,-0.4999999999999997,-0.8660254037844388,5,0
2013-06-22 15:00:00,0.0,0.0,4.0,178.0,58.0,0.0,240.0,3.0,-0.7071067811865471,-0.7071067811865479,5,0
2013-06-22 16:00:00,0.0,0.0,8.0,70.0,48.0,0.0,126.0,3.0,-0.8660254037844385,-0.5000000000000004,5,0
2013-06-22 17:00:00,0.0,30.0,0.0,0.0,40.0,22.0,92.0,3.0,-0.9659258262890683,-0.25881904510252063,5,0
2013-06-22 18:00:00,0.0,0.0,0.0,0.0,0.0,0.0,0.0,0.0,-1.0,-1.8369701987210297e-16,5,1
2013-06-22 19:00:00,46.0,0.0,4.0,18.0,30.0,10.0,108.0,5.0,-0.9659258262890684,0.2588190451025203,5,0
2013-06-22 20:00:00,0.0,0.0,0.0,0.0,4.0,0.0,4.0,1.0,-0.8660254037844386,0.5000000000000001,5,0
2013-06-22 21:00:00,0.0,0.0,2.0,166.0,62.0,0.0,230.0,3.0,-0.7071067811865477,0.7071067811865474,5,0
2013-06-22 22:00:00,0.0,2.0,0.0,0.0,4.0,0.0,6.0,2.0,-0.5000000000000004,0.8660254037844384,5,0
2013-06-22 23:00:00,0.0,0.0,0.0,2.0,10.0,0.0,12.0,2.0,-0.25881904510252157,0.9659258262890681,5,0
2013-06-23 00:00:00,6.0,60.0,2.0,16.0,52.0,14.0,150.0,6.0,0.0,1.0,6,0
2013-06-23 01:00:00,78.0,112.0,0.0,0.0,0.0,0.0,190.0,2.0,0.25881904510252074,0.9659258262890683,6,0
2013-06-23 02:00:00,0.0,2.0,0.0,0.0,0.0,0.0,2.0,1.0,0.49999999999999994,0.8660254037844387,6,0
2013-06-23 03:00:00,0.0,10.0,0.0,0.0,0.0,0.0,10.0,1.0,0.7071067811865476,0.7071067811865476,6,0
2013-06-23 04:00:00,0.0,4.0,0.0,0.0,0.0,0.0,4.0,1.0,0.8660254037844386,0.5000000000000001,6,0
2013-06-23 05:00:00,0.0,4.0,0.0,0.0,0.0,0.0,4.0,1.0,0.9659258262890683,0.25881904510252074,6,0
2013-06-23 06:00:00,0.0,4.0,0.0,0.0,0.0,0.0,4.0,1.0,1.0,6.123233995736766e-17,6,0
2013-06-23 07:00:00,0.0,4.0,0.0,0.0,0.0,2.0,6.0,2.0,0.9659258262890683,-0.25881904510252063,6,0
2013-06-23 08:00:00,28.0,50.0,4.0,48.0,34.0,16.0,180.0,6.0,0.8660254037844387,-0.4999999999999998,6,0
2013-06-23 09:00:00,0.0,0.0,0.0,0.0,28.0,0.0,28.0,1.0,0.7071067811865476,-0.7071067811865475,6,0
2013-06-23 10:00:00,84.0,4.0,2.0,208.0,106.0,0.0,404.0,5.0,0.49999999999999994,-0.8660254037844387,6,0
2013-06-23 11:00:00,0.0,25.0,0.0,244.0,64.0,0.0,333.0,3.0,0.258819045102521,-0.9659258262890682,6,0
2013-06-23 12:00:00,318.0,187.0,0.0,0.0,30.0,2.0,537.0,4.0,1.2246467991473532e-16,-1.0,6,0
2013-06-23 13:00:00,0.0,0.0,0.0,0.0,24.0,0.0,24.0,1.0,-0.2588190451025208,-0.9659258262890683,6,0
2013-06-23 14:00:00,0.0,0.0,2.0,110.0,24.0,0.0,136.0,3.0,-0.4999999999999997,-0.8660254037844388,6,0
2013-06-23 15:00:00,0.0,0.0,10.0,140.0,100.0,0.0,250.0,3.0,-0.7071067811865471,-0.7071067811865479,6,0
2013-06-23 16:00:00,0.0,0.0,0.0,0.0,80.0,0.0,80.0,1.0,-0.8660254037844385,-0.5000000000000004,6,0
2013-06-23 17:00:00,72.0,10.0,12.0,0.0,116.0,10.0,220.0,5.0,-0.9659258262890683,-0.25881904510252063,6,0
2013-06-23 18:00:00,0.0,0.0,0.0,0.0,0.0,0.0,0.0,0.0,-1.0,-1.8369701987210297e-16,6,1
2013-06-23 19:00:00,0.0,0.0,6.0,22.0,26.0,8.0,62.0,4.0,-0.9659258262890684,0.2588190451025203,6,0
2013-06-23 20:00:00,0.0,0.0,0.0,0.0,0.0,0.0,0.0,0.0,-0.8660254037844386,0.5000000000000001,6,1
2013-06-23 21:00:00,0.0,0.0,0.0,0.0,2.0,0.0,2.0,1.0,-0.7071067811865477,0.7071067811865474,6,0
2013-06-23 22:00:00,0.0,0.0,0.0,0.0,12.0,0.0,12.0,1.0,-0.5000000000000004,0.8660254037844384,6,0
2013-06-23 23:00:00,0.0,0.0,0.0,0.0,22.0,0.0,22.0,1.0,-0.25881904510252157,0.9659258262890681,6,0
2013-06-24 00:00:00,8.0,70.0,6.0,60.0,132.0,10.0,286.0,6.0,0.0,1.0,0,0
2013-06-24 01:00:00,86.0,132.0,0.0,0.0,92.0,0.0,310.0,3.0,0.25881904510252074,0.9659258262890683,0,0
2013-06-24 02:00:00,0.0,6.0,0.0,0.0,0.0,0.0,6.0,1.0,0.49999999999999994,0.8660254037844387,0,0
2013-06-24 03:00:00,0.0,10.0,0.0,0.0,0.0,0.0,10.0,1.0,0.7071067811865476,0.7071067811865476,0,0
2013-06-24 04:00:00,0.0,6.0,0.0,0.0,0.0,0.0,6.0,1.0,0.8660254037844386,0.5000000000000001,0,0
2013-06-24 05:00:00,0.0,4.0,0.0,0.0,0.0,0.0,4.0,1.0,0.9659258262890683,0.25881904510252074,0,0
2013-06-24 06:00:00,0.0,8.0,0.0,0.0,0.0,0.0,8.0,1.0,1.0,6.123233995736766e-17,0,0
2013-06-24 07:00:00,30.0,42.0,2.0,16.0,56.0,16.0,162.0,6.0,0.9659258262890683,-0.25881904510252063,0,0
2013-06-24 08:00:00,0.0,0.0,0.0,0.0,38.0,0.0,38.0,1.0,0.8660254037844387,-0.4999999999999998,0,0
2013-06-24 09:00:00,32.0,2.0,4.0,250.0,76.0,2.0,366.0,6.0,0.7071067811865476,-0.7071067811865475,0,0
2013-06-24 10:00:00,0.0,0.0,0.0,0.0,118.0,0.0,118.0,1.0,0.49999999999999994,-0.8660254037844387,0,0
2013-06-24 11:00:00,0.0,0.0,0.0,16.0,146.0,0.0,162.0,2.0,0.258819045102521,-0.9659258262890682,0,0
2013-06-24 12:00:00,82.0,16.0,12.0,490.0,86.0,8.0,694.0,6.0,1.2246467991473532e-16,-1.0,0,0
2013-06-24 13:00:00,56.0,86.0,0.0,0.0,152.0,2.0,296.0,4.0,-0.2588190451025208,-0.9659258262890683,0,0
2013-06-24 14:00:00,324.0,140.0,2.0,18.0,72.0,16.0,572.0,6.0,-0.4999999999999997,-0.8660254037844388,0,0
2013-06-24 15:00:00,0.0,0.0,0.0,0.0,44.0,6.0,50.0,2.0,-0.7071067811865471,-0.7071067811865479,0,0
2013-06-24 16:00:00,0.0,0.0,0.0,0.0,50.0,18.0,68.0,2.0,-0.8660254037844385,-0.5000000000000004,0,0
2013-06-24 17:00:00,0.0,0.0,12.0,274.0,134.0,28.0,448.0,4.0,-0.9659258262890683,-0.25881904510252063,0,0
2013-06-24 18:00:00,0.0,0.0,0.0,0.0,54.0,0.0,54.0,1.0,-1.0,-1.8369701987210297e-16,0,0
2013-06-24 19:00:00,0.0,0.0,0.0,0.0,64.0,0.0,64.0,1.0,-0.9659258262890684,0.2588190451025203,0,0
2013-06-24 20:00:00,0.0,0.0,0.0,0.0,94.0,0.0,94.0,1.0,-0.8660254037844386,0.5000000000000001,0,0
2013-06-24 21:00:00,0.0,0.0,0.0,0.0,94.0,0.0,94.0,1.0,-0.7071067811865477,0.7071067811865474,0,0
2013-06-24 22:00:00,26.0,2.0,6.0,138.0,128.0,2.0,302.0,6.0,-0.5000000000000004,0.8660254037844384,0,0
2013-06-24 23:00:00,26.0,330.0,0.0,0.0,114.0,6.0,476.0,4.0,-0.25881904510252157,0.9659258262890681,0,0
2013-06-25 00:00:00,100.0,80.0,0.0,0.0,0.0,0.0,180.0,2.0,0.0,1.0,1,0
2013-06-25 01:00:00,0.0,0.0,0.0,0.0,0.0,0.0,0.0,0.0,0.25881904510252074,0.9659258262890683,1,1
2013-06-25 02:00:00,0.0,8.0,0.0,0.0,0.0,0.0,8.0,1.0,0.49999999999999994,0.8660254037844387,1,0
2013-06-25 03:00:00,0.0,18.0,0.0,0.0,0.0,0.0,18.0,1.0,0.7071067811865476,0.7071067811865476,1,0
2013-06-25 04:00:00,0.0,0.0,0.0,0.0,0.0,0.0,0.0,0.0,0.8660254037844386,0.5000000000000001,1,1
2013-06-25 05:00:00,0.0,10.0,0.0,0.0,0.0,0.0,10.0,1.0,0.9659258262890683,0.25881904510252074,1,0
2013-06-25 06:00:00,0.0,4.0,0.0,0.0,0.0,0.0,4.0,1.0,1.0,6.123233995736766e-17,1,0
2013-06-25 07:00:00,86.0,56.0,6.0,36.0,46.0,12.0,242.0,6.0,0.9659258262890683,-0.25881904510252063,1,0
2013-06-25 08:00:00,0.0,0.0,0.0,0.0,34.0,0.0,34.0,1.0,0.8660254037844387,-0.4999999999999998,1,0
2013-06-25 09:00:00,0.0,0.0,8.0,270.0,96.0,0.0,374.0,3.0,0.7071067811865476,-0.7071067811865475,1,0
2013-06-25 10:00:00,364.0,222.0,0.0,28.0,86.0,12.0,712.0,5.0,0.49999999999999994,-0.8660254037844387,1,0
2013-06-25 11:00:00,0.0,0.0,0.0,0.0,0.0,0.0,0.0,0.0,0.258819045102521,-0.9659258262890682,1,1
2013-06-25 12:00:00,0.0,0.0,28.0,228.0,52.0,30.0,338.0,4.0,1.2246467991473532e-16,-1.0,1,0
2013-06-25 13:00:00,0.0,0.0,0.0,0.0,80.0,0.0,80.0,1.0,-0.2588190451025208,-0.9659258262890683,1,0
2013-06-25 14:00:00,48.0,4.0,0.0,0.0,36.0,8.0,96.0,4.0,-0.4999999999999997,-0.8660254037844388,1,0
2013-06-25 15:00:00,32.0,4.0,0.0,0.0,38.0,6.0,80.0,4.0,-0.7071067811865471,-0.7071067811865479,1,0
2013-06-25 16:00:00,0.0,0.0,2.0,142.0,28.0,0.0,172.0,3.0,-0.8660254037844385,-0.5000000000000004,1,0
2013-06-25 17:00:00,12.0,4.0,12.0,38.0,92.0,10.0,168.0,6.0,-0.9659258262890683,-0.25881904510252063,1,0
2013-06-25 18:00:00,0.0,0.0,0.0,0.0,0.0,0.0,0.0,0.0,-1.0,-1.8369701987210297e-16,1,1
2013-06-25 19:00:00,0.0,0.0,0.0,38.0,32.0,6.0,76.0,3.0,-0.9659258262890684,0.2588190451025203,1,0
2013-06-25 20:00:00,0.0,0.0,0.0,0.0,22.0,0.0,22.0,1.0,-0.8660254037844386,0.5000000000000001,1,0
2013-06-25 21:00:00,0.0,0.0,4.0,182.0,44.0,0.0,230.0,3.0,-0.7071067811865477,0.7071067811865474,1,0
2013-06-25 22:00:00,0.0,0.0,0.0,2.0,98.0,0.0,100.0,2.0,-0.5000000000000004,0.8660254037844384,1,0
2013-06-25 23:00:00,68.0,286.0,10.0,100.0,74.0,8.0,546.0,6.0,-0.25881904510252157,0.9659258262890681,1,0
2013-06-26 00:00:00,0.0,22.0,0.0,0.0,0.0,0.0,22.0,1.0,0.0,1.0,2,0
2013-06-26 01:00:00,0.0,8.0,0.0,0.0,0.0,0.0,8.0,1.0,0.25881904510252074,0.9659258262890683,2,0
2013-06-26 02:00:00,0.0,2.0,0.0,4.0,0.0,0.0,6.0,2.0,0.49999999999999994,0.8660254037844387,2,0
2013-06-26 03:00:00,0.0,14.0,0.0,0.0,0.0,0.0,14.0,1.0,0.7071067811865476,0.7071067811865476,2,0
2013-06-26 04:00:00,0.0,10.0,0.0,0.0,0.0,0.0,10.0,1.0,0.8660254037844386,0.5000000000000001,2,0
2013-06-26 05:00:00,0.0,0.0,0.0,0.0,0.0,0.0,0.0,0.0,0.9659258262890683,0.25881904510252074,2,1
2013-06-26 06:00:00,0.0,0.0,0.0,0.0,0.0,0.0,0.0,0.0,1.0,6.123233995736766e-17,2,1
2013-06-26 07:00:00,32.0,58.0,4.0,44.0,68.0,12.0,218.0,6.0,0.9659258262890683,-0.25881904510252063,2,0
2013-06-26 08:00:00,0.0,0.0,4.0,336.0,76.0,0.0,416.0,3.0,0.8660254037844387,-0.4999999999999998,2,0
2013-06-26 09:00:00,398.0,152.0,6.0,30.0,42.0,0.0,628.0,5.0,0.7071067811865476,-0.7071067811865475,2,0
2013-06-26 10:00:00,14.0,90.0,0.0,0.0,98.0,0.0,202.0,3.0,0.49999999999999994,-0.8660254037844387,2,0
2013-06-26 11:00:00,0.0,0.0,0.0,0.0,80.0,0.0,80.0,1.0,0.258819045102521,-0.9659258262890682,2,0
2013-06-26 12:00:00,48.0,4.0,0.0,0.0,30.0,10.0,92.0,4.0,1.2246467991473532e-16,-1.0,2,0
2013-06-26 13:00:00,0.0,42.0,18.0,58.0,78.0,28.0,224.0,5.0,-0.2588190451025208,-0.9659258262890683,2,0
2013-06-26 14:00:00,0.0,0.0,8.0,44.0,40.0,14.0,106.0,4.0,-0.4999999999999997,-0.8660254037844388,2,0
2013-06-26 15:00:00,28.0,4.0,2.0,18.0,120.0,38.0,210.0,6.0,-0.7071067811865471,-0.7071067811865479,2,0
2013-06-26 16:00:00,0.0,0.0,8.0,4.0,180.0,12.0,204.0,4.0,-0.8660254037844385,-0.5000000000000004,2,0
2013-06-26 17:00:00,24.0,44.0,4.0,46.0,152.0,20.0,290.0,6.0,-0.9659258262890683,-0.25881904510252063,2,0
2013-06-26 18:00:00,0.0,0.0,12.0,28.0,155.0,0.0,195.0,3.0,-1.0,-1.8369701987210297e-16,2,0
2013-06-26 19:00:00,0.0,0.0,0.0,0.0,25.0,0.0,25.0,1.0,-0.9659258262890684,0.2588190451025203,2,0
2013-06-26 20:00:00,0.0,0.0,0.0,0.0,30.0,0.0,30.0,1.0,-0.8660254037844386,0.5000000000000001,2,0
2013-06-26 21:00:00,0.0,0.0,0.0,0.0,42.0,0.0,42.0,1.0,-0.7071067811865477,0.7071067811865474,2,0
2013-06-26 22:00:00,0.0,0.0,6.0,76.0,54.0,0.0,136.0,3.0,-0.5000000000000004,0.8660254037844384,2,0
2013-06-26 23:00:00,28.0,34.0,2.0,102.0,116.0,6.0,288.0,6.0,-0.25881904510252157,0.9659258262890681,2,0
2013-06-27 00:00:00,82.0,154.0,0.0,0.0,0.0,0.0,236.0,2.0,0.0,1.0,3,0
2013-06-27 01:00:00,0.0,4.0,0.0,0.0,0.0,0.0,4.0,1.0,0.25881904510252074,0.9659258262890683,3,0
2013-06-27 02:00:00,0.0,26.0,0.0,0.0,0.0,0.0,26.0,1.0,0.49999999999999994,0.8660254037844387,3,0
2013-06-27 03:00:00,0.0,22.0,0.0,0.0,0.0,2.0,24.0,2.0,0.7071067811865476,0.7071067811865476,3,0
2013-06-27 04:00:00,0.0,8.0,0.0,0.0,0.0,0.0,8.0,1.0,0.8660254037844386,0.5000000000000001,3,0
2013-06-27 05:00:00,0.0,4.0,0.0,0.0,0.0,0.0,4.0,1.0,0.9659258262890683,0.25881904510252074,3,0
2013-06-27 06:00:00,0.0,0.0,0.0,2.0,0.0,0.0,2.0,1.0,1.0,6.123233995736766e-17,3,0
2013-06-27 07:00:00,0.0,6.0,0.0,0.0,0.0,0.0,6.0,1.0,0.9659258262890683,-0.25881904510252063,3,0
2013-06-27 08:00:00,0.0,0.0,0.0,0.0,0.0,0.0,0.0,0.0,0.8660254037844387,-0.4999999999999998,3,1
2013-06-27 09:00:00,32.0,40.0,2.0,60.0,62.0,16.0,212.0,6.0,0.7071067811865476,-0.7071067811865475,3,0
2013-06-27 10:00:00,0.0,0.0,0.0,186.0,50.0,0.0,236.0,2.0,0.49999999999999994,-0.8660254037844387,3,0
2013-06-27 11:00:00,0.0,0.0,0.0,0.0,22.0,0.0,22.0,1.0,0.258819045102521,-0.9659258262890682,3,0
2013-06-27 12:00:00,0.0,0.0,0.0,0.0,30.0,0.0,30.0,1.0,1.2246467991473532e-16,-1.0,3,0
2013-06-27 13:00:00,302.0,276.0,6.0,44.0,66.0,2.0,696.0,6.0,-0.2588190451025208,-0.9659258262890683,3,0
2013-06-27 14:00:00,0.0,0.0,2.0,192.0,60.0,0.0,254.0,3.0,-0.4999999999999997,-0.8660254037844388,3,0
2013-06-27 15:00:00,0.0,0.0,2.0,26.0,32.0,6.0,66.0,4.0,-0.7071067811865471,-0.7071067811865479,3,0
2013-06-27 16:00:00,6.0,2.0,0.0,0.0,26.0,8.0,42.0,4.0,-0.8660254037844385,-0.5000000000000004,3,0
2013-06-27 17:00:00,0.0,0.0,0.0,0.0,32.0,8.0,40.0,2.0,-0.9659258262890683,-0.25881904510252063,3,0
2013-06-27 18:00:00,0.0,0.0,0.0,0.0,0.0,0.0,0.0,0.0,-1.0,-1.8369701987210297e-16,3,1
2013-06-27 19:00:00,36.0,2.0,0.0,0.0,40.0,10.0,88.0,4.0,-0.9659258262890684,0.2588190451025203,3,0
2013-06-27 20:00:00,0.0,0.0,0.0,0.0,18.0,0.0,18.0,1.0,-0.8660254037844386,0.5000000000000001,3,0
2013-06-27 21:00:00,0.0,0.0,0.0,0.0,22.0,0.0,22.0,1.0,-0.7071067811865477,0.7071067811865474,3,0
2013-06-27 22:00:00,0.0,0.0,0.0,0.0,28.0,0.0,28.0,1.0,-0.5000000000000004,0.8660254037844384,3,0
2013-06-27 23:00:00,0.0,0.0,0.0,0.0,54.0,0.0,54.0,1.0,-0.25881904510252157,0.9659258262890681,3,0
2013-06-28 00:00:00,0.0,0.0,0.0,0.0,12.0,0.0,12.0,1.0,0.0,1.0,4,0
2013-06-28 01:00:00,0.0,2.0,0.0,0.0,0.0,0.0,2.0,1.0,0.25881904510252074,0.9659258262890683,4,0
2013-06-28 02:00:00,42.0,157.0,0.0,0.0,36.0,8.0,243.0,4.0,0.49999999999999994,0.8660254037844387,4,0
2013-06-28 03:00:00,0.0,11.0,0.0,0.0,0.0,0.0,11.0,1.0,0.7071067811865476,0.7071067811865476,4,0
2013-06-28 04:00:00,0.0,0.0,0.0,0.0,0.0,0.0,0.0,0.0,0.8660254037844386,0.5000000000000001,4,1
2013-06-28 05:00:00,0.0,2.0,0.0,0.0,0.0,0.0,2.0,1.0,0.9659258262890683,0.25881904510252074,4,0
2013-06-28 06:00:00,0.0,0.0,0.0,0.0,0.0,0.0,0.0,0.0,1.0,6.123233995736766e-17,4,1
2013-06-28 07:00:00,0.0,2.0,0.0,0.0,0.0,0.0,2.0,1.0,0.9659258262890683,-0.25881904510252063,4,0
2013-06-28 08:00:00,24.0,42.0,2.0,44.0,44.0,16.0,172.0,6.0,0.8660254037844387,-0.4999999999999998,4,0
2013-06-28 09:00:00,199.0,144.0,4.0,134.0,98.0,2.0,581.0,6.0,0.7071067811865476,-0.7071067811865475,4,0
2013-06-28 10:00:00,9.0,40.0,2.0,102.0,20.0,18.0,191.0,6.0,0.49999999999999994,-0.8660254037844387,4,0
2013-06-28 11:00:00,0.0,0.0,6.0,76.0,56.0,0.0,138.0,3.0,0.258819045102521,-0.9659258262890682,4,0
2013-06-28 12:00:00,66.0,6.0,0.0,0.0,82.0,0.0,154.0,3.0,1.2246467991473532e-16,-1.0,4,0
2013-06-28 13:00:00,4.0,2.0,0.0,0.0,30.0,10.0,46.0,4.0,-0.2588190451025208,-0.9659258262890683,4,0
2013-06-28 14:00:00,0.0,0.0,0.0,0.0,0.0,0.0,0.0,0.0,-0.4999999999999997,-0.8660254037844388,4,1
2013-06-28 15:00:00,0.0,0.0,0.0,0.0,0.0,0.0,0.0,0.0,-0.7071067811865471,-0.7071067811865479,4,1
2013-06-28 16:00:00,0.0,0.0,0.0,0.0,0.0,0.0,0.0,0.0,-0.8660254037844385,-0.5000000000000004,4,1
2013-06-28 17:00:00,0.0,0.0,0.0,0.0,0.0,0.0,0.0,0.0,-0.9659258262890683,-0.25881904510252063,4,1
2013-06-28 18:00:00,40.0,0.0,10.0,270.0,100.0,30.0,450.0,5.0,-1.0,-1.8369701987210297e-16,4,0
2013-06-28 19:00:00,0.0,0.0,0.0,62.0,150.0,0.0,212.0,2.0,-0.9659258262890684,0.2588190451025203,4,0
2013-06-28 20:00:00,0.0,0.0,0.0,0.0,58.0,0.0,58.0,1.0,-0.8660254037844386,0.5000000000000001,4,0
2013-06-28 21:00:00,0.0,0.0,0.0,0.0,30.0,0.0,30.0,1.0,-0.7071067811865477,0.7071067811865474,4,0
2013-06-28 22:00:00,0.0,0.0,0.0,0.0,10.0,0.0,10.0,1.0,-0.5000000000000004,0.8660254037844384,4,0
2013-06-28 23:00:00,86.0,130.0,6.0,96.0,68.0,12.0,398.0,6.0,-0.25881904510252157,0.9659258262890681,4,0
2013-06-29 00:00:00,64.0,32.0,0.0,0.0,44.0,0.0,140.0,3.0,0.0,1.0,5,0
2013-06-29 01:00:00,0.0,2.0,0.0,0.0,0.0,0.0,2.0,1.0,0.25881904510252074,0.9659258262890683,5,0
2013-06-29 02:00:00,0.0,12.0,0.0,0.0,0.0,0.0,12.0,1.0,0.49999999999999994,0.8660254037844387,5,0
2013-06-29 03:00:00,0.0,10.0,0.0,0.0,0.0,0.0,10.0,1.0,0.7071067811865476,0.7071067811865476,5,0
2013-06-29 04:00:00,0.0,4.0,0.0,0.0,0.0,0.0,4.0,1.0,0.8660254037844386,0.5000000000000001,5,0
2013-06-29 05:00:00,0.0,2.0,0.0,0.0,0.0,0.0,2.0,1.0,0.9659258262890683,0.25881904510252074,5,0
2013-06-29 06:00:00,32.0,36.0,4.0,38.0,26.0,18.0,154.0,6.0,1.0,6.123233995736766e-17,5,0
2013-06-29 07:00:00,0.0,0.0,6.0,180.0,38.0,0.0,224.0,3.0,0.9659258262890683,-0.25881904510252063,5,0
2013-06-29 08:00:00,4.0,66.0,10.0,154.0,92.0,0.0,326.0,5.0,0.8660254037844387,-0.4999999999999998,5,0
2013-06-29 09:00:00,284.0,56.0,0.0,0.0,22.0,24.0,386.0,4.0,0.7071067811865476,-0.7071067811865475,5,0
2013-06-29 10:00:00,0.0,0.0,0.0,0.0,12.0,0.0,12.0,1.0,0.49999999999999994,-0.8660254037844387,5,0
2013-06-29 11:00:00,32.0,2.0,10.0,47.0,58.0,0.0,149.0,5.0,0.258819045102521,-0.9659258262890682,5,0
2013-06-29 12:00:00,0.0,0.0,6.0,407.0,50.0,0.0,463.0,3.0,1.2246467991473532e-16,-1.0,5,0
2013-06-29 13:00:00,0.0,0.0,0.0,0.0,0.0,0.0,0.0,0.0,-0.2588190451025208,-0.9659258262890683,5,1
2013-06-29 14:00:00,44.0,4.0,8.0,30.0,48.0,10.0,144.0,6.0,-0.4999999999999997,-0.8660254037844388,5,0
2013-06-29 15:00:00,0.0,0.0,24.0,162.0,156.0,26.0,368.0,4.0,-0.7071067811865471,-0.7071067811865479,5,0
2013-06-29 16:00:00,0.0,0.0,0.0,0.0,26.0,0.0,26.0,1.0,-0.8660254037844385,-0.5000000000000004,5,0
2013-06-29 17:00:00,40.0,4.0,4.0,20.0,70.0,8.0,146.0,6.0,-0.9659258262890683,-0.25881904510252063,5,0
2013-06-29 18:00:00,0.0,0.0,0.0,0.0,0.0,0.0,0.0,0.0,-1.0,-1.8369701987210297e-16,5,1
2013-06-29 19:00:00,0.0,0.0,0.0,0.0,36.0,12.0,48.0,2.0,-0.9659258262890684,0.2588190451025203,5,0
2013-06-29 20:00:00,0.0,0.0,0.0,0.0,4.0,0.0,4.0,1.0,-0.8660254037844386,0.5000000000000001,5,0
2013-06-29 21:00:00,0.0,0.0,0.0,0.0,4.0,0.0,4.0,1.0,-0.7071067811865477,0.7071067811865474,5,0
2013-06-29 22:00:00,0.0,0.0,0.0,0.0,0.0,0.0,0.0,0.0,-0.5000000000000004,0.8660254037844384,5,1
2013-06-29 23:00:00,0.0,0.0,0.0,0.0,2.0,0.0,2.0,1.0,-0.25881904510252157,0.9659258262890681,5,0
2013-06-30 00:00:00,28.0,8.0,2.0,56.0,110.0,12.0,216.0,6.0,0.0,1.0,6,0
2013-06-30 01:00:00,48.0,142.0,12.0,26.0,72.0,2.0,302.0,6.0,0.25881904510252074,0.9659258262890683,6,0
2013-06-30 02:00:00,0.0,60.0,0.0,0.0,0.0,0.0,60.0,1.0,0.49999999999999994,0.8660254037844387,6,0
2013-06-30 03:00:00,0.0,6.0,0.0,0.0,0.0,0.0,6.0,1.0,0.7071067811865476,0.7071067811865476,6,0
2013-06-30 04:00:00,0.0,2.0,0.0,0.0,0.0,0.0,2.0,1.0,0.8660254037844386,0.5000000000000001,6,0
2013-06-30 05:00:00,0.0,4.0,0.0,0.0,0.0,0.0,4.0,1.0,0.9659258262890683,0.25881904510252074,6,0
2013-06-30 06:00:00,0.0,4.0,0.0,0.0,0.0,0.0,4.0,1.0,1.0,6.123233995736766e-17,6,0
2013-06-30 07:00:00,0.0,0.0,0.0,0.0,0.0,0.0,0.0,0.0,0.9659258262890683,-0.25881904510252063,6,1
2013-06-30 08:00:00,18.0,80.0,2.0,42.0,40.0,14.0,196.0,6.0,0.8660254037844387,-0.4999999999999998,6,0
2013-06-30 09:00:00,0.0,0.0,0.0,0.0,22.0,0.0,22.0,1.0,0.7071067811865476,-0.7071067811865475,6,0
2013-06-30 10:00:00,74.0,0.0,12.0,512.0,76.0,0.0,674.0,4.0,0.49999999999999994,-0.8660254037844387,6,0
2013-06-30 11:00:00,196.0,106.0,8.0,126.0,122.0,6.0,564.0,6.0,0.258819045102521,-0.9659258262890682,6,0
2013-06-30 12:00:00,56.0,4.0,2.0,0.0,178.0,22.0,262.0,5.0,1.2246467991473532e-16,-1.0,6,0
2013-06-30 13:00:00,0.0,0.0,0.0,0.0,50.0,0.0,50.0,1.0,-0.2588190451025208,-0.9659258262890683,6,0
2013-06-30 14:00:00,24.0,2.0,4.0,44.0,112.0,14.0,200.0,6.0,-0.4999999999999997,-0.8660254037844388,6,0
2013-06-30 15:00:00,0.0,40.0,4.0,0.0,86.0,24.0,154.0,4.0,-0.7071067811865471,-0.7071067811865479,6,0
2013-06-30 16:00:00,20.0,2.0,4.0,94.0,96.0,0.0,216.0,5.0,-0.8660254037844385,-0.5000000000000004,6,0
2013-06-30 17:00:00,16.0,8.0,0.0,0.0,92.0,10.0,126.0,4.0,-0.9659258262890683,-0.25881904510252063,6,0
2013-06-30 18:00:00,0.0,0.0,0.0,0.0,0.0,0.0,0.0,0.0,-1.0,-1.8369701987210297e-16,6,1
2013-06-30 19:00:00,0.0,0.0,2.0,12.0,30.0,8.0,52.0,4.0,-0.9659258262890684,0.2588190451025203,6,0
2013-06-30 20:00:00,0.0,0.0,0.0,0.0,56.0,0.0,56.0,1.0,-0.8660254037844386,0.5000000000000001,6,0
2013-06-30 21:00:00,18.0,6.0,12.0,50.0,108.0,2.0,196.0,6.0,-0.7071067811865477,0.7071067811865474,6,0
2013-06-30 22:00:00,0.0,0.0,0.0,2.0,14.0,0.0,16.0,2.0,-0.5000000000000004,0.8660254037844384,6,0
2013-06-30 23:00:00,94.0,96.0,0.0,0.0,52.0,2.0,244.0,4.0,-0.25881904510252157,0.9659258262890681,6,0
2013-07-01 00:00:00,0.0,26.0,0.0,0.0,0.0,0.0,26.0,1.0,0.0,1.0,0,0
2013-07-01 01:00:00,0.0,10.0,0.0,0.0,0.0,0.0,10.0,1.0,0.25881904510252074,0.9659258262890683,0,0
2013-07-01 02:00:00,0.0,16.0,0.0,0.0,0.0,0.0,16.0,1.0,0.49999999999999994,0.8660254037844387,0,0
2013-07-01 03:00:00,0.0,16.0,0.0,0.0,0.0,0.0,16.0,1.0,0.7071067811865476,0.7071067811865476,0,0
2013-07-01 04:00:00,0.0,6.0,0.0,0.0,0.0,0.0,6.0,1.0,0.8660254037844386,0.5000000000000001,0,0
2013-07-01 05:00:00,0.0,4.0,0.0,0.0,0.0,0.0,4.0,1.0,0.9659258262890683,0.25881904510252074,0,0
2013-07-01 06:00:00,34.0,66.0,2.0,40.0,26.0,18.0,186.0,6.0,1.0,6.123233995736766e-17,0,0
2013-07-01 07:00:00,30.0,0.0,0.0,196.0,40.0,0.0,266.0,3.0,0.9659258262890683,-0.25881904510252063,0,0
2013-07-01 08:00:00,32.0,29.0,2.0,28.0,96.0,6.0,193.0,6.0,0.8660254037844387,-0.4999999999999998,0,0
2013-07-01 09:00:00,234.0,113.0,4.0,24.0,92.0,32.0,499.0,6.0,0.7071067811865476,-0.7071067811865475,0,0
2013-07-01 10:00:00,22.0,16.0,6.0,146.0,98.0,8.0,296.0,6.0,0.49999999999999994,-0.8660254037844387,0,0
2013-07-01 11:00:00,0.0,8.0,2.0,0.0,86.0,18.0,114.0,4.0,0.258819045102521,-0.9659258262890682,0,0
2013-07-01 12:00:00,112.0,18.0,18.0,370.0,124.0,32.0,674.0,6.0,1.2246467991473532e-16,-1.0,0,0
2013-07-01 13:00:00,2.0,154.0,4.0,4.0,144.0,46.0,354.0,6.0,-0.2588190451025208,-0.9659258262890683,0,0
2013-07-01 14:00:00,240.0,98.0,2.0,0.0,50.0,0.0,390.0,4.0,-0.4999999999999997,-0.8660254037844388,0,0
2013-07-01 15:00:00,0.0,0.0,0.0,0.0,0.0,0.0,0.0,0.0,-0.7071067811865471,-0.7071067811865479,0,1
2013-07-01 16:00:00,74.0,12.0,4.0,56.0,30.0,0.0,176.0,5.0,-0.8660254037844385,-0.5000000000000004,0,0
2013-07-01 17:00:00,0.0,0.0,0.0,0.0,30.0,16.0,46.0,2.0,-0.9659258262890683,-0.25881904510252063,0,0
2013-07-01 18:00:00,0.0,0.0,0.0,0.0,0.0,0.0,0.0,0.0,-1.0,-1.8369701987210297e-16,0,1
2013-07-01 19:00:00,0.0,0.0,2.0,168.0,20.0,0.0,190.0,3.0,-0.9659258262890684,0.2588190451025203,0,0
2013-07-01 20:00:00,32.0,2.0,12.0,56.0,86.0,0.0,188.0,5.0,-0.8660254037844386,0.5000000000000001,0,0
2013-07-01 21:00:00,0.0,0.0,2.0,60.0,110.0,18.0,190.0,4.0,-0.7071067811865477,0.7071067811865474,0,0
2013-07-01 22:00:00,0.0,0.0,0.0,0.0,56.0,0.0,56.0,1.0,-0.5000000000000004,0.8660254037844384,0,0
2013-07-01 23:00:00,96.0,132.0,2.0,0.0,60.0,12.0,302.0,5.0,-0.25881904510252157,0.9659258262890681,0,0
2013-07-02 00:00:00,0.0,10.0,0.0,0.0,0.0,0.0,10.0,1.0,0.0,1.0,1,0
2013-07-02 01:00:00,0.0,12.0,0.0,0.0,0.0,0.0,12.0,1.0,0.25881904510252074,0.9659258262890683,1,0
2013-07-02 02:00:00,0.0,20.0,0.0,2.0,0.0,0.0,22.0,2.0,0.49999999999999994,0.8660254037844387,1,0
2013-07-02 03:00:00,0.0,6.0,0.0,0.0,0.0,0.0,6.0,1.0,0.7071067811865476,0.7071067811865476,1,0
2013-07-02 04:00:00,36.0,50.0,2.0,50.0,26.0,10.0,174.0,6.0,0.8660254037844386,0.5000000000000001,1,0
2013-07-02 05:00:00,0.0,0.0,18.0,100.0,22.0,0.0,140.0,3.0,0.9659258262890683,0.25881904510252074,1,0
2013-07-02 06:00:00,0.0,0.0,0.0,174.0,32.0,0.0,206.0,2.0,1.0,6.123233995736766e-17,1,0
2013-07-02 07:00:00,40.0,627.0,0.0,54.0,64.0,2.0,787.0,5.0,0.9659258262890683,-0.25881904510252063,1,0
2013-07-02 08:00:00,0.0,1483.0,2.0,0.0,50.0,2.0,1537.0,4.0,0.8660254037844387,-0.4999999999999998,1,0
2013-07-02 09:00:00,6.0,585.0,6.0,0.0,80.0,4.0,681.0,5.0,0.7071067811865476,-0.7071067811865475,1,0
2013-07-02 10:00:00,280.0,105.0,0.0,0.0,10.0,0.0,395.0,3.0,0.49999999999999994,-0.8660254037844387,1,0
2013-07-02 11:00:00,26.0,32.0,10.0,44.0,70.0,10.0,192.0,6.0,0.258819045102521,-0.9659258262890682,1,0
2013-07-02 12:00:00,8.0,0.0,0.0,14.0,16.0,8.0,46.0,4.0,1.2246467991473532e-16,-1.0,1,0
2013-07-02 13:00:00,0.0,0.0,0.0,0.0,0.0,0.0,0.0,0.0,-0.2588190451025208,-0.9659258262890683,1,1
2013-07-02 14:00:00,0.0,62.0,0.0,0.0,142.0,10.0,214.0,3.0,-0.4999999999999997,-0.8660254037844388,1,0
2013-07-02 15:00:00,32.0,80.0,4.0,54.0,110.0,10.0,290.0,6.0,-0.7071067811865471,-0.7071067811865479,1,0
2013-07-02 16:00:00,0.0,0.0,0.0,0.0,2.0,0.0,2.0,1.0,-0.8660254037844385,-0.5000000000000004,1,0
2013-07-02 17:00:00,0.0,0.0,0.0,60.0,54.0,16.0,130.0,3.0,-0.9659258262890683,-0.25881904510252063,1,0
2013-07-02 18:00:00,0.0,0.0,2.0,150.0,30.0,0.0,182.0,3.0,-1.0,-1.8369701987210297e-16,1,0
2013-07-02 19:00:00,0.0,0.0,0.0,0.0,8.0,0.0,8.0,1.0,-0.9659258262890684,0.2588190451025203,1,0
2013-07-02 20:00:00,22.0,0.0,0.0,0.0,74.0,14.0,110.0,3.0,-0.8660254037844386,0.5000000000000001,1,0
2013-07-02 21:00:00,22.0,4.0,10.0,110.0,64.0,28.0,238.0,6.0,-0.7071067811865477,0.7071067811865474,1,0
2013-07-02 22:00:00,0.0,0.0,4.0,16.0,40.0,0.0,60.0,3.0,-0.5000000000000004,0.8660254037844384,1,0
2013-07-02 23:00:00,0.0,0.0,0.0,0.0,32.0,0.0,32.0,1.0,-0.25881904510252157,0.9659258262890681,1,0
2013-07-03 00:00:00,42.0,164.0,0.0,0.0,0.0,0.0,206.0,2.0,0.0,1.0,2,0
2013-07-03 01:00:00,0.0,0.0,0.0,0.0,0.0,0.0,0.0,0.0,0.25881904510252074,0.9659258262890683,2,1
2013-07-03 02:00:00,0.0,20.0,0.0,0.0,0.0,0.0,20.0,1.0,0.49999999999999994,0.8660254037844387,2,0
2013-07-03 03:00:00,0.0,2.0,0.0,0.0,0.0,0.0,2.0,1.0,0.7071067811865476,0.7071067811865476,2,0
2013-07-03 04:00:00,0.0,8.0,0.0,0.0,0.0,0.0,8.0,1.0,0.8660254037844386,0.5000000000000001,2,0
2013-07-03 05:00:00,380.0,250.0,10.0,128.0,70.0,0.0,838.0,5.0,0.9659258262890683,0.25881904510252074,2,0
2013-07-03 06:00:00,0.0,0.0,0.0,0.0,46.0,10.0,56.0,2.0,1.0,6.123233995736766e-17,2,0
2013-07-03 07:00:00,0.0,0.0,0.0,0.0,0.0,0.0,0.0,0.0,0.9659258262890683,-0.25881904510252063,2,1
2013-07-03 08:00:00,0.0,0.0,0.0,0.0,0.0,0.0,0.0,0.0,0.8660254037844387,-0.4999999999999998,2,1
2013-07-03 09:00:00,0.0,0.0,0.0,0.0,0.0,0.0,0.0,0.0,0.7071067811865476,-0.7071067811865475,2,1
2013-07-03 10:00:00,0.0,0.0,0.0,0.0,0.0,0.0,0.0,0.0,0.49999999999999994,-0.8660254037844387,2,1
2013-07-03 11:00:00,0.0,0.0,0.0,0.0,0.0,0.0,0.0,0.0,0.258819045102521,-0.9659258262890682,2,1
2013-07-03 12:00:00,0.0,2.0,0.0,0.0,0.0,0.0,2.0,1.0,1.2246467991473532e-16,-1.0,2,0
2013-07-03 13:00:00,0.0,0.0,0.0,2.0,0.0,0.0,2.0,1.0,-0.2588190451025208,-0.9659258262890683,2,0
2013-07-03 14:00:00,0.0,0.0,0.0,0.0,0.0,0.0,0.0,0.0,-0.4999999999999997,-0.8660254037844388,2,1
2013-07-03 15:00:00,0.0,0.0,0.0,0.0,0.0,0.0,0.0,0.0,-0.7071067811865471,-0.7071067811865479,2,1
2013-07-03 16:00:00,0.0,0.0,0.0,0.0,0.0,0.0,0.0,0.0,-0.8660254037844385,-0.5000000000000004,2,1
2013-07-03 17:00:00,0.0,0.0,0.0,0.0,0.0,0.0,0.0,0.0,-0.9659258262890683,-0.25881904510252063,2,1
2013-07-03 18:00:00,0.0,0.0,0.0,2.0,0.0,0.0,2.0,1.0,-1.0,-1.8369701987210297e-16,2,0
2013-07-03 19:00:00,0.0,0.0,0.0,0.0,0.0,0.0,0.0,0.0,-0.9659258262890684,0.2588190451025203,2,1
2013-07-03 20:00:00,0.0,0.0,0.0,0.0,0.0,0.0,0.0,0.0,-0.8660254037844386,0.5000000000000001,2,1
2013-07-03 21:00:00,0.0,0.0,0.0,2.0,0.0,0.0,2.0,1.0,-0.7071067811865477,0.7071067811865474,2,0
2013-07-03 22:00:00,0.0,0.0,0.0,0.0,0.0,0.0,0.0,0.0,-0.5000000000000004,0.8660254037844384,2,1
2013-07-03 23:00:00,0.0,0.0,0.0,0.0,0.0,0.0,0.0,0.0,-0.25881904510252157,0.9659258262890681,2,1
2013-07-04 00:00:00,0.0,0.0,0.0,0.0,0.0,0.0,0.0,0.0,0.0,1.0,3,1
2013-07-04 01:00:00,0.0,0.0,0.0,0.0,0.0,0.0,0.0,0.0,0.25881904510252074,0.9659258262890683,3,1
2013-07-04 02:00:00,0.0,0.0,0.0,0.0,0.0,0.0,0.0,0.0,0.49999999999999994,0.8660254037844387,3,1
2013-07-04 03:00:00,0.0,0.0,0.0,0.0,0.0,0.0,0.0,0.0,0.7071067811865476,0.7071067811865476,3,1
2013-07-04 04:00:00,0.0,0.0,0.0,0.0,0.0,0.0,0.0,0.0,0.8660254037844386,0.5000000000000001,3,1
2013-07-04 05:00:00,0.0,0.0,0.0,0.0,0.0,0.0,0.0,0.0,0.9659258262890683,0.25881904510252074,3,1
2013-07-04 06:00:00,0.0,0.0,0.0,2.0,0.0,0.0,2.0,1.0,1.0,6.123233995736766e-17,3,0
2013-07-04 07:00:00,0.0,0.0,0.0,0.0,0.0,0.0,0.0,0.0,0.9659258262890683,-0.25881904510252063,3,1
2013-07-04 08:00:00,0.0,0.0,0.0,0.0,0.0,0.0,0.0,0.0,0.8660254037844387,-0.4999999999999998,3,1
2013-07-04 09:00:00,0.0,0.0,0.0,0.0,0.0,0.0,0.0,0.0,0.7071067811865476,-0.7071067811865475,3,1
2013-07-04 10:00:00,0.0,0.0,0.0,0.0,0.0,0.0,0.0,0.0,0.49999999999999994,-0.8660254037844387,3,1
2013-07-04 11:00:00,0.0,0.0,0.0,0.0,0.0,0.0,0.0,0.0,0.258819045102521,-0.9659258262890682,3,1
2013-07-04 12:00:00,0.0,0.0,0.0,0.0,0.0,0.0,0.0,0.0,1.2246467991473532e-16,-1.0,3,1
2013-07-04 13:00:00,0.0,0.0,0.0,0.0,0.0,0.0,0.0,0.0,-0.2588190451025208,-0.9659258262890683,3,1
2013-07-04 14:00:00,0.0,0.0,0.0,0.0,0.0,0.0,0.0,0.0,-0.4999999999999997,-0.8660254037844388,3,1
2013-07-04 15:00:00,0.0,0.0,0.0,0.0,0.0,0.0,0.0,0.0,-0.7071067811865471,-0.7071067811865479,3,1
2013-07-04 16:00:00,0.0,0.0,0.0,0.0,0.0,0.0,0.0,0.0,-0.8660254037844385,-0.5000000000000004,3,1
2013-07-04 17:00:00,0.0,0.0,0.0,0.0,0.0,0.0,0.0,0.0,-0.9659258262890683,-0.25881904510252063,3,1
2013-07-04 18:00:00,0.0,0.0,0.0,0.0,0.0,0.0,0.0,0.0,-1.0,-1.8369701987210297e-16,3,1
2013-07-04 19:00:00,0.0,0.0,0.0,0.0,0.0,0.0,0.0,0.0,-0.9659258262890684,0.2588190451025203,3,1
2013-07-04 20:00:00,0.0,0.0,0.0,0.0,0.0,0.0,0.0,0.0,-0.8660254037844386,0.5000000000000001,3,1
2013-07-04 21:00:00,0.0,0.0,0.0,2.0,0.0,0.0,2.0,1.0,-0.7071067811865477,0.7071067811865474,3,0
2013-07-04 22:00:00,0.0,0.0,0.0,0.0,0.0,0.0,0.0,0.0,-0.5000000000000004,0.8660254037844384,3,1
2013-07-04 23:00:00,0.0,0.0,0.0,0.0,0.0,0.0,0.0,0.0,-0.25881904510252157,0.9659258262890681,3,1
2013-07-05 00:00:00,0.0,0.0,0.0,0.0,0.0,0.0,0.0,0.0,0.0,1.0,4,1
2013-07-05 01:00:00,0.0,0.0,0.0,0.0,0.0,0.0,0.0,0.0,0.25881904510252074,0.9659258262890683,4,1
2013-07-05 02:00:00,0.0,0.0,0.0,0.0,0.0,0.0,0.0,0.0,0.49999999999999994,0.8660254037844387,4,1
2013-07-05 03:00:00,0.0,0.0,0.0,0.0,0.0,0.0,0.0,0.0,0.7071067811865476,0.7071067811865476,4,1
2013-07-05 04:00:00,0.0,0.0,0.0,0.0,0.0,0.0,0.0,0.0,0.8660254037844386,0.5000000000000001,4,1
2013-07-05 05:00:00,0.0,0.0,0.0,0.0,0.0,0.0,0.0,0.0,0.9659258262890683,0.25881904510252074,4,1
2013-07-05 06:00:00,0.0,0.0,0.0,0.0,0.0,0.0,0.0,0.0,1.0,6.123233995736766e-17,4,1
2013-07-05 07:00:00,0.0,0.0,0.0,0.0,0.0,0.0,0.0,0.0,0.9659258262890683,-0.25881904510252063,4,1
2013-07-05 08:00:00,0.0,0.0,0.0,0.0,0.0,0.0,0.0,0.0,0.8660254037844387,-0.4999999999999998,4,1
2013-07-05 09:00:00,0.0,0.0,0.0,0.0,0.0,0.0,0.0,0.0,0.7071067811865476,-0.7071067811865475,4,1
2013-07-05 10:00:00,0.0,0.0,0.0,0.0,0.0,0.0,0.0,0.0,0.49999999999999994,-0.8660254037844387,4,1
2013-07-05 11:00:00,0.0,0.0,0.0,0.0,0.0,0.0,0.0,0.0,0.258819045102521,-0.9659258262890682,4,1
2013-07-05 12:00:00,0.0,0.0,0.0,0.0,0.0,0.0,0.0,0.0,1.2246467991473532e-16,-1.0,4,1
2013-07-05 13:00:00,0.0,0.0,0.0,0.0,0.0,0.0,0.0,0.0,-0.2588190451025208,-0.9659258262890683,4,1
2013-07-05 14:00:00,0.0,0.0,0.0,0.0,0.0,0.0,0.0,0.0,-0.4999999999999997,-0.8660254037844388,4,1
2013-07-05 15:00:00,0.0,0.0,0.0,0.0,0.0,0.0,0.0,0.0,-0.7071067811865471,-0.7071067811865479,4,1
2013-07-05 16:00:00,0.0,0.0,0.0,0.0,0.0,0.0,0.0,0.0,-0.8660254037844385,-0.5000000000000004,4,1
2013-07-05 17:00:00,0.0,0.0,0.0,0.0,0.0,0.0,0.0,0.0,-0.9659258262890683,-0.25881904510252063,4,1
2013-07-05 18:00:00,0.0,0.0,0.0,0.0,0.0,0.0,0.0,0.0,-1.0,-1.8369701987210297e-16,4,1
2013-07-05 19:00:00,0.0,2.0,0.0,0.0,0.0,0.0,2.0,1.0,-0.9659258262890684,0.2588190451025203,4,0
2013-07-05 20:00:00,0.0,0.0,0.0,0.0,0.0,0.0,0.0,0.0,-0.8660254037844386,0.5000000000000001,4,1
2013-07-05 21:00:00,0.0,0.0,0.0,0.0,0.0,0.0,0.0,0.0,-0.7071067811865477,0.7071067811865474,4,1
2013-07-05 22:00:00,0.0,0.0,0.0,0.0,0.0,0.0,0.0,0.0,-0.5000000000000004,0.8660254037844384,4,1
2013-07-05 23:00:00,0.0,0.0,0.0,0.0,0.0,0.0,0.0,0.0,-0.25881904510252157,0.9659258262890681,4,1
2013-07-06 00:00:00,0.0,0.0,0.0,0.0,0.0,0.0,0.0,0.0,0.0,1.0,5,1
2013-07-06 01:00:00,0.0,0.0,0.0,0.0,0.0,0.0,0.0,0.0,0.25881904510252074,0.9659258262890683,5,1
2013-07-06 02:00:00,0.0,0.0,0.0,0.0,0.0,0.0,0.0,0.0,0.49999999999999994,0.8660254037844387,5,1
2013-07-06 03:00:00,0.0,0.0,0.0,0.0,0.0,0.0,0.0,0.0,0.7071067811865476,0.7071067811865476,5,1
2013-07-06 04:00:00,0.0,0.0,0.0,0.0,0.0,0.0,0.0,0.0,0.8660254037844386,0.5000000000000001,5,1
2013-07-06 05:00:00,0.0,0.0,0.0,0.0,2.0,0.0,2.0,1.0,0.9659258262890683,0.25881904510252074,5,0
2013-07-06 06:00:00,0.0,0.0,0.0,0.0,0.0,0.0,0.0,0.0,1.0,6.123233995736766e-17,5,1
2013-07-06 07:00:00,0.0,0.0,0.0,2.0,0.0,0.0,2.0,1.0,0.9659258262890683,-0.25881904510252063,5,0
2013-07-06 08:00:00,0.0,0.0,0.0,0.0,0.0,0.0,0.0,0.0,0.8660254037844387,-0.4999999999999998,5,1
2013-07-06 09:00:00,0.0,0.0,0.0,0.0,0.0,0.0,0.0,0.0,0.7071067811865476,-0.7071067811865475,5,1
2013-07-06 10:00:00,0.0,0.0,0.0,0.0,0.0,0.0,0.0,0.0,0.49999999999999994,-0.8660254037844387,5,1
2013-07-06 11:00:00,0.0,0.0,0.0,0.0,0.0,0.0,0.0,0.0,0.258819045102521,-0.9659258262890682,5,1
2013-07-06 12:00:00,0.0,0.0,0.0,0.0,0.0,0.0,0.0,0.0,1.2246467991473532e-16,-1.0,5,1
2013-07-06 13:00:00,0.0,0.0,0.0,0.0,0.0,0.0,0.0,0.0,-0.2588190451025208,-0.9659258262890683,5,1
2013-07-06 14:00:00,0.0,0.0,0.0,0.0,0.0,0.0,0.0,0.0,-0.4999999999999997,-0.8660254037844388,5,1
2013-07-06 15:00:00,0.0,0.0,0.0,0.0,0.0,0.0,0.0,0.0,-0.7071067811865471,-0.7071067811865479,5,1
2013-07-06 16:00:00,0.0,0.0,0.0,0.0,0.0,0.0,0.0,0.0,-0.8660254037844385,-0.5000000000000004,5,1
2013-07-06 17:00:00,0.0,0.0,0.0,0.0,0.0,0.0,0.0,0.0,-0.9659258262890683,-0.25881904510252063,5,1
2013-07-06 18:00:00,0.0,0.0,0.0,0.0,0.0,0.0,0.0,0.0,-1.0,-1.8369701987210297e-16,5,1
2013-07-06 19:00:00,0.0,0.0,0.0,0.0,0.0,0.0,0.0,0.0,-0.9659258262890684,0.2588190451025203,5,1
2013-07-06 20:00:00,0.0,2.0,0.0,0.0,0.0,0.0,2.0,1.0,-0.8660254037844386,0.5000000000000001,5,0
2013-07-06 21:00:00,0.0,0.0,0.0,0.0,0.0,0.0,0.0,0.0,-0.7071067811865477,0.7071067811865474,5,1
2013-07-06 22:00:00,0.0,0.0,0.0,0.0,0.0,0.0,0.0,0.0,-0.5000000000000004,0.8660254037844384,5,1
2013-07-06 23:00:00,0.0,0.0,0.0,0.0,0.0,0.0,0.0,0.0,-0.25881904510252157,0.9659258262890681,5,1
2013-07-07 00:00:00,0.0,0.0,0.0,0.0,0.0,0.0,0.0,0.0,0.0,1.0,6,1
2013-07-07 01:00:00,0.0,0.0,0.0,0.0,0.0,0.0,0.0,0.0,0.25881904510252074,0.9659258262890683,6,1
2013-07-07 02:00:00,0.0,0.0,0.0,0.0,0.0,0.0,0.0,0.0,0.49999999999999994,0.8660254037844387,6,1
2013-07-07 03:00:00,0.0,0.0,0.0,0.0,0.0,0.0,0.0,0.0,0.7071067811865476,0.7071067811865476,6,1
2013-07-07 04:00:00,0.0,0.0,0.0,0.0,0.0,0.0,0.0,0.0,0.8660254037844386,0.5000000000000001,6,1
2013-07-07 05:00:00,0.0,0.0,0.0,0.0,0.0,2.0,2.0,1.0,0.9659258262890683,0.25881904510252074,6,0
2013-07-07 06:00:00,0.0,0.0,0.0,0.0,0.0,0.0,0.0,0.0,1.0,6.123233995736766e-17,6,1
2013-07-07 07:00:00,0.0,0.0,0.0,0.0,0.0,0.0,0.0,0.0,0.9659258262890683,-0.25881904510252063,6,1
2013-07-07 08:00:00,0.0,0.0,0.0,0.0,0.0,0.0,0.0,0.0,0.8660254037844387,-0.4999999999999998,6,1
2013-07-07 09:00:00,0.0,0.0,0.0,0.0,0.0,0.0,0.0,0.0,0.7071067811865476,-0.7071067811865475,6,1
2013-07-07 10:00:00,0.0,0.0,0.0,0.0,0.0,0.0,0.0,0.0,0.49999999999999994,-0.8660254037844387,6,1
2013-07-07 11:00:00,0.0,0.0,0.0,0.0,0.0,0.0,0.0,0.0,0.258819045102521,-0.9659258262890682,6,1
2013-07-07 12:00:00,0.0,0.0,0.0,0.0,0.0,0.0,0.0,0.0,1.2246467991473532e-16,-1.0,6,1
2013-07-07 13:00:00,0.0,0.0,0.0,0.0,0.0,0.0,0.0,0.0,-0.2588190451025208,-0.9659258262890683,6,1
2013-07-07 14:00:00,0.0,0.0,0.0,0.0,0.0,0.0,0.0,0.0,-0.4999999999999997,-0.8660254037844388,6,1
2013-07-07 15:00:00,0.0,0.0,0.0,0.0,0.0,0.0,0.0,0.0,-0.7071067811865471,-0.7071067811865479,6,1
2013-07-07 16:00:00,0.0,0.0,0.0,0.0,0.0,0.0,0.0,0.0,-0.8660254037844385,-0.5000000000000004,6,1
2013-07-07 17:00:00,0.0,0.0,0.0,0.0,0.0,0.0,0.0,0.0,-0.9659258262890683,-0.25881904510252063,6,1
2013-07-07 18:00:00,0.0,0.0,0.0,0.0,0.0,0.0,0.0,0.0,-1.0,-1.8369701987210297e-16,6,1
2013-07-07 19:00:00,0.0,0.0,0.0,0.0,0.0,0.0,0.0,0.0,-0.9659258262890684,0.2588190451025203,6,1
2013-07-07 20:00:00,0.0,0.0,0.0,0.0,0.0,0.0,0.0,0.0,-0.8660254037844386,0.5000000000000001,6,1
2013-07-07 21:00:00,0.0,0.0,0.0,0.0,0.0,0.0,0.0,0.0,-0.7071067811865477,0.7071067811865474,6,1
2013-07-07 22:00:00,0.0,0.0,0.0,0.0,0.0,0.0,0.0,0.0,-0.5000000000000004,0.8660254037844384,6,1
2013-07-07 23:00:00,0.0,0.0,0.0,0.0,0.0,0.0,0.0,0.0,-0.25881904510252157,0.9659258262890681,6,1
2013-07-08 00:00:00,0.0,0.0,0.0,0.0,0.0,0.0,0.0,0.0,0.0,1.0,0,1
2013-07-08 01:00:00,0.0,0.0,0.0,0.0,0.0,0.0,0.0,0.0,0.25881904510252074,0.9659258262890683,0,1
2013-07-08 02:00:00,0.0,0.0,0.0,0.0,0.0,0.0,0.0,0.0,0.49999999999999994,0.8660254037844387,0,1
2013-07-08 03:00:00,0.0,0.0,0.0,0.0,0.0,0.0,0.0,0.0,0.7071067811865476,0.7071067811865476,0,1
2013-07-08 04:00:00,0.0,0.0,0.0,0.0,0.0,0.0,0.0,0.0,0.8660254037844386,0.5000000000000001,0,1
2013-07-08 05:00:00,0.0,0.0,0.0,0.0,0.0,0.0,0.0,0.0,0.9659258262890683,0.25881904510252074,0,1
2013-07-08 06:00:00,0.0,0.0,0.0,0.0,0.0,0.0,0.0,0.0,1.0,6.123233995736766e-17,0,1
2013-07-08 07:00:00,0.0,0.0,0.0,0.0,0.0,0.0,0.0,0.0,0.9659258262890683,-0.25881904510252063,0,1
2013-07-08 08:00:00,0.0,0.0,0.0,0.0,0.0,0.0,0.0,0.0,0.8660254037844387,-0.4999999999999998,0,1
2013-07-08 09:00:00,0.0,0.0,0.0,0.0,0.0,0.0,0.0,0.0,0.7071067811865476,-0.7071067811865475,0,1
2013-07-08 10:00:00,0.0,0.0,0.0,0.0,0.0,0.0,0.0,0.0,0.49999999999999994,-0.8660254037844387,0,1
2013-07-08 11:00:00,0.0,0.0,0.0,0.0,0.0,0.0,0.0,0.0,0.258819045102521,-0.9659258262890682,0,1
2013-07-08 12:00:00,0.0,0.0,0.0,0.0,0.0,0.0,0.0,0.0,1.2246467991473532e-16,-1.0,0,1
2013-07-08 13:00:00,0.0,0.0,0.0,0.0,0.0,0.0,0.0,0.0,-0.2588190451025208,-0.9659258262890683,0,1
2013-07-08 14:00:00,0.0,0.0,0.0,0.0,0.0,0.0,0.0,0.0,-0.4999999999999997,-0.8660254037844388,0,1
2013-07-08 15:00:00,0.0,0.0,0.0,0.0,0.0,0.0,0.0,0.0,-0.7071067811865471,-0.7071067811865479,0,1
2013-07-08 16:00:00,0.0,0.0,0.0,0.0,0.0,0.0,0.0,0.0,-0.8660254037844385,-0.5000000000000004,0,1
2013-07-08 17:00:00,0.0,0.0,0.0,0.0,0.0,0.0,0.0,0.0,-0.9659258262890683,-0.25881904510252063,0,1
2013-07-08 18:00:00,0.0,0.0,0.0,0.0,0.0,0.0,0.0,0.0,-1.0,-1.8369701987210297e-16,0,1
2013-07-08 19:00:00,0.0,0.0,0.0,0.0,0.0,0.0,0.0,0.0,-0.9659258262890684,0.2588190451025203,0,1
2013-07-08 20:00:00,0.0,0.0,0.0,0.0,0.0,0.0,0.0,0.0,-0.8660254037844386,0.5000000000000001,0,1
2013-07-08 21:00:00,0.0,0.0,0.0,0.0,0.0,0.0,0.0,0.0,-0.7071067811865477,0.7071067811865474,0,1
2013-07-08 22:00:00,0.0,0.0,0.0,0.0,0.0,0.0,0.0,0.0,-0.5000000000000004,0.8660254037844384,0,1
2013-07-08 23:00:00,0.0,0.0,0.0,0.0,0.0,0.0,0.0,0.0,-0.25881904510252157,0.9659258262890681,0,1
2013-07-09 00:00:00,0.0,0.0,0.0,0.0,0.0,0.0,0.0,0.0,0.0,1.0,1,1
2013-07-09 01:00:00,0.0,0.0,0.0,0.0,0.0,0.0,0.0,0.0,0.25881904510252074,0.9659258262890683,1,1
2013-07-09 02:00:00,0.0,0.0,0.0,0.0,0.0,0.0,0.0,0.0,0.49999999999999994,0.8660254037844387,1,1
2013-07-09 03:00:00,0.0,0.0,0.0,0.0,0.0,0.0,0.0,0.0,0.7071067811865476,0.7071067811865476,1,1
2013-07-09 04:00:00,0.0,0.0,2.0,0.0,0.0,0.0,2.0,1.0,0.8660254037844386,0.5000000000000001,1,0
2013-07-09 05:00:00,0.0,0.0,0.0,0.0,0.0,0.0,0.0,0.0,0.9659258262890683,0.25881904510252074,1,1
2013-07-09 06:00:00,0.0,0.0,0.0,0.0,0.0,0.0,0.0,0.0,1.0,6.123233995736766e-17,1,1
2013-07-09 07:00:00,0.0,0.0,0.0,2.0,0.0,0.0,2.0,1.0,0.9659258262890683,-0.25881904510252063,1,0
2013-07-09 08:00:00,0.0,0.0,0.0,0.0,0.0,0.0,0.0,0.0,0.8660254037844387,-0.4999999999999998,1,1
2013-07-09 09:00:00,0.0,0.0,0.0,0.0,0.0,0.0,0.0,0.0,0.7071067811865476,-0.7071067811865475,1,1
2013-07-09 10:00:00,0.0,0.0,0.0,0.0,0.0,0.0,0.0,0.0,0.49999999999999994,-0.8660254037844387,1,1
2013-07-09 11:00:00,0.0,0.0,0.0,0.0,0.0,0.0,0.0,0.0,0.258819045102521,-0.9659258262890682,1,1
2013-07-09 12:00:00,0.0,0.0,0.0,0.0,0.0,0.0,0.0,0.0,1.2246467991473532e-16,-1.0,1,1
2013-07-09 13:00:00,0.0,0.0,0.0,2.0,0.0,0.0,2.0,1.0,-0.2588190451025208,-0.9659258262890683,1,0
2013-07-09 14:00:00,0.0,0.0,0.0,0.0,0.0,0.0,0.0,0.0,-0.4999999999999997,-0.8660254037844388,1,1
2013-07-09 15:00:00,0.0,0.0,0.0,0.0,0.0,0.0,0.0,0.0,-0.7071067811865471,-0.7071067811865479,1,1
2013-07-09 16:00:00,0.0,0.0,0.0,0.0,0.0,0.0,0.0,0.0,-0.8660254037844385,-0.5000000000000004,1,1
2013-07-09 17:00:00,0.0,0.0,0.0,0.0,0.0,0.0,0.0,0.0,-0.9659258262890683,-0.25881904510252063,1,1
2013-07-09 18:00:00,0.0,0.0,0.0,0.0,0.0,0.0,0.0,0.0,-1.0,-1.8369701987210297e-16,1,1
2013-07-09 19:00:00,0.0,0.0,0.0,0.0,0.0,0.0,0.0,0.0,-0.9659258262890684,0.2588190451025203,1,1
2013-07-09 20:00:00,0.0,0.0,0.0,0.0,0.0,0.0,0.0,0.0,-0.8660254037844386,0.5000000000000001,1,1
2013-07-09 21:00:00,18.0,18.0,0.0,0.0,118.0,58.0,212.0,4.0,-0.7071067811865477,0.7071067811865474,1,0
2013-07-09 22:00:00,0.0,0.0,0.0,0.0,104.0,0.0,104.0,1.0,-0.5000000000000004,0.8660254037844384,1,0
2013-07-09 23:00:00,0.0,0.0,0.0,0.0,6.0,0.0,6.0,1.0,-0.25881904510252157,0.9659258262890681,1,0
2013-07-10 00:00:00,0.0,0.0,0.0,0.0,8.0,0.0,8.0,1.0,0.0,1.0,2,0
2013-07-10 01:00:00,0.0,0.0,0.0,0.0,10.0,0.0,10.0,1.0,0.25881904510252074,0.9659258262890683,2,0
2013-07-10 02:00:00,0.0,0.0,0.0,0.0,6.0,0.0,6.0,1.0,0.49999999999999994,0.8660254037844387,2,0
2013-07-10 03:00:00,72.0,100.0,0.0,0.0,70.0,6.0,248.0,4.0,0.7071067811865476,0.7071067811865476,2,0
2013-07-10 04:00:00,0.0,8.0,0.0,0.0,0.0,0.0,8.0,1.0,0.8660254037844386,0.5000000000000001,2,0
2013-07-10 05:00:00,0.0,0.0,0.0,0.0,0.0,0.0,0.0,0.0,0.9659258262890683,0.25881904510252074,2,1
2013-07-10 06:00:00,0.0,0.0,0.0,0.0,0.0,0.0,0.0,0.0,1.0,6.123233995736766e-17,2,1
2013-07-10 07:00:00,0.0,2.0,0.0,0.0,0.0,0.0,2.0,1.0,0.9659258262890683,-0.25881904510252063,2,0
2013-07-10 08:00:00,26.0,30.0,2.0,54.0,54.0,14.0,180.0,6.0,0.8660254037844387,-0.4999999999999998,2,0
2013-07-10 09:00:00,22.0,2.0,0.0,212.0,44.0,0.0,280.0,4.0,0.7071067811865476,-0.7071067811865475,2,0
2013-07-10 10:00:00,0.0,0.0,6.0,128.0,110.0,0.0,244.0,3.0,0.49999999999999994,-0.8660254037844387,2,0
2013-07-10 11:00:00,374.0,282.0,4.0,72.0,54.0,14.0,800.0,6.0,0.258819045102521,-0.9659258262890682,2,0
2013-07-10 12:00:00,0.0,0.0,0.0,0.0,32.0,10.0,42.0,2.0,1.2246467991473532e-16,-1.0,2,0
2013-07-10 13:00:00,32.0,2.0,0.0,0.0,32.0,8.0,74.0,4.0,-0.2588190451025208,-0.9659258262890683,2,0
2013-07-10 14:00:00,0.0,0.0,0.0,0.0,0.0,0.0,0.0,0.0,-0.4999999999999997,-0.8660254037844388,2,1
2013-07-10 15:00:00,0.0,0.0,0.0,0.0,0.0,0.0,0.0,0.0,-0.7071067811865471,-0.7071067811865479,2,1
2013-07-10 16:00:00,20.0,0.0,0.0,0.0,38.0,8.0,66.0,3.0,-0.8660254037844385,-0.5000000000000004,2,0
2013-07-10 17:00:00,2.0,10.0,0.0,0.0,56.0,14.0,82.0,4.0,-0.9659258262890683,-0.25881904510252063,2,0
2013-07-10 18:00:00,0.0,0.0,0.0,0.0,0.0,0.0,0.0,0.0,-1.0,-1.8369701987210297e-16,2,1
2013-07-10 19:00:00,0.0,0.0,0.0,0.0,68.0,10.0,78.0,2.0,-0.9659258262890684,0.2588190451025203,2,0
2013-07-10 20:00:00,0.0,0.0,0.0,0.0,0.0,0.0,0.0,0.0,-0.8660254037844386,0.5000000000000001,2,1
2013-07-10 21:00:00,0.0,0.0,0.0,0.0,2.0,0.0,2.0,1.0,-0.7071067811865477,0.7071067811865474,2,0
2013-07-10 22:00:00,0.0,0.0,0.0,0.0,8.0,0.0,8.0,1.0,-0.5000000000000004,0.8660254037844384,2,0
2013-07-10 23:00:00,0.0,0.0,0.0,2.0,2.0,0.0,4.0,2.0,-0.25881904510252157,0.9659258262890681,2,0
2013-07-11 00:00:00,0.0,0.0,0.0,0.0,0.0,0.0,0.0,0.0,0.0,1.0,3,1
2013-07-11 01:00:00,0.0,0.0,0.0,0.0,2.0,0.0,2.0,1.0,0.25881904510252074,0.9659258262890683,3,0
2013-07-11 02:00:00,38.0,200.0,0.0,0.0,44.0,4.0,286.0,4.0,0.49999999999999994,0.8660254037844387,3,0
2013-07-11 03:00:00,0.0,0.0,0.0,0.0,0.0,0.0,0.0,0.0,0.7071067811865476,0.7071067811865476,3,1
2013-07-11 04:00:00,0.0,10.0,0.0,0.0,0.0,0.0,10.0,1.0,0.8660254037844386,0.5000000000000001,3,0
2013-07-11 05:00:00,0.0,0.0,0.0,0.0,0.0,0.0,0.0,0.0,0.9659258262890683,0.25881904510252074,3,1
2013-07-11 06:00:00,0.0,2.0,0.0,0.0,0.0,0.0,2.0,1.0,1.0,6.123233995736766e-17,3,0
2013-07-11 07:00:00,0.0,0.0,0.0,0.0,0.0,0.0,0.0,0.0,0.9659258262890683,-0.25881904510252063,3,1
2013-07-11 08:00:00,0.0,4.0,0.0,0.0,0.0,0.0,4.0,1.0,0.8660254037844387,-0.4999999999999998,3,0
2013-07-11 09:00:00,34.0,32.0,0.0,48.0,76.0,20.0,210.0,5.0,0.7071067811865476,-0.7071067811865475,3,0
2013-07-11 10:00:00,88.0,0.0,8.0,308.0,128.0,6.0,538.0,5.0,0.49999999999999994,-0.8660254037844387,3,0
2013-07-11 11:00:00,44.0,260.0,8.0,84.0,156.0,2.0,554.0,6.0,0.258819045102521,-0.9659258262890682,3,0
2013-07-11 12:00:00,302.0,106.0,2.0,0.0,152.0,16.0,578.0,5.0,1.2246467991473532e-16,-1.0,3,0
2013-07-11 13:00:00,0.0,0.0,14.0,298.0,102.0,18.0,432.0,4.0,-0.2588190451025208,-0.9659258262890683,3,0
2013-07-11 14:00:00,2.0,12.0,0.0,0.0,92.0,24.0,130.0,4.0,-0.4999999999999997,-0.8660254037844388,3,0
2013-07-11 15:00:00,24.0,4.0,0.0,0.0,168.0,30.0,226.0,4.0,-0.7071067811865471,-0.7071067811865479,3,0
2013-07-11 16:00:00,46.0,252.0,0.0,0.0,122.0,20.0,440.0,4.0,-0.8660254037844385,-0.5000000000000004,3,0
2013-07-11 17:00:00,0.0,26.0,0.0,0.0,100.0,12.0,138.0,3.0,-0.9659258262890683,-0.25881904510252063,3,0
2013-07-11 18:00:00,0.0,0.0,0.0,0.0,0.0,0.0,0.0,0.0,-1.0,-1.8369701987210297e-16,3,1
2013-07-11 19:00:00,36.0,4.0,4.0,20.0,36.0,8.0,108.0,6.0,-0.9659258262890684,0.2588190451025203,3,0
2013-07-11 20:00:00,0.0,0.0,0.0,0.0,10.0,0.0,10.0,1.0,-0.8660254037844386,0.5000000000000001,3,0
2013-07-11 21:00:00,0.0,0.0,0.0,0.0,4.0,0.0,4.0,1.0,-0.7071067811865477,0.7071067811865474,3,0
2013-07-11 22:00:00,0.0,0.0,0.0,0.0,14.0,0.0,14.0,1.0,-0.5000000000000004,0.8660254037844384,3,0
2013-07-11 23:00:00,32.0,2.0,6.0,106.0,96.0,4.0,246.0,6.0,-0.25881904510252157,0.9659258262890681,3,0
2013-07-12 00:00:00,108.0,242.0,8.0,32.0,46.0,2.0,438.0,6.0,0.0,1.0,4,0
2013-07-12 01:00:00,0.0,6.0,0.0,0.0,2.0,0.0,8.0,2.0,0.25881904510252074,0.9659258262890683,4,0
2013-07-12 02:00:00,0.0,12.0,0.0,0.0,0.0,0.0,12.0,1.0,0.49999999999999994,0.8660254037844387,4,0
2013-07-12 03:00:00,0.0,0.0,0.0,0.0,0.0,0.0,0.0,0.0,0.7071067811865476,0.7071067811865476,4,1
2013-07-12 04:00:00,26.0,74.0,0.0,0.0,0.0,0.0,100.0,2.0,0.8660254037844386,0.5000000000000001,4,0
2013-07-12 05:00:00,0.0,0.0,0.0,0.0,0.0,0.0,0.0,0.0,0.9659258262890683,0.25881904510252074,4,1
2013-07-12 06:00:00,0.0,0.0,0.0,0.0,0.0,0.0,0.0,0.0,1.0,6.123233995736766e-17,4,1
2013-07-12 07:00:00,30.0,38.0,4.0,50.0,56.0,10.0,188.0,6.0,0.9659258262890683,-0.25881904510252063,4,0
2013-07-12 08:00:00,0.0,2.0,4.0,264.0,74.0,0.0,344.0,4.0,0.8660254037844387,-0.4999999999999998,4,0
2013-07-12 09:00:00,290.0,248.0,6.0,42.0,108.0,4.0,698.0,6.0,0.7071067811865476,-0.7071067811865475,4,0
2013-07-12 10:00:00,64.0,6.0,0.0,0.0,62.0,10.0,142.0,4.0,0.49999999999999994,-0.8660254037844387,4,0
2013-07-12 11:00:00,0.0,0.0,0.0,0.0,0.0,0.0,0.0,0.0,0.258819045102521,-0.9659258262890682,4,1
2013-07-12 12:00:00,0.0,0.0,40.0,300.0,80.0,28.0,448.0,4.0,1.2246467991473532e-16,-1.0,4,0
2013-07-12 13:00:00,30.0,36.0,6.0,336.0,66.0,0.0,474.0,5.0,-0.2588190451025208,-0.9659258262890683,4,0
2013-07-12 14:00:00,0.0,0.0,0.0,0.0,0.0,0.0,0.0,0.0,-0.4999999999999997,-0.8660254037844388,4,1
2013-07-12 15:00:00,0.0,0.0,0.0,0.0,4.0,0.0,4.0,1.0,-0.7071067811865471,-0.7071067811865479,4,0
2013-07-12 16:00:00,44.0,30.0,0.0,0.0,34.0,4.0,112.0,4.0,-0.8660254037844385,-0.5000000000000004,4,0
2013-07-12 17:00:00,0.0,0.0,2.0,30.0,26.0,6.0,64.0,4.0,-0.9659258262890683,-0.25881904510252063,4,0
2013-07-12 18:00:00,0.0,0.0,0.0,0.0,0.0,0.0,0.0,0.0,-1.0,-1.8369701987210297e-16,4,1
2013-07-12 19:00:00,0.0,0.0,0.0,0.0,80.0,6.0,86.0,2.0,-0.9659258262890684,0.2588190451025203,4,0
2013-07-12 20:00:00,0.0,0.0,0.0,0.0,104.0,0.0,104.0,1.0,-0.8660254037844386,0.5000000000000001,4,0
2013-07-12 21:00:00,0.0,0.0,0.0,0.0,38.0,0.0,38.0,1.0,-0.7071067811865477,0.7071067811865474,4,0
2013-07-12 22:00:00,12.0,6.0,0.0,0.0,44.0,2.0,64.0,4.0,-0.5000000000000004,0.8660254037844384,4,0
2013-07-12 23:00:00,16.0,2.0,4.0,78.0,120.0,2.0,222.0,6.0,-0.25881904510252157,0.9659258262890681,4,0
2013-07-13 00:00:00,50.0,266.0,6.0,88.0,54.0,12.0,476.0,6.0,0.0,1.0,5,0
2013-07-13 01:00:00,0.0,0.0,0.0,0.0,0.0,0.0,0.0,0.0,0.25881904510252074,0.9659258262890683,5,1
2013-07-13 02:00:00,0.0,10.0,0.0,0.0,0.0,0.0,10.0,1.0,0.49999999999999994,0.8660254037844387,5,0
2013-07-13 03:00:00,0.0,2.0,0.0,0.0,2.0,0.0,4.0,2.0,0.7071067811865476,0.7071067811865476,5,0
2013-07-13 04:00:00,24.0,66.0,0.0,0.0,0.0,0.0,90.0,2.0,0.8660254037844386,0.5000000000000001,5,0
2013-07-13 05:00:00,0.0,0.0,0.0,0.0,0.0,0.0,0.0,0.0,0.9659258262890683,0.25881904510252074,5,1
2013-07-13 06:00:00,0.0,6.0,0.0,0.0,0.0,0.0,6.0,1.0,1.0,6.123233995736766e-17,5,0
2013-07-13 07:00:00,0.0,4.0,0.0,0.0,0.0,0.0,4.0,1.0,0.9659258262890683,-0.25881904510252063,5,0
2013-07-13 08:00:00,32.0,42.0,4.0,42.0,38.0,14.0,172.0,6.0,0.8660254037844387,-0.4999999999999998,5,0
2013-07-13 09:00:00,0.0,0.0,6.0,147.0,72.0,0.0,225.0,3.0,0.7071067811865476,-0.7071067811865475,5,0
2013-07-13 10:00:00,308.0,170.0,6.0,131.0,96.0,4.0,715.0,6.0,0.49999999999999994,-0.8660254037844387,5,0
2013-07-13 11:00:00,66.0,4.0,0.0,0.0,46.0,8.0,124.0,4.0,0.258819045102521,-0.9659258262890682,5,0
2013-07-13 12:00:00,0.0,0.0,0.0,0.0,18.0,10.0,28.0,2.0,1.2246467991473532e-16,-1.0,5,0
2013-07-13 13:00:00,0.0,0.0,12.0,318.0,82.0,0.0,412.0,3.0,-0.2588190451025208,-0.9659258262890683,5,0
2013-07-13 14:00:00,0.0,16.0,2.0,28.0,56.0,14.0,116.0,5.0,-0.4999999999999997,-0.8660254037844388,5,0
2013-07-13 15:00:00,42.0,2.0,4.0,6.0,64.0,4.0,122.0,6.0,-0.7071067811865471,-0.7071067811865479,5,0
2013-07-13 16:00:00,0.0,0.0,0.0,0.0,20.0,0.0,20.0,1.0,-0.8660254037844385,-0.5000000000000004,5,0
2013-07-13 17:00:00,50.0,2.0,0.0,0.0,40.0,8.0,100.0,4.0,-0.9659258262890683,-0.25881904510252063,5,0
2013-07-13 18:00:00,0.0,0.0,0.0,0.0,0.0,0.0,0.0,0.0,-1.0,-1.8369701987210297e-16,5,1
2013-07-13 19:00:00,8.0,2.0,0.0,2.0,22.0,8.0,42.0,5.0,-0.9659258262890684,0.2588190451025203,5,0
2013-07-13 20:00:00,0.0,0.0,0.0,0.0,16.0,0.0,16.0,1.0,-0.8660254037844386,0.5000000000000001,5,0
2013-07-13 21:00:00,30.0,2.0,4.0,124.0,60.0,0.0,220.0,5.0,-0.7071067811865477,0.7071067811865474,5,0
2013-07-13 22:00:00,0.0,0.0,0.0,0.0,82.0,0.0,82.0,1.0,-0.5000000000000004,0.8660254037844384,5,0
2013-07-13 23:00:00,68.0,148.0,6.0,68.0,82.0,0.0,372.0,5.0,-0.25881904510252157,0.9659258262890681,5,0
2013-07-14 00:00:00,92.0,106.0,0.0,0.0,0.0,8.0,206.0,3.0,0.0,1.0,6,0
2013-07-14 01:00:00,0.0,0.0,0.0,0.0,0.0,0.0,0.0,0.0,0.25881904510252074,0.9659258262890683,6,1
2013-07-14 02:00:00,0.0,8.0,0.0,0.0,0.0,0.0,8.0,1.0,0.49999999999999994,0.8660254037844387,6,0
2013-07-14 03:00:00,0.0,10.0,0.0,0.0,0.0,0.0,10.0,1.0,0.7071067811865476,0.7071067811865476,6,0
2013-07-14 04:00:00,20.0,116.0,0.0,0.0,0.0,0.0,136.0,2.0,0.8660254037844386,0.5000000000000001,6,0
2013-07-14 05:00:00,0.0,4.0,0.0,0.0,0.0,2.0,6.0,2.0,0.9659258262890683,0.25881904510252074,6,0
2013-07-14 06:00:00,0.0,10.0,0.0,0.0,0.0,0.0,10.0,1.0,1.0,6.123233995736766e-17,6,0
2013-07-14 07:00:00,32.0,40.0,2.0,46.0,62.0,22.0,204.0,6.0,0.9659258262890683,-0.25881904510252063,6,0
2013-07-14 08:00:00,0.0,0.0,0.0,0.0,24.0,0.0,24.0,1.0,0.8660254037844387,-0.4999999999999998,6,0
2013-07-14 09:00:00,86.0,4.0,24.0,602.0,96.0,2.0,814.0,6.0,0.7071067811865476,-0.7071067811865475,6,0
2013-07-14 10:00:00,46.0,2.0,16.0,81.0,72.0,2.0,219.0,6.0,0.49999999999999994,-0.8660254037844387,6,0
2013-07-14 11:00:00,0.0,0.0,18.0,287.0,46.0,0.0,351.0,3.0,0.258819045102521,-0.9659258262890682,6,0
2013-07-14 12:00:00,276.0,144.0,44.0,86.0,120.0,18.0,688.0,6.0,1.2246467991473532e-16,-1.0,6,0
2013-07-14 13:00:00,0.0,0.0,0.0,0.0,2.0,0.0,2.0,1.0,-0.2588190451025208,-0.9659258262890683,6,0
2013-07-14 14:00:00,32.0,2.0,8.0,162.0,76.0,0.0,280.0,5.0,-0.4999999999999997,-0.8660254037844388,6,0
2013-07-14 15:00:00,0.0,0.0,0.0,2.0,10.0,0.0,12.0,2.0,-0.7071067811865471,-0.7071067811865479,6,0
2013-07-14 16:00:00,0.0,2.0,0.0,0.0,4.0,0.0,6.0,2.0,-0.8660254037844385,-0.5000000000000004,6,0
2013-07-14 17:00:00,46.0,2.0,6.0,30.0,86.0,10.0,180.0,6.0,-0.9659258262890683,-0.25881904510252063,6,0
2013-07-14 18:00:00,0.0,0.0,0.0,0.0,0.0,0.0,0.0,0.0,-1.0,-1.8369701987210297e-16,6,1
2013-07-14 19:00:00,30.0,2.0,0.0,0.0,20.0,12.0,64.0,4.0,-0.9659258262890684,0.2588190451025203,6,0
2013-07-14 20:00:00,0.0,0.0,0.0,0.0,14.0,0.0,14.0,1.0,-0.8660254037844386,0.5000000000000001,6,0
2013-07-14 21:00:00,20.0,4.0,6.0,130.0,44.0,2.0,206.0,6.0,-0.7071067811865477,0.7071067811865474,6,0
2013-07-14 22:00:00,0.0,0.0,2.0,64.0,34.0,0.0,100.0,3.0,-0.5000000000000004,0.8660254037844384,6,0
2013-07-14 23:00:00,0.0,0.0,0.0,0.0,12.0,0.0,12.0,1.0,-0.25881904510252157,0.9659258262890681,6,0
2013-07-15 00:00:00,104.0,166.0,0.0,0.0,40.0,10.0,320.0,4.0,0.0,1.0,0,0
2013-07-15 01:00:00,0.0,4.0,0.0,0.0,0.0,0.0,4.0,1.0,0.25881904510252074,0.9659258262890683,0,0
2013-07-15 02:00:00,0.0,18.0,0.0,0.0,0.0,0.0,18.0,1.0,0.49999999999999994,0.8660254037844387,0,0
2013-07-15 03:00:00,0.0,6.0,0.0,0.0,0.0,0.0,6.0,1.0,0.7071067811865476,0.7071067811865476,0,0
2013-07-15 04:00:00,0.0,20.0,0.0,0.0,0.0,0.0,20.0,1.0,0.8660254037844386,0.5000000000000001,0,0
2013-07-15 05:00:00,0.0,2.0,0.0,0.0,0.0,0.0,2.0,1.0,0.9659258262890683,0.25881904510252074,0,0
2013-07-15 06:00:00,0.0,2.0,0.0,0.0,0.0,0.0,2.0,1.0,1.0,6.123233995736766e-17,0,0
2013-07-15 07:00:00,0.0,4.0,0.0,0.0,2.0,0.0,6.0,2.0,0.9659258262890683,-0.25881904510252063,0,0
2013-07-15 08:00:00,38.0,42.0,6.0,44.0,36.0,18.0,184.0,6.0,0.8660254037844387,-0.4999999999999998,0,0
2013-07-15 09:00:00,181.0,82.0,0.0,0.0,46.0,2.0,311.0,4.0,0.7071067811865476,-0.7071067811865475,0,0
2013-07-15 10:00:00,151.0,58.0,2.0,184.0,68.0,0.0,463.0,5.0,0.49999999999999994,-0.8660254037844387,0,0
2013-07-15 11:00:00,76.0,4.0,4.0,32.0,120.0,18.0,254.0,6.0,0.258819045102521,-0.9659258262890682,0,0
2013-07-15 12:00:00,0.0,0.0,6.0,222.0,134.0,20.0,382.0,4.0,1.2246467991473532e-16,-1.0,0,0
2013-07-15 13:00:00,0.0,136.0,2.0,128.0,170.0,18.0,454.0,5.0,-0.2588190451025208,-0.9659258262890683,0,0
2013-07-15 14:00:00,32.0,4.0,2.0,34.0,40.0,2.0,114.0,6.0,-0.4999999999999997,-0.8660254037844388,0,0
2013-07-15 15:00:00,28.0,2.0,0.0,0.0,56.0,20.0,106.0,4.0,-0.7071067811865471,-0.7071067811865479,0,0
2013-07-15 16:00:00,0.0,0.0,0.0,0.0,2.0,0.0,2.0,1.0,-0.8660254037844385,-0.5000000000000004,0,0
2013-07-15 17:00:00,0.0,0.0,0.0,0.0,16.0,8.0,24.0,2.0,-0.9659258262890683,-0.25881904510252063,0,0
2013-07-15 18:00:00,0.0,0.0,0.0,0.0,0.0,0.0,0.0,0.0,-1.0,-1.8369701987210297e-16,0,1
2013-07-15 19:00:00,26.0,0.0,0.0,0.0,20.0,12.0,58.0,3.0,-0.9659258262890684,0.2588190451025203,0,0
2013-07-15 20:00:00,0.0,0.0,0.0,0.0,0.0,0.0,0.0,0.0,-0.8660254037844386,0.5000000000000001,0,1
2013-07-15 21:00:00,0.0,0.0,0.0,0.0,4.0,0.0,4.0,1.0,-0.7071067811865477,0.7071067811865474,0,0
2013-07-15 22:00:00,0.0,0.0,0.0,0.0,10.0,0.0,10.0,1.0,-0.5000000000000004,0.8660254037844384,0,0
2013-07-15 23:00:00,6.0,12.0,12.0,240.0,60.0,12.0,342.0,6.0,-0.25881904510252157,0.9659258262890681,0,0
2013-07-16 00:00:00,42.0,98.0,0.0,0.0,8.0,2.0,150.0,4.0,0.0,1.0,1,0
2013-07-16 01:00:00,0.0,2.0,0.0,0.0,0.0,0.0,2.0,1.0,0.25881904510252074,0.9659258262890683,1,0
2013-07-16 02:00:00,0.0,8.0,0.0,0.0,0.0,0.0,8.0,1.0,0.49999999999999994,0.8660254037844387,1,0
2013-07-16 03:00:00,0.0,0.0,0.0,0.0,0.0,0.0,0.0,0.0,0.7071067811865476,0.7071067811865476,1,1
2013-07-16 04:00:00,0.0,8.0,0.0,0.0,0.0,0.0,8.0,1.0,0.8660254037844386,0.5000000000000001,1,0
2013-07-16 05:00:00,64.0,44.0,4.0,36.0,42.0,12.0,202.0,6.0,0.9659258262890683,0.25881904510252074,1,0
2013-07-16 06:00:00,0.0,0.0,6.0,175.0,74.0,0.0,255.0,3.0,1.0,6.123233995736766e-17,1,0
2013-07-16 07:00:00,44.0,2.0,2.0,165.0,102.0,0.0,315.0,5.0,0.9659258262890683,-0.25881904510252063,1,0
2013-07-16 08:00:00,332.0,178.0,2.0,20.0,80.0,12.0,624.0,6.0,0.8660254037844387,-0.4999999999999998,1,0
2013-07-16 09:00:00,0.0,0.0,0.0,0.0,0.0,0.0,0.0,0.0,0.7071067811865476,-0.7071067811865475,1,1
2013-07-16 10:00:00,0.0,0.0,0.0,0.0,0.0,0.0,0.0,0.0,0.49999999999999994,-0.8660254037844387,1,1
2013-07-16 11:00:00,28.0,2.0,8.0,146.0,62.0,22.0,268.0,6.0,0.258819045102521,-0.9659258262890682,1,0
2013-07-16 12:00:00,0.0,0.0,0.0,0.0,0.0,0.0,0.0,0.0,1.2246467991473532e-16,-1.0,1,1
2013-07-16 13:00:00,0.0,0.0,2.0,20.0,82.0,33.0,137.0,4.0,-0.2588190451025208,-0.9659258262890683,1,0
2013-07-16 14:00:00,36.0,124.0,0.0,0.0,24.0,5.0,189.0,4.0,-0.4999999999999997,-0.8660254037844388,1,0
2013-07-16 15:00:00,2.0,2.0,2.0,34.0,50.0,18.0,108.0,6.0,-0.7071067811865471,-0.7071067811865479,1,0
2013-07-16 16:00:00,0.0,0.0,8.0,298.0,44.0,0.0,350.0,3.0,-0.8660254037844385,-0.5000000000000004,1,0
2013-07-16 17:00:00,0.0,0.0,8.0,399.0,26.0,0.0,433.0,3.0,-0.9659258262890683,-0.25881904510252063,1,0
2013-07-16 18:00:00,0.0,0.0,4.0,39.0,24.0,0.0,67.0,3.0,-1.0,-1.8369701987210297e-16,1,0
2013-07-16 19:00:00,0.0,0.0,8.0,188.0,22.0,0.0,218.0,3.0,-0.9659258262890684,0.2588190451025203,1,0
2013-07-16 20:00:00,0.0,0.0,0.0,0.0,40.0,0.0,40.0,1.0,-0.8660254037844386,0.5000000000000001,1,0
2013-07-16 21:00:00,24.0,138.0,2.0,38.0,60.0,2.0,264.0,6.0,-0.7071067811865477,0.7071067811865474,1,0
2013-07-16 22:00:00,0.0,0.0,0.0,0.0,12.0,0.0,12.0,1.0,-0.5000000000000004,0.8660254037844384,1,0
2013-07-16 23:00:00,0.0,0.0,0.0,0.0,40.0,0.0,40.0,1.0,-0.25881904510252157,0.9659258262890681,1,0
2013-07-17 00:00:00,32.0,106.0,0.0,0.0,88.0,4.0,230.0,4.0,0.0,1.0,2,0
2013-07-17 01:00:00,0.0,12.0,0.0,0.0,0.0,0.0,12.0,1.0,0.25881904510252074,0.9659258262890683,2,0
2013-07-17 02:00:00,0.0,8.0,0.0,0.0,0.0,0.0,8.0,1.0,0.49999999999999994,0.8660254037844387,2,0
2013-07-17 03:00:00,0.0,4.0,0.0,0.0,0.0,0.0,4.0,1.0,0.7071067811865476,0.7071067811865476,2,0
2013-07-17 04:00:00,0.0,10.0,0.0,0.0,0.0,0.0,10.0,1.0,0.8660254037844386,0.5000000000000001,2,0
2013-07-17 05:00:00,0.0,4.0,0.0,0.0,0.0,0.0,4.0,1.0,0.9659258262890683,0.25881904510252074,2,0
2013-07-17 06:00:00,0.0,6.0,0.0,0.0,0.0,0.0,6.0,1.0,1.0,6.123233995736766e-17,2,0
2013-07-17 07:00:00,34.0,18.0,4.0,46.0,30.0,18.0,150.0,6.0,0.9659258262890683,-0.25881904510252063,2,0
2013-07-17 08:00:00,12.0,118.0,2.0,94.0,32.0,0.0,258.0,5.0,0.8660254037844387,-0.4999999999999998,2,0
2013-07-17 09:00:00,135.0,32.0,2.0,112.0,60.0,4.0,345.0,6.0,0.7071067811865476,-0.7071067811865475,2,0
2013-07-17 10:00:00,151.0,54.0,0.0,0.0,78.0,18.0,301.0,4.0,0.49999999999999994,-0.8660254037844387,2,0
2013-07-17 11:00:00,0.0,0.0,2.0,0.0,30.0,0.0,32.0,2.0,0.258819045102521,-0.9659258262890682,2,0
2013-07-17 12:00:00,0.0,0.0,0.0,0.0,0.0,0.0,0.0,0.0,1.2246467991473532e-16,-1.0,2,1
2013-07-17 13:00:00,0.0,6.0,18.0,14.0,124.0,12.0,174.0,5.0,-0.2588190451025208,-0.9659258262890683,2,0
2013-07-17 14:00:00,38.0,0.0,2.0,190.0,64.0,2.0,296.0,5.0,-0.4999999999999997,-0.8660254037844388,2,0
2013-07-17 15:00:00,0.0,0.0,4.0,26.0,54.0,18.0,102.0,4.0,-0.7071067811865471,-0.7071067811865479,2,0
2013-07-17 16:00:00,0.0,0.0,0.0,0.0,22.0,0.0,22.0,1.0,-0.8660254037844385,-0.5000000000000004,2,0
2013-07-17 17:00:00,0.0,2.0,0.0,0.0,6.0,0.0,8.0,2.0,-0.9659258262890683,-0.25881904510252063,2,0
2013-07-17 18:00:00,0.0,0.0,0.0,0.0,18.0,0.0,18.0,1.0,-1.0,-1.8369701987210297e-16,2,0
2013-07-17 19:00:00,0.0,0.0,0.0,0.0,20.0,0.0,20.0,1.0,-0.9659258262890684,0.2588190451025203,2,0
2013-07-17 20:00:00,22.0,0.0,0.0,0.0,26.0,0.0,48.0,2.0,-0.8660254037844386,0.5000000000000001,2,0
2013-07-17 21:00:00,8.0,0.0,12.0,478.0,54.0,0.0,552.0,4.0,-0.7071067811865477,0.7071067811865474,2,0
2013-07-17 22:00:00,0.0,0.0,0.0,0.0,14.0,0.0,14.0,1.0,-0.5000000000000004,0.8660254037844384,2,0
2013-07-17 23:00:00,0.0,0.0,0.0,0.0,48.0,0.0,48.0,1.0,-0.25881904510252157,0.9659258262890681,2,0
2013-07-18 00:00:00,0.0,0.0,0.0,0.0,0.0,0.0,0.0,0.0,0.0,1.0,3,1
2013-07-18 01:00:00,0.0,0.0,0.0,0.0,0.0,0.0,0.0,0.0,0.25881904510252074,0.9659258262890683,3,1
2013-07-18 02:00:00,0.0,0.0,0.0,0.0,0.0,0.0,0.0,0.0,0.49999999999999994,0.8660254037844387,3,1
2013-07-18 03:00:00,24.0,148.0,0.0,0.0,18.0,2.0,192.0,4.0,0.7071067811865476,0.7071067811865476,3,0
2013-07-18 04:00:00,0.0,0.0,0.0,0.0,0.0,0.0,0.0,0.0,0.8660254037844386,0.5000000000000001,3,1
2013-07-18 05:00:00,0.0,4.0,0.0,0.0,0.0,0.0,4.0,1.0,0.9659258262890683,0.25881904510252074,3,0
2013-07-18 06:00:00,0.0,4.0,0.0,0.0,0.0,0.0,4.0,1.0,1.0,6.123233995736766e-17,3,0
2013-07-18 07:00:00,0.0,4.0,0.0,0.0,2.0,0.0,6.0,2.0,0.9659258262890683,-0.25881904510252063,3,0
2013-07-18 08:00:00,0.0,0.0,0.0,0.0,0.0,0.0,0.0,0.0,0.8660254037844387,-0.4999999999999998,3,1
2013-07-18 09:00:00,24.0,30.0,2.0,60.0,60.0,16.0,192.0,6.0,0.7071067811865476,-0.7071067811865475,3,0
2013-07-18 10:00:00,0.0,0.0,4.0,284.0,68.0,0.0,356.0,3.0,0.49999999999999994,-0.8660254037844387,3,0
2013-07-18 11:00:00,0.0,0.0,0.0,0.0,46.0,0.0,46.0,1.0,0.258819045102521,-0.9659258262890682,3,0
2013-07-18 12:00:00,262.0,190.0,8.0,80.0,56.0,8.0,604.0,6.0,1.2246467991473532e-16,-1.0,3,0
2013-07-18 13:00:00,0.0,2.0,6.0,24.0,76.0,8.0,116.0,5.0,-0.2588190451025208,-0.9659258262890683,3,0
2013-07-18 14:00:00,0.0,0.0,0.0,0.0,54.0,0.0,54.0,1.0,-0.4999999999999997,-0.8660254037844388,3,0
2013-07-18 15:00:00,0.0,0.0,0.0,0.0,32.0,0.0,32.0,1.0,-0.7071067811865471,-0.7071067811865479,3,0
2013-07-18 16:00:00,24.0,0.0,0.0,2.0,88.0,16.0,130.0,4.0,-0.8660254037844385,-0.5000000000000004,3,0
2013-07-18 17:00:00,0.0,0.0,4.0,4.0,26.0,6.0,40.0,4.0,-0.9659258262890683,-0.25881904510252063,3,0
2013-07-18 18:00:00,0.0,2.0,0.0,0.0,0.0,0.0,2.0,1.0,-1.0,-1.8369701987210297e-16,3,0
2013-07-18 19:00:00,26.0,2.0,2.0,0.0,40.0,4.0,74.0,5.0,-0.9659258262890684,0.2588190451025203,3,0
2013-07-18 20:00:00,0.0,0.0,0.0,0.0,6.0,0.0,6.0,1.0,-0.8660254037844386,0.5000000000000001,3,0
2013-07-18 21:00:00,0.0,0.0,0.0,0.0,40.0,0.0,40.0,1.0,-0.7071067811865477,0.7071067811865474,3,0
2013-07-18 22:00:00,0.0,0.0,0.0,0.0,4.0,0.0,4.0,1.0,-0.5000000000000004,0.8660254037844384,3,0
2013-07-18 23:00:00,0.0,0.0,8.0,124.0,28.0,0.0,160.0,3.0,-0.25881904510252157,0.9659258262890681,3,0
2013-07-19 00:00:00,82.0,216.0,4.0,12.0,28.0,16.0,358.0,6.0,0.0,1.0,4,0
2013-07-19 01:00:00,0.0,22.0,0.0,0.0,0.0,0.0,22.0,1.0,0.25881904510252074,0.9659258262890683,4,0
2013-07-19 02:00:00,0.0,10.0,0.0,0.0,0.0,0.0,10.0,1.0,0.49999999999999994,0.8660254037844387,4,0
2013-07-19 03:00:00,24.0,76.0,0.0,0.0,0.0,0.0,100.0,2.0,0.7071067811865476,0.7071067811865476,4,0
2013-07-19 04:00:00,0.0,0.0,0.0,0.0,0.0,0.0,0.0,0.0,0.8660254037844386,0.5000000000000001,4,1
2013-07-19 05:00:00,0.0,8.0,0.0,0.0,0.0,0.0,8.0,1.0,0.9659258262890683,0.25881904510252074,4,0
2013-07-19 06:00:00,0.0,6.0,0.0,0.0,0.0,0.0,6.0,1.0,1.0,6.123233995736766e-17,4,0
2013-07-19 07:00:00,72.0,42.0,6.0,36.0,34.0,16.0,206.0,6.0,0.9659258262890683,-0.25881904510252063,4,0
2013-07-19 08:00:00,0.0,0.0,0.0,0.0,34.0,0.0,34.0,1.0,0.8660254037844387,-0.4999999999999998,4,0
2013-07-19 09:00:00,34.0,4.0,10.0,230.0,310.0,14.0,602.0,6.0,0.7071067811865476,-0.7071067811865475,4,0
2013-07-19 10:00:00,120.0,76.0,2.0,0.0,100.0,36.0,334.0,5.0,0.49999999999999994,-0.8660254037844387,4,0
2013-07-19 11:00:00,120.0,96.0,4.0,38.0,34.0,2.0,294.0,6.0,0.258819045102521,-0.9659258262890682,4,0
2013-07-19 12:00:00,32.0,2.0,4.0,104.0,38.0,0.0,180.0,5.0,1.2246467991473532e-16,-1.0,4,0
2013-07-19 13:00:00,4.0,12.0,8.0,14.0,62.0,16.0,116.0,6.0,-0.2588190451025208,-0.9659258262890683,4,0
2013-07-19 14:00:00,0.0,24.0,6.0,102.0,50.0,4.0,186.0,5.0,-0.4999999999999997,-0.8660254037844388,4,0
2013-07-19 15:00:00,26.0,8.0,0.0,0.0,70.0,20.0,124.0,4.0,-0.7071067811865471,-0.7071067811865479,4,0
2013-07-19 16:00:00,0.0,6.0,0.0,0.0,14.0,0.0,20.0,2.0,-0.8660254037844385,-0.5000000000000004,4,0
2013-07-19 17:00:00,18.0,56.0,4.0,0.0,50.0,8.0,136.0,5.0,-0.9659258262890683,-0.25881904510252063,4,0
2013-07-19 18:00:00,0.0,0.0,0.0,0.0,0.0,0.0,0.0,0.0,-1.0,-1.8369701987210297e-16,4,1
2013-07-19 19:00:00,0.0,0.0,0.0,0.0,20.0,8.0,28.0,2.0,-0.9659258262890684,0.2588190451025203,4,0
2013-07-19 20:00:00,0.0,0.0,0.0,0.0,0.0,0.0,0.0,0.0,-0.8660254037844386,0.5000000000000001,4,1
2013-07-19 21:00:00,0.0,100.0,0.0,0.0,12.0,2.0,114.0,3.0,-0.7071067811865477,0.7071067811865474,4,0
2013-07-19 22:00:00,40.0,52.0,2.0,62.0,40.0,0.0,196.0,5.0,-0.5000000000000004,0.8660254037844384,4,0
2013-07-19 23:00:00,0.0,0.0,0.0,0.0,2.0,0.0,2.0,1.0,-0.25881904510252157,0.9659258262890681,4,0
2013-07-20 00:00:00,0.0,0.0,0.0,0.0,4.0,0.0,4.0,1.0,0.0,1.0,5,0
2013-07-20 01:00:00,16.0,74.0,0.0,0.0,14.0,4.0,108.0,4.0,0.25881904510252074,0.9659258262890683,5,0
2013-07-20 02:00:00,0.0,0.0,0.0,0.0,0.0,0.0,0.0,0.0,0.49999999999999994,0.8660254037844387,5,1
2013-07-20 03:00:00,0.0,2.0,0.0,0.0,0.0,0.0,2.0,1.0,0.7071067811865476,0.7071067811865476,5,0
2013-07-20 04:00:00,0.0,0.0,0.0,0.0,0.0,0.0,0.0,0.0,0.8660254037844386,0.5000000000000001,5,1
2013-07-20 05:00:00,0.0,2.0,0.0,0.0,0.0,0.0,2.0,1.0,0.9659258262890683,0.25881904510252074,5,0
2013-07-20 06:00:00,0.0,4.0,0.0,0.0,0.0,0.0,4.0,1.0,1.0,6.123233995736766e-17,5,0
2013-07-20 07:00:00,0.0,2.0,0.0,0.0,0.0,0.0,2.0,1.0,0.9659258262890683,-0.25881904510252063,5,0
2013-07-20 08:00:00,48.0,36.0,2.0,32.0,15.0,14.0,147.0,6.0,0.8660254037844387,-0.4999999999999998,5,0
2013-07-20 09:00:00,0.0,0.0,0.0,0.0,48.0,0.0,48.0,1.0,0.7071067811865476,-0.7071067811865475,5,0
2013-07-20 10:00:00,0.0,0.0,0.0,242.0,29.0,0.0,271.0,2.0,0.49999999999999994,-0.8660254037844387,5,0
2013-07-20 11:00:00,30.0,156.0,10.0,60.0,78.0,2.0,336.0,6.0,0.258819045102521,-0.9659258262890682,5,0
2013-07-20 12:00:00,312.0,176.0,0.0,0.0,4.0,0.0,492.0,3.0,1.2246467991473532e-16,-1.0,5,0
2013-07-20 13:00:00,30.0,4.0,4.0,226.0,66.0,0.0,330.0,5.0,-0.2588190451025208,-0.9659258262890683,5,0
2013-07-20 14:00:00,0.0,20.0,4.0,28.0,108.0,8.0,168.0,5.0,-0.4999999999999997,-0.8660254037844388,5,0
2013-07-20 15:00:00,0.0,0.0,0.0,0.0,0.0,0.0,0.0,0.0,-0.7071067811865471,-0.7071067811865479,5,1
2013-07-20 16:00:00,6.0,0.0,0.0,0.0,4.0,8.0,18.0,3.0,-0.8660254037844385,-0.5000000000000004,5,0
2013-07-20 17:00:00,16.0,0.0,0.0,0.0,108.0,8.0,132.0,3.0,-0.9659258262890683,-0.25881904510252063,5,0
2013-07-20 18:00:00,0.0,0.0,0.0,0.0,0.0,0.0,0.0,0.0,-1.0,-1.8369701987210297e-16,5,1
2013-07-20 19:00:00,32.0,0.0,4.0,48.0,34.0,12.0,130.0,5.0,-0.9659258262890684,0.2588190451025203,5,0
2013-07-20 20:00:00,0.0,0.0,0.0,0.0,2.0,0.0,2.0,1.0,-0.8660254037844386,0.5000000000000001,5,0
2013-07-20 21:00:00,0.0,0.0,0.0,0.0,4.0,0.0,4.0,1.0,-0.7071067811865477,0.7071067811865474,5,0
2013-07-20 22:00:00,0.0,0.0,0.0,0.0,2.0,0.0,2.0,1.0,-0.5000000000000004,0.8660254037844384,5,0
2013-07-20 23:00:00,0.0,2.0,0.0,0.0,6.0,0.0,8.0,2.0,-0.25881904510252157,0.9659258262890681,5,0
2013-07-21 00:00:00,114.0,118.0,4.0,68.0,48.0,10.0,362.0,6.0,0.0,1.0,6,0
2013-07-21 01:00:00,0.0,24.0,0.0,0.0,0.0,0.0,24.0,1.0,0.25881904510252074,0.9659258262890683,6,0
2013-07-21 02:00:00,0.0,6.0,0.0,0.0,0.0,0.0,6.0,1.0,0.49999999999999994,0.8660254037844387,6,0
2013-07-21 03:00:00,0.0,0.0,0.0,0.0,0.0,0.0,0.0,0.0,0.7071067811865476,0.7071067811865476,6,1
2013-07-21 04:00:00,0.0,0.0,0.0,0.0,0.0,0.0,0.0,0.0,0.8660254037844386,0.5000000000000001,6,1
2013-07-21 05:00:00,0.0,4.0,0.0,0.0,0.0,0.0,4.0,1.0,0.9659258262890683,0.25881904510252074,6,0
2013-07-21 06:00:00,0.0,0.0,0.0,0.0,0.0,0.0,0.0,0.0,1.0,6.123233995736766e-17,6,1
2013-07-21 07:00:00,28.0,52.0,6.0,36.0,46.0,16.0,184.0,6.0,0.9659258262890683,-0.25881904510252063,6,0
2013-07-21 08:00:00,0.0,0.0,2.0,84.0,80.0,0.0,166.0,3.0,0.8660254037844387,-0.4999999999999998,6,0
2013-07-21 09:00:00,90.0,2.0,4.0,48.0,44.0,6.0,194.0,6.0,0.7071067811865476,-0.7071067811865475,6,0
2013-07-21 10:00:00,260.0,246.0,0.0,0.0,70.0,10.0,586.0,4.0,0.49999999999999994,-0.8660254037844387,6,0
2013-07-21 11:00:00,32.0,6.0,14.0,134.0,170.0,40.0,396.0,6.0,0.258819045102521,-0.9659258262890682,6,0
2013-07-21 12:00:00,0.0,254.0,2.0,40.0,102.0,26.0,424.0,5.0,1.2246467991473532e-16,-1.0,6,0
2013-07-21 13:00:00,0.0,348.0,6.0,2.0,160.0,22.0,538.0,5.0,-0.2588190451025208,-0.9659258262890683,6,0
2013-07-21 14:00:00,16.0,38.0,2.0,60.0,68.0,18.0,202.0,6.0,-0.4999999999999997,-0.8660254037844388,6,0
2013-07-21 15:00:00,0.0,74.0,10.0,4.0,30.0,0.0,118.0,4.0,-0.7071067811865471,-0.7071067811865479,6,0
2013-07-21 16:00:00,0.0,122.0,0.0,0.0,20.0,0.0,142.0,2.0,-0.8660254037844385,-0.5000000000000004,6,0
2013-07-21 17:00:00,52.0,0.0,0.0,0.0,44.0,10.0,106.0,3.0,-0.9659258262890683,-0.25881904510252063,6,0
2013-07-21 18:00:00,0.0,0.0,0.0,0.0,0.0,0.0,0.0,0.0,-1.0,-1.8369701987210297e-16,6,1
2013-07-21 19:00:00,20.0,14.0,0.0,0.0,30.0,12.0,76.0,4.0,-0.9659258262890684,0.2588190451025203,6,0
2013-07-21 20:00:00,0.0,0.0,0.0,0.0,18.0,0.0,18.0,1.0,-0.8660254037844386,0.5000000000000001,6,0
2013-07-21 21:00:00,0.0,0.0,0.0,0.0,16.0,0.0,16.0,1.0,-0.7071067811865477,0.7071067811865474,6,0
2013-07-21 22:00:00,0.0,0.0,0.0,0.0,4.0,0.0,4.0,1.0,-0.5000000000000004,0.8660254037844384,6,0
2013-07-21 23:00:00,4.0,204.0,2.0,24.0,58.0,6.0,298.0,6.0,-0.25881904510252157,0.9659258262890681,6,0
2013-07-22 00:00:00,72.0,74.0,0.0,0.0,0.0,0.0,146.0,2.0,0.0,1.0,0,0
2013-07-22 01:00:00,0.0,22.0,0.0,0.0,0.0,0.0,22.0,1.0,0.25881904510252074,0.9659258262890683,0,0
2013-07-22 02:00:00,0.0,0.0,0.0,2.0,0.0,0.0,2.0,1.0,0.49999999999999994,0.8660254037844387,0,0
2013-07-22 03:00:00,0.0,0.0,0.0,0.0,0.0,0.0,0.0,0.0,0.7071067811865476,0.7071067811865476,0,1
2013-07-22 04:00:00,0.0,0.0,0.0,0.0,0.0,0.0,0.0,0.0,0.8660254037844386,0.5000000000000001,0,1
2013-07-22 05:00:00,0.0,2.0,0.0,0.0,0.0,0.0,2.0,1.0,0.9659258262890683,0.25881904510252074,0,0
2013-07-22 06:00:00,0.0,4.0,0.0,0.0,0.0,0.0,4.0,1.0,1.0,6.123233995736766e-17,0,0
2013-07-22 07:00:00,0.0,4.0,0.0,0.0,0.0,0.0,4.0,1.0,0.9659258262890683,-0.25881904510252063,0,0
2013-07-22 08:00:00,64.0,48.0,4.0,50.0,50.0,14.0,230.0,6.0,0.8660254037844387,-0.4999999999999998,0,0
2013-07-22 09:00:00,0.0,0.0,4.0,256.0,56.0,0.0,316.0,3.0,0.7071067811865476,-0.7071067811865475,0,0
2013-07-22 10:00:00,158.0,50.0,2.0,14.0,62.0,2.0,288.0,6.0,0.49999999999999994,-0.8660254037844387,0,0
2013-07-22 11:00:00,60.0,166.0,0.0,0.0,46.0,12.0,284.0,4.0,0.258819045102521,-0.9659258262890682,0,0
2013-07-22 12:00:00,0.0,0.0,0.0,0.0,0.0,0.0,0.0,0.0,1.2246467991473532e-16,-1.0,0,1
2013-07-22 13:00:00,62.0,4.0,12.0,56.0,60.0,10.0,204.0,6.0,-0.2588190451025208,-0.9659258262890683,0,0
2013-07-22 14:00:00,0.0,0.0,0.0,0.0,4.0,0.0,4.0,1.0,-0.4999999999999997,-0.8660254037844388,0,0
2013-07-22 15:00:00,54.0,2.0,0.0,0.0,24.0,8.0,88.0,4.0,-0.7071067811865471,-0.7071067811865479,0,0
2013-07-22 16:00:00,0.0,0.0,6.0,28.0,70.0,8.0,112.0,4.0,-0.8660254037844385,-0.5000000000000004,0,0
2013-07-22 17:00:00,0.0,0.0,2.0,64.0,34.0,8.0,108.0,4.0,-0.9659258262890683,-0.25881904510252063,0,0
2013-07-22 18:00:00,0.0,0.0,0.0,2.0,0.0,0.0,2.0,1.0,-1.0,-1.8369701987210297e-16,0,0
2013-07-22 19:00:00,44.0,4.0,0.0,0.0,23.0,10.0,81.0,4.0,-0.9659258262890684,0.2588190451025203,0,0
2013-07-22 20:00:00,0.0,0.0,0.0,0.0,23.0,0.0,23.0,1.0,-0.8660254037844386,0.5000000000000001,0,0
2013-07-22 21:00:00,0.0,0.0,2.0,182.0,48.0,0.0,232.0,3.0,-0.7071067811865477,0.7071067811865474,0,0
2013-07-22 22:00:00,14.0,2.0,6.0,54.0,60.0,6.0,142.0,6.0,-0.5000000000000004,0.8660254037844384,0,0
2013-07-22 23:00:00,66.0,152.0,0.0,0.0,30.0,0.0,248.0,3.0,-0.25881904510252157,0.9659258262890681,0,0
2013-07-23 00:00:00,0.0,4.0,0.0,0.0,0.0,0.0,4.0,1.0,0.0,1.0,1,0
2013-07-23 01:00:00,0.0,2.0,0.0,0.0,0.0,0.0,2.0,1.0,0.25881904510252074,0.9659258262890683,1,0
2013-07-23 02:00:00,0.0,8.0,0.0,0.0,0.0,0.0,8.0,1.0,0.49999999999999994,0.8660254037844387,1,0
2013-07-23 03:00:00,0.0,12.0,0.0,0.0,0.0,0.0,12.0,1.0,0.7071067811865476,0.7071067811865476,1,0
2013-07-23 04:00:00,0.0,2.0,0.0,0.0,0.0,0.0,2.0,1.0,0.8660254037844386,0.5000000000000001,1,0
2013-07-23 05:00:00,0.0,2.0,0.0,0.0,0.0,0.0,2.0,1.0,0.9659258262890683,0.25881904510252074,1,0
2013-07-23 06:00:00,0.0,0.0,0.0,0.0,0.0,0.0,0.0,0.0,1.0,6.123233995736766e-17,1,1
2013-07-23 07:00:00,0.0,2.0,0.0,0.0,0.0,0.0,2.0,1.0,0.9659258262890683,-0.25881904510252063,1,0
2013-07-23 08:00:00,24.0,54.0,4.0,50.0,46.0,16.0,194.0,6.0,0.8660254037844387,-0.4999999999999998,1,0
2013-07-23 09:00:00,0.0,0.0,4.0,274.0,40.0,0.0,318.0,3.0,0.7071067811865476,-0.7071067811865475,1,0
2013-07-23 10:00:00,0.0,0.0,0.0,0.0,8.0,0.0,8.0,1.0,0.49999999999999994,-0.8660254037844387,1,0
2013-07-23 11:00:00,334.0,532.0,14.0,34.0,58.0,6.0,978.0,6.0,0.258819045102521,-0.9659258262890682,1,0
2013-07-23 12:00:00,48.0,229.0,14.0,66.0,46.0,2.0,405.0,6.0,1.2246467991473532e-16,-1.0,1,0
2013-07-23 13:00:00,2.0,239.0,0.0,0.0,34.0,2.0,277.0,4.0,-0.2588190451025208,-0.9659258262890683,1,0
2013-07-23 14:00:00,10.0,352.0,96.0,16.0,44.0,8.0,526.0,6.0,-0.4999999999999997,-0.8660254037844388,1,0
2013-07-23 15:00:00,36.0,72.0,4.0,50.0,88.0,24.0,274.0,6.0,-0.7071067811865471,-0.7071067811865479,1,0
2013-07-23 16:00:00,0.0,0.0,0.0,0.0,2.0,0.0,2.0,1.0,-0.8660254037844385,-0.5000000000000004,1,0
2013-07-23 17:00:00,0.0,0.0,4.0,112.0,68.0,12.0,196.0,4.0,-0.9659258262890683,-0.25881904510252063,1,0
2013-07-23 18:00:00,0.0,0.0,0.0,0.0,58.0,0.0,58.0,1.0,-1.0,-1.8369701987210297e-16,1,0
2013-07-23 19:00:00,6.0,312.0,14.0,54.0,88.0,8.0,482.0,6.0,-0.9659258262890684,0.2588190451025203,1,0
2013-07-23 20:00:00,0.0,364.0,0.0,0.0,26.0,2.0,392.0,3.0,-0.8660254037844386,0.5000000000000001,1,0
2013-07-23 21:00:00,10.0,524.0,0.0,2.0,46.0,0.0,582.0,4.0,-0.7071067811865477,0.7071067811865474,1,0
2013-07-23 22:00:00,30.0,432.0,0.0,0.0,0.0,0.0,462.0,2.0,-0.5000000000000004,0.8660254037844384,1,0
2013-07-23 23:00:00,22.0,132.0,0.0,0.0,20.0,8.0,182.0,4.0,-0.25881904510252157,0.9659258262890681,1,0
2013-07-24 00:00:00,0.0,0.0,0.0,0.0,0.0,0.0,0.0,0.0,0.0,1.0,2,1
2013-07-24 01:00:00,18.0,112.0,0.0,56.0,32.0,4.0,222.0,5.0,0.25881904510252074,0.9659258262890683,2,0
2013-07-24 02:00:00,0.0,22.0,0.0,0.0,0.0,0.0,22.0,1.0,0.49999999999999994,0.8660254037844387,2,0
2013-07-24 03:00:00,0.0,0.0,0.0,0.0,0.0,0.0,0.0,0.0,0.7071067811865476,0.7071067811865476,2,1
2013-07-24 04:00:00,0.0,12.0,0.0,0.0,0.0,0.0,12.0,1.0,0.8660254037844386,0.5000000000000001,2,0
2013-07-24 05:00:00,0.0,0.0,0.0,0.0,0.0,0.0,0.0,0.0,0.9659258262890683,0.25881904510252074,2,1
2013-07-24 06:00:00,0.0,2.0,0.0,2.0,0.0,0.0,4.0,2.0,1.0,6.123233995736766e-17,2,0
2013-07-24 07:00:00,1.0,34.0,0.0,0.0,0.0,0.0,35.0,2.0,0.9659258262890683,-0.25881904510252063,2,0
2013-07-24 08:00:00,59.0,0.0,2.0,48.0,46.0,16.0,171.0,5.0,0.8660254037844387,-0.4999999999999998,2,0
2013-07-24 09:00:00,0.0,0.0,0.0,254.0,56.0,0.0,310.0,2.0,0.7071067811865476,-0.7071067811865475,2,0
2013-07-24 10:00:00,30.0,354.0,14.0,34.0,68.0,2.0,502.0,6.0,0.49999999999999994,-0.8660254037844387,2,0
2013-07-24 11:00:00,24.0,162.0,6.0,0.0,20.0,2.0,214.0,5.0,0.258819045102521,-0.9659258262890682,2,0
2013-07-24 12:00:00,202.0,70.0,0.0,0.0,28.0,8.0,308.0,4.0,1.2246467991473532e-16,-1.0,2,0
2013-07-24 13:00:00,0.0,0.0,0.0,0.0,0.0,0.0,0.0,0.0,-0.2588190451025208,-0.9659258262890683,2,1
2013-07-24 14:00:00,0.0,0.0,6.0,116.0,38.0,4.0,164.0,4.0,-0.4999999999999997,-0.8660254037844388,2,0
2013-07-24 15:00:00,0.0,338.0,0.0,0.0,32.0,0.0,370.0,2.0,-0.7071067811865471,-0.7071067811865479,2,0
2013-07-24 16:00:00,28.0,102.0,0.0,0.0,42.0,10.0,182.0,4.0,-0.8660254037844385,-0.5000000000000004,2,0
2013-07-24 17:00:00,0.0,0.0,0.0,0.0,0.0,0.0,0.0,0.0,-0.9659258262890683,-0.25881904510252063,2,1
2013-07-24 18:00:00,0.0,0.0,0.0,0.0,0.0,0.0,0.0,0.0,-1.0,-1.8369701987210297e-16,2,1
2013-07-24 19:00:00,60.0,120.0,0.0,0.0,40.0,12.0,232.0,4.0,-0.9659258262890684,0.2588190451025203,2,0
2013-07-24 20:00:00,0.0,206.0,0.0,0.0,46.0,2.0,254.0,3.0,-0.8660254037844386,0.5000000000000001,2,0
2013-07-24 21:00:00,0.0,124.0,0.0,44.0,66.0,8.0,242.0,4.0,-0.7071067811865477,0.7071067811865474,2,0
2013-07-24 22:00:00,0.0,0.0,0.0,0.0,0.0,0.0,0.0,0.0,-0.5000000000000004,0.8660254037844384,2,1
2013-07-24 23:00:00,0.0,0.0,0.0,0.0,2.0,0.0,2.0,1.0,-0.25881904510252157,0.9659258262890681,2,0
2013-07-25 00:00:00,0.0,0.0,0.0,0.0,0.0,0.0,0.0,0.0,0.0,1.0,3,1
2013-07-25 01:00:00,0.0,0.0,0.0,0.0,0.0,0.0,0.0,0.0,0.25881904510252074,0.9659258262890683,3,1
2013-07-25 02:00:00,0.0,0.0,0.0,0.0,2.0,0.0,2.0,1.0,0.49999999999999994,0.8660254037844387,3,0
2013-07-25 03:00:00,0.0,0.0,0.0,0.0,0.0,0.0,0.0,0.0,0.7071067811865476,0.7071067811865476,3,1
2013-07-25 04:00:00,0.0,0.0,0.0,0.0,0.0,0.0,0.0,0.0,0.8660254037844386,0.5000000000000001,3,1
2013-07-25 05:00:00,0.0,0.0,0.0,0.0,0.0,0.0,0.0,0.0,0.9659258262890683,0.25881904510252074,3,1
2013-07-25 06:00:00,0.0,0.0,0.0,0.0,0.0,0.0,0.0,0.0,1.0,6.123233995736766e-17,3,1
2013-07-25 07:00:00,40.0,2.0,2.0,186.0,28.0,16.0,274.0,6.0,0.9659258262890683,-0.25881904510252063,3,0
2013-07-25 08:00:00,4.0,172.0,0.0,0.0,20.0,4.0,200.0,4.0,0.8660254037844387,-0.4999999999999998,3,0
2013-07-25 09:00:00,0.0,206.0,0.0,2.0,14.0,0.0,222.0,3.0,0.7071067811865476,-0.7071067811865475,3,0
2013-07-25 10:00:00,0.0,0.0,0.0,0.0,0.0,0.0,0.0,0.0,0.49999999999999994,-0.8660254037844387,3,1
2013-07-25 11:00:00,28.0,0.0,8.0,352.0,46.0,18.0,452.0,5.0,0.258819045102521,-0.9659258262890682,3,0
