cluster,windows,anomalies,active_windows,active_anomalies,mean_anomaly_score,anomaly_rate,active_anomaly_rate
4,1959,305,1959,305,0.04337035845438732,0.15569167942827974,0.15569167942827974
1,1924,188,1924,188,0.05885516312117999,0.09771309771309772,0.09771309771309772
2,4428,5,4428,5,0.11932226558716316,0.001129177958446251,0.001129177958446251
3,5396,0,5396,0,0.18179525704699445,0.0,0.0
5,4200,0,4200,0,0.14887678657715214,0.0,0.0
0,6973,0,0,0,0.1374564616215213,0.0,
