cluster,Bathroom,Bedroom,DiningRoom,Kitchen,LivingRoom,OutsideDoor,WorkArea
0,0.0,0.0,0.0,0.0,0.0,0.0,0.0
1,35.38773388773389,56.182432432432435,82.34407484407484,319.8425155925156,82.82276507276508,6.845114345114345,34.304573804573806
2,60.75880758807588,69.82497741644083,16.140469738030713,67.01987353206866,76.16485998193315,9.21702800361337,34.57091237579043
3,19.353595255744995,23.863973313565605,0.5791326908821349,1.9584877687175686,2.9040029651593775,0.21793921423276502,3.833024462564863
4,287.05308831036245,205.7136294027565,15.48340990301174,59.73864216436958,88.04134762633997,7.217968351199592,76.02297090352221
5,10.775714285714285,8.866904761904761,8.711666666666666,36.235,33.18952380952381,1.4621428571428572,5.417619047619048
