cluster,n_windows,mean_total_events,mean_unique_sensors,inactive_fraction,peak_hour,top_sensor_1,top_sensor_2
0,6973,0.0,0.0,1.0,1.0,No active sensor,
1,1924,617.7292099792099,5.693866943866944,0.0,18.0,Kitchen,LivingRoom
2,4428,333.69692863595304,6.176377597109305,0.0,8.0,LivingRoom,Bedroom
3,5396,52.71015567086731,1.9177168272794662,0.0,23.0,Bedroom,Bathroom
4,1959,739.271056661562,5.90913731495661,0.0,21.0,Bathroom,Bedroom
5,4200,104.65857142857143,3.1421428571428573,0.0,16.0,Kitchen,LivingRoom
