cluster,Bathroom,Bedroom,DiningRoom,Kitchen,LivingRoom,OutsideDoor,WorkArea
0,0.0,0.0,0.0,0.0,0.0,0.0,0.0
1,0.11064111918384989,0.17565654874979078,0.25745193596770755,1.0,0.25894857948867117,0.021401514843746187,0.10725457727539378
2,0.7977275557584995,0.9167610553344917,0.21191491380486158,0.8799316843484811,1.0,0.12101417905579706,0.4538958304917897
3,0.8109963500815407,1.0,0.024268074862157336,0.08206880484584919,0.12168983458880174,0.009132561932127048,0.16061970955968005
4,1.0,0.7166396662499532,0.05393918593299035,0.20811008345529458,0.30670754369710684,0.02514506425862072,0.26483941124272453
5,0.2973841392497388,0.24470552675327065,0.2404213237661561,1.0,0.9159520852635246,0.04035167261329812,0.1495134275595156
