cluster,Bathroom,Bedroom,DiningRoom,Kitchen,LivingRoom,OutsideDoor
0,0.2149737302977233,0.548737210802839,0.012881371554982026,0.19084708268043138,1.0,0.039727163793898054
1,0.10786752031519331,0.0546971189362226,0.07201428219650333,1.0,0.4453213494213248,0.024519822703767544
2,0.14340058419944296,0.31772637728415193,0.012651993750424565,0.15637524624685822,1.0,0.03856735276136133
3,0.0,0.0,0.0,0.0,0.0,0.0
4,0.7987943123977118,1.0,0.020292488100779268,0.15197970000450442,0.31335865827840426,0.03319769973423822
5,0.3856780459520185,0.5195960474499287,0.0465463506559397,0.39786910197869096,1.0,0.1402285521006982
