cluster,Bathroom,Bedroom,DiningRoom,Kitchen,LivingRoom,OutsideDoor
0,0.0,0.0,0.0,0.0,0.0,0.0
1,0.34510778405914144,0.31347456047710753,0.046903149655215255,0.303833012362552,1.0,0.4180406286885755
2,0.754223475657214,1.0,0.003987693547353289,0.027222532528774577,0.09725668659750392,0.01327705084652645
3,0.056060975453273966,0.040273910495767735,0.0785118841397953,1.0,0.22586922955188005,0.01082553817595456
4,0.0,0.0,0.0,0.0,0.0,0.0
5,0.05912708304654044,0.14537702258749818,0.00869121985884209,0.06814571187266769,1.0,0.008720984310413465
