cluster,Bathroom,Bedroom,DiningRoom,Kitchen,LivingRoom,OutsideDoor
0,0.0,0.0,0.0,0.0,0.0,0.0
1,8.222616933096507,7.468916518650089,1.1175251628182357,7.23919478981646,23.82622853759621,9.960331557134399
2,34.072182006204756,45.17518097207859,0.18014477766287487,1.2297828335056877,4.39358841778697,0.5997931747673216
3,3.5772379912663754,2.569868995633188,5.009825327510917,63.809770742358076,14.412663755458516,0.6907751091703057
4,0.0,0.0,0.0,0.0,0.0,0.0
5,0.47023316368801044,1.156172328086164,0.06912060598887443,0.5419576281216713,7.952923422890283,0.06935732039294591
