cluster,Bathroom,Bedroom,DiningRoom,Kitchen,LivingRoom,OutsideDoor
0,4.394253414978803,11.216674517192653,0.2633066415449835,3.9010833725859633,20.440885539331134,0.8120584079133302
1,25.103151862464184,12.729226361031518,16.759312320916905,232.72206303724928,103.63610315186246,5.706303724928366
2,4.188492063492063,9.280257936507937,0.3695436507936508,4.567460317460317,29.208333333333332,1.1264880952380953
3,0.0,0.0,0.0,0.0,0.0,0.0
4,211.11309523809524,264.28968253968253,5.363095238095238,40.166666666666664,82.81746031746032,8.773809523809524
5,34.50843060959792,46.4907047124946,4.164721141374838,35.599221789883266,89.47470817120623,12.54690877648076
