cluster,windows,anomalies,active_windows,active_anomalies,mean_anomaly_score,anomaly_rate,active_anomaly_rate
4,504,87,504,87,0.02853744978779299,0.17261904761904762,0.17261904761904762
1,698,88,698,88,0.05194373725989659,0.12607449856733524,0.12607449856733524
5,2313,4,2313,4,0.11194901688773687,0.0017293558149589277,0.0017293558149589277
0,2123,0,2123,0,0.16620902161727508,0.0,0.0
2,2016,0,2016,0,0.17107166337787724,0.0,0.0
3,1275,0,0,0,0.1123589603163703,0.0,
