cluster,n_windows,mean_total_events,mean_unique_sensors,inactive_fraction,peak_hour,top_sensor_1,top_sensor_2
0,2123,41.02826189354687,1.4842204427696655,0.0,4.0,LivingRoom,Bedroom
1,698,396.65616045845275,4.501432664756447,0.0,9.0,Kitchen,LivingRoom
2,2016,48.7405753968254,1.5892857142857142,0.0,20.0,LivingRoom,Bedroom
3,1275,0.0,0.0,1.0,18.0,No active sensor,
4,504,612.5238095238095,5.138888888888889,0.0,11.0,Bedroom,Bathroom
5,2313,222.7846952010376,4.82274102896671,0.0,17.0,LivingRoom,Bedroom
